# WaveFront *.obj file (generated by Autodesk ATF)

mtllib zeko body.mtl

g Body1

g Body2

v 41.694733 11.223885 -1.565900
v 42.923403 11.547159 -2.805117
v 44.152095 11.870427 -4.044312
v 45.380824 12.193686 -5.283471
v 46.609575 12.516939 -6.522607
v 43.370415 12.516939 -6.522607
v 42.112430 12.185958 -5.253847
v 40.854452 11.854975 -3.985081
v 39.596485 11.523990 -2.716306
v 38.338524 11.193004 -1.447524
v 38.338280 10.738954 0.292999
v 46.208679 10.738691 0.294010
v 46.208931 11.223733 -1.565321
v 46.694618 12.539362 -6.609616
v 46.694866 12.891204 -8.469493
v 38.155304 12.891347 -8.470632
v 38.155045 12.522659 -6.544602
v 43.391266 12.522483 -6.543923
v 41.694733 11.030361 -1.616385
v 42.923403 11.353635 -2.855601
v 44.152095 11.676903 -4.094796
v 45.380824 12.000162 -5.333955
v 46.609575 12.323415 -6.573091
v 43.370415 12.323415 -6.573091
v 42.112430 11.992434 -5.304332
v 40.854452 11.661452 -4.035566
v 39.596485 11.330467 -2.766790
v 38.338524 10.999480 -1.498008
v 39.072658 11.289403 -2.213216
v 41.221524 11.854793 -4.380545
v 38.338280 10.545431 0.242515
v 46.208679 10.545167 0.243525
v 46.208931 11.030210 -1.615805
v 46.694618 12.345544 -6.658956
v 46.652096 12.431379 -6.591051
v 46.694866 12.692756 -8.494360
v 46.694741 12.644699 -7.546222
v 38.155304 12.692897 -8.495484
v 40.290194 12.792087 -8.482776
v 42.425083 12.792051 -8.482493
v 44.559975 12.792016 -8.482210
v 38.155045 12.329060 -6.594797
v 38.155175 12.641251 -7.528165
v 43.391266 12.328886 -6.594127
v 40.773155 12.425772 -6.569362
v 43.380840 12.422935 -6.558436
v 36.908796 12.323415 -6.573091
v 36.908563 11.879086 -4.869828
v 36.908329 11.434642 -3.166127
v 36.908094 10.990088 -1.462004
v 36.907860 10.545479 0.242332
v 29.454929 10.545728 0.241375
v 29.455185 11.030771 -1.617955
v 34.120937 11.030615 -1.617357
v 34.121128 11.391685 -3.001458
v 29.793024 11.391830 -3.002013
v 29.793270 11.855177 -4.778178
v 34.121372 11.855032 -4.777622
v 34.121609 12.302883 -6.494384
v 29.320789 12.303044 -6.495001
v 29.320800 12.323415 -6.573091
v 27.810570 12.323415 -6.573091
v 27.809635 10.545783 0.241164
v 25.028597 10.545877 0.240806
v 25.029049 11.404386 -3.050148
v 22.115475 10.545974 0.240433
v 18.416729 10.546098 0.239958
v 21.701435 11.403457 -3.046584
v 21.143487 11.633586 -3.928748
v 20.585500 11.863658 -4.810691
v 20.027435 12.093615 -5.692193
v 19.469264 12.323415 -6.573091
v 17.560692 12.323415 -6.573091
v 17.819577 12.178094 -6.016027
v 17.996199 12.025133 -5.429675
v 18.128274 11.709209 -4.218635
v 18.035431 11.391234 -2.999731
v 17.887472 11.236478 -2.406500
v 17.654275 11.087769 -1.836447
v 17.334912 10.949229 -1.305378
v 16.932693 10.825573 -0.831364
v 16.453009 10.721013 -0.430548
v 15.911586 10.637255 -0.109478
v 15.327348 10.575232 0.128277
v 14.717478 10.535101 0.282113
v 13.458814 10.507511 0.387873
v 12.200750 10.534847 0.283087
v 11.590077 10.574587 0.130748
v 11.003602 10.635740 -0.103670
v 10.459617 10.718465 -0.420782
v 9.978265 10.822353 -0.819019
v 9.576136 10.945996 -1.292986
v 9.258960 11.084932 -1.825573
v 9.030376 11.234117 -2.397448
v 8.888499 11.389248 -2.992118
v 8.804093 11.707292 -4.211285
v 8.931393 12.023305 -5.422669
v 9.096496 12.177228 -6.012707
v 9.345121 12.323415 -6.573091
v 5.500000 12.323415 -6.573091
v 5.500000 10.452775 0.597697
v 5.500000 8.582134 7.768485
v 7.132908 8.349339 8.660868
v 8.837780 8.154794 9.406621
v 10.601479 8.000000 10.000000
v 19.300740 8.000000 10.000000
v 28.000000 8.000000 10.000000
v 36.699260 8.000000 10.000000
v 45.398521 8.000000 10.000000
v 47.162220 8.154794 9.406621
v 48.867092 8.349339 8.660868
v 50.500000 8.582134 7.768485
v 50.500000 10.452775 0.597697
v 50.500000 12.323415 -6.573091
v 28.000000 10.161708 1.713454
v 39.250000 10.161708 1.713454
v 16.750000 10.161708 1.713454
v 13.843873 12.516939 -6.522607
v 14.252486 12.486491 -6.405890
v 14.442489 12.461377 -6.309622
v 14.618252 12.430078 -6.189641
v 14.775966 12.393266 -6.048530
v 14.911969 12.351621 -5.888889
v 15.118134 12.257064 -5.526421
v 15.248538 12.153371 -5.128932
v 15.318299 12.046894 -4.720769
v 15.346087 11.832192 -3.897744
v 15.259576 11.618332 -3.077949
v 15.137135 11.514061 -2.678243
v 14.941407 11.417940 -2.309777
v 14.811699 11.375083 -2.145492
v 14.659916 11.336799 -1.998740
v 14.489186 11.303815 -1.872300
v 14.303111 11.276841 -1.768899
v 13.898850 11.242797 -1.638398
v 13.472051 11.232566 -1.599178
v 13.045609 11.242833 -1.638534
v 12.640432 11.276400 -1.767209
v 12.279787 11.334950 -1.991649
v 12.125268 11.372487 -2.135541
v 11.992530 11.414772 -2.297635
v 11.791334 11.510253 -2.663644
v 11.666816 11.614201 -3.062113
v 11.585447 11.828122 -3.882143
v 11.614021 12.042516 -4.703987
v 11.679375 12.149658 -5.114698
v 11.799272 12.254681 -5.517287
v 11.994484 12.350508 -5.884623
v 12.126950 12.392575 -6.045879
v 12.283263 12.429617 -6.187873
v 12.459049 12.461038 -6.308323
v 12.649620 12.486261 -6.405010
v 13.058357 12.516939 -6.522607
v 9.345121 12.516939 -6.522607
v 9.096496 12.370751 -5.962223
v 8.931393 12.216828 -5.372184
v 8.804093 11.900815 -4.160801
v 8.888499 11.582772 -2.941633
v 9.030376 11.427640 -2.346963
v 9.258960 11.278455 -1.775088
v 9.576136 11.139520 -1.242501
v 9.978265 11.015876 -0.768534
v 10.459617 10.911988 -0.370297
v 11.003602 10.829264 -0.053186
v 11.590077 10.768111 0.181233
v 12.200750 10.728370 0.333571
v 13.458814 10.701035 0.438357
v 14.717478 10.728625 0.332597
v 15.327348 10.768756 0.178761
v 15.911586 10.830779 -0.058993
v 16.453009 10.914536 -0.380064
v 16.932693 11.019097 -0.780880
v 17.334912 11.142753 -1.254894
v 17.654275 11.281292 -1.785963
v 17.887472 11.430002 -2.356016
v 18.035431 11.584758 -2.949247
v 18.128274 11.902733 -4.168151
v 17.996199 12.218656 -5.379191
v 17.819577 12.371617 -5.965543
v 17.560692 12.516939 -6.522607
v 13.450909 12.525053 -6.553849
v 17.231697 12.639516 -7.027857
v 16.828105 12.734207 -7.481428
v 16.355848 12.803481 -7.867342
v 15.827336 12.850849 -8.171359
v 15.257467 12.880739 -8.386983
v 14.663180 12.898182 -8.526033
v 13.451512 12.910242 -8.628163
v 12.238659 12.899519 -8.536989
v 11.646065 12.881578 -8.393665
v 11.077876 12.850862 -8.171271
v 10.550023 12.803249 -7.865944
v 10.076977 12.734240 -7.481588
v 9.671797 12.639762 -7.028928
v 13.843873 12.323415 -6.573091
v 14.252486 12.292967 -6.456374
v 14.442489 12.267854 -6.360106
v 14.618252 12.236555 -6.240126
v 14.775966 12.199743 -6.099014
v 14.911969 12.158097 -5.939373
v 15.118134 12.063540 -5.576905
v 15.248538 11.959848 -5.179417
v 15.318299 11.853371 -4.771254
v 15.346087 11.638668 -3.948228
v 15.259576 11.424809 -3.128433
v 15.137135 11.320538 -2.728728
v 14.941407 11.224416 -2.360262
v 14.811699 11.181559 -2.195976
v 14.659916 11.143276 -2.049224
v 14.489186 11.110291 -1.922784
v 14.303111 11.083317 -1.819384
v 13.898850 11.049274 -1.688883
v 13.472051 11.039042 -1.649662
v 13.045609 11.049309 -1.689019
v 12.640432 11.082877 -1.817694
v 12.279787 11.141426 -2.042134
v 12.125268 11.178963 -2.186025
v 11.992530 11.221249 -2.348120
v 11.791334 11.316729 -2.714129
v 11.666816 11.420677 -3.112597
v 11.585447 11.634598 -3.932627
v 11.614021 11.848993 -4.754472
v 11.679375 11.956134 -5.165182
v 11.799272 12.061158 -5.567772
v 11.994484 12.156985 -5.935107
v 12.126950 12.199051 -6.096363
v 12.283263 12.236093 -6.238357
v 12.459049 12.267515 -6.358807
v 12.649620 12.292738 -6.455495
v 13.058357 12.323415 -6.573091
v 13.450909 12.331423 -6.603923
v 13.553834 12.427720 -6.576878
v 13.327522 12.427520 -6.576101
v 13.139103 12.423294 -6.559815
v 17.231697 12.444379 -7.071694
v 16.828105 12.537825 -7.519296
v 16.355848 12.606187 -7.900133
v 15.827336 12.652932 -8.200149
v 15.257467 12.682429 -8.412936
v 14.663180 12.699642 -8.550157
v 13.451512 12.711544 -8.650942
v 12.238659 12.700962 -8.560969
v 11.646065 12.683256 -8.419530
v 11.077876 12.652945 -8.200062
v 10.550023 12.605959 -7.898753
v 10.076977 12.537857 -7.519454
v 9.671797 12.444623 -7.072750
v 9.769228 12.569020 -7.172607
v 10.313459 12.674346 -7.706799
v 10.954600 12.742848 -8.124461
v 11.664887 12.783169 -8.412393
v 12.509413 12.805080 -8.589254
v 13.370695 12.810900 -8.639633
v 15.082351 12.787815 -8.448356
v 15.842523 12.750852 -8.178635
v 16.529584 12.683234 -7.757121
v 17.074663 12.583825 -7.242002
v 50.500000 12.729298 -8.813661
v 50.500000 12.791361 -11.089851
v 50.500000 12.508175 -13.349209
v 39.250000 12.508175 -13.349209
v 28.000000 12.508175 -13.349209
v 16.750000 12.508175 -13.349209
v 5.500000 12.508175 -13.349209
v 5.500000 12.791361 -11.089851
v 5.500000 12.729298 -8.813661
v 18.270584 12.693224 -8.498101
v 21.695368 12.693168 -8.497652
v 22.697824 12.323415 -6.573091
v 25.029531 12.323415 -6.573091
v 25.029791 12.693113 -8.497211
v 27.810829 12.693067 -8.496846
v 29.321062 12.693043 -8.496648
v 36.909054 12.692917 -8.495648
v 39.250000 12.803583 -9.950576
v 28.000000 12.803583 -9.950576
v 16.750000 12.803583 -9.950576
v 36.908796 12.516939 -6.522607
v 36.909054 12.891368 -8.470798
v 29.321062 12.891494 -8.471811
v 29.320800 12.516939 -6.522607
v 36.907860 10.739002 0.292816
v 36.908094 11.183612 -1.411520
v 36.908329 11.628165 -3.115642
v 36.908563 12.072609 -4.819344
v 29.320789 12.496567 -6.444516
v 34.121609 12.496406 -6.443900
v 34.121372 12.048555 -4.727138
v 29.793270 12.048700 -4.727693
v 29.793024 11.585353 -2.951529
v 34.121128 11.585208 -2.950974
v 34.120937 11.224138 -1.566872
v 29.455185 11.224294 -1.567471
v 29.454929 10.739252 0.291859
v 36.908924 12.636106 -7.501349
v 33.115058 12.792206 -8.483726
v 29.320932 12.639277 -7.517870
v 27.810570 12.516939 -6.522607
v 27.810829 12.891520 -8.472012
v 25.029791 12.891566 -8.472382
v 25.029531 12.516939 -6.522607
v 22.697824 12.516939 -6.522607
v 21.695368 12.891622 -8.472828
v 18.270584 12.891679 -8.473283
v 19.469264 12.516939 -6.522607
v 27.809635 10.739307 0.291648
v 25.029499 12.456831 -6.292196
v 23.592545 12.076971 -4.836066
v 20.027435 12.287139 -5.641708
v 20.585500 12.057182 -4.760207
v 21.143487 11.827110 -3.878264
v 21.701435 11.596980 -2.996100
v 18.416729 10.739621 0.290442
v 22.115475 10.739498 0.290917
v 25.029049 11.597910 -2.999664
v 25.028597 10.739400 0.291291
v 27.810698 12.636218 -7.501931
v 26.420310 12.792317 -8.484613
v 25.029662 12.639303 -7.518006
v 22.200700 12.636636 -7.504120
v 19.982976 12.792423 -8.485466
v 18.867159 12.638839 -7.515498
v 25.029499 12.263308 -6.342680
v 23.592545 11.883448 -4.886550
v 52.000000 -7.500000 1.500000
v 52.000000 -7.321394 2.953054
v 52.000000 -6.796211 4.319601
v 52.000000 -5.955717 5.518282
v 50.953972 -5.117976 6.286163
v 50.014495 -4.128909 6.893392
v 49.609851 -3.566713 7.132819
v 49.261237 -2.921922 7.329074
v 49.025689 -2.220383 7.456596
v 48.943778 -1.500000 7.500000
v 50.932023 -1.500000 7.500000
v 50.971342 -2.048799 7.474845
v 51.090260 -2.601467 7.398020
v 51.516310 -3.618968 7.113357
v 52.084953 -4.476750 6.709506
v 52.770240 -5.249926 6.183808
v 53.000000 -5.468627 6.000000
v 53.000000 -6.326703 5.064118
v 53.000000 -6.968627 3.968627
v 53.000000 -7.365653 2.762584
v 53.000000 -7.500000 1.500000
v 4.000000 -5.955717 5.518282
v 4.000000 -6.796211 4.319601
v 4.000000 -7.321394 2.953054
v 4.000000 -7.500000 1.500000
v 3.000000 -7.500000 1.500000
v 3.000000 -7.365653 2.762584
v 3.000000 -6.968627 3.968627
v 3.000000 -6.326703 5.064118
v 3.000000 -5.468627 6.000000
v 3.229760 -5.249926 6.183808
v 3.915047 -4.476750 6.709506
v 4.483691 -3.618968 7.113357
v 4.909740 -2.601467 7.398020
v 5.028658 -2.048799 7.474845
v 5.067977 -1.500000 7.500000
v 7.056222 -1.500000 7.500000
v 6.974311 -2.220383 7.456596
v 6.738763 -2.921922 7.329074
v 6.390149 -3.566713 7.132819
v 5.985505 -4.128909 6.893392
v 5.046028 -5.117976 6.286163
v 52.000000 -7.500000 -1.500000
v 53.000000 -7.500000 -1.500000
v 52.000000 -1.500000 -7.500000
v 52.000000 -3.052914 -7.295555
v 52.000000 -4.500000 -6.696152
v 52.000000 -5.742641 -5.742641
v 52.000000 -6.696152 -4.500000
v 52.000000 -7.295555 -3.052914
v 53.000000 -7.295555 -3.052914
v 53.000000 -6.696152 -4.500000
v 53.000000 -5.742641 -5.742641
v 53.000000 -4.500000 -6.696152
v 53.000000 -3.052914 -7.295555
v 53.000000 -1.500000 -7.500000
v 48.943778 1.500000 7.500000
v 50.932023 1.500000 7.500000
v 7.056222 1.500000 7.500000
v 5.067977 1.500000 7.500000
v 52.000000 1.500000 -7.500000
v 53.000000 1.500000 -7.500000
v 49.025689 2.220383 7.456596
v 49.261237 2.921922 7.329074
v 49.609851 3.566713 7.132819
v 50.014495 4.128909 6.893392
v 50.953972 5.117976 6.286163
v 52.000000 5.955717 5.518282
v 52.000000 6.371569 5.002544
v 52.000000 6.728026 4.444102
v 52.000000 7.020743 3.849766
v 51.998595 7.305704 3.014531
v 52.000000 7.465065 2.146532
v 52.000000 7.484465 1.931487
v 52.000000 7.496115 1.715883
v 52.000000 7.500000 1.500000
v 53.000000 7.500000 1.500000
v 53.000000 7.496115 1.715883
v 53.000000 7.484465 1.931487
v 53.000000 7.465065 2.146532
v 52.999157 7.305704 3.014531
v 53.000000 7.020743 3.849766
v 53.000000 6.612153 4.641001
v 53.000000 6.090954 5.363048
v 53.000000 5.468627 6.000000
v 52.770240 5.249926 6.183808
v 52.084953 4.476750 6.709506
v 51.516310 3.618968 7.113357
v 51.090260 2.601467 7.398020
v 50.971342 2.048799 7.474845
v 4.000000 5.955717 5.518282
v 5.046028 5.117976 6.286163
v 5.985505 4.128909 6.893392
v 6.390149 3.566713 7.132819
v 6.738763 2.921922 7.329074
v 6.974311 2.220383 7.456596
v 5.028658 2.048799 7.474845
v 4.909740 2.601467 7.398020
v 4.483691 3.618968 7.113357
v 3.915047 4.476750 6.709506
v 3.229760 5.249926 6.183808
v 3.000000 5.468627 6.000000
v 3.000000 6.090954 5.363048
v 3.000000 6.612153 4.641001
v 3.000000 7.020743 3.849766
v 3.000843 7.305704 3.014531
v 3.000000 7.465065 2.146532
v 3.000000 7.484465 1.931487
v 3.000000 7.496115 1.715883
v 3.000000 7.500000 1.500000
v 4.000000 7.500000 1.500000
v 4.000000 7.496115 1.715883
v 4.000000 7.484465 1.931487
v 4.000000 7.465065 2.146532
v 4.001405 7.305704 3.014531
v 4.000000 7.020743 3.849766
v 4.000000 6.728026 4.444102
v 4.000000 6.371569 5.002544
v 52.000000 7.500000 -1.500000
v 52.000000 7.295555 -3.052914
v 52.000000 6.696152 -4.500000
v 52.000000 5.742641 -5.742641
v 52.000000 4.500000 -6.696152
v 52.000000 3.052914 -7.295555
v 53.000000 3.052914 -7.295555
v 53.000000 4.500000 -6.696152
v 53.000000 5.742641 -5.742641
v 53.000000 6.696152 -4.500000
v 53.000000 7.295555 -3.052914
v 53.000000 7.500000 -1.500000
v 4.000000 7.500000 -1.500000
v 3.000000 7.500000 -1.500000
v 4.000000 1.500000 -7.500000
v 4.000000 3.052914 -7.295555
v 4.000000 4.500000 -6.696152
v 4.000000 5.742641 -5.742641
v 4.000000 6.696152 -4.500000
v 4.000000 7.295555 -3.052914
v 3.000000 7.295555 -3.052914
v 3.000000 6.696152 -4.500000
v 3.000000 5.742641 -5.742641
v 3.000000 4.500000 -6.696152
v 3.000000 3.052914 -7.295555
v 3.000000 1.500000 -7.500000
v 4.000000 -1.500000 -7.500000
v 3.000000 -1.500000 -7.500000
v 4.000000 -7.500000 -1.500000
v 4.000000 -7.295555 -3.052914
v 4.000000 -6.696152 -4.500000
v 4.000000 -5.742641 -5.742641
v 4.000000 -4.500000 -6.696152
v 4.000000 -3.052914 -7.295555
v 3.000000 -3.052914 -7.295555
v 3.000000 -4.500000 -6.696152
v 3.000000 -5.742641 -5.742641
v 3.000000 -6.696152 -4.500000
v 3.000000 -7.295555 -3.052914
v 3.000000 -7.500000 -1.500000
v 4.000000 6.585478 5.518282
v 4.031614 6.895580 5.543049
v 4.072463 7.046623 5.574903
v 4.129670 7.189603 5.619227
v 4.286896 7.439545 5.739373
v 4.483515 7.629325 5.886218
v 4.714473 7.766037 6.054016
v 4.970381 7.849008 6.234287
v 5.237490 7.877173 6.416103
v 5.500000 7.856372 6.588953
v 7.820693 7.518950 7.882402
v 10.291066 7.263900 8.860095
v 12.868385 7.095633 9.505119
v 12.868385 0.176719 9.505119
v 12.868385 -6.742195 9.505119
v 11.548534 -7.178281 9.218584
v 10.404221 -7.794967 8.895980
v 9.928974 -8.176053 8.740120
v 9.541312 -8.603293 8.603694
v 9.254047 -9.066771 8.496556
v 9.077508 -9.555820 8.426792
v 8.545096 -9.655161 8.208508
v 8.019118 -9.761363 7.975149
v 7.500000 -9.874340 7.726902
v 6.866318 -9.960182 7.398631
v 6.223913 -9.924064 7.035998
v 5.613964 -9.752820 6.662143
v 5.072544 -9.446416 6.304600
v 4.619222 -9.005318 5.985451
v 4.429340 -8.730066 5.846144
v 4.271568 -8.423843 5.727770
v 4.149542 -8.092916 5.634559
v 4.064268 -7.744717 5.568526
v 4.000000 -7.034073 5.518282
v 9.708986 -1.041504 8.663152
v 4.000000 9.904372 -7.204146
v 4.051111 10.280029 -7.106148
v 4.200962 10.630085 -7.014829
v 4.439340 10.930685 -6.936412
v 4.750000 11.161344 -6.876240
v 5.111771 11.306342 -6.838415
v 5.500000 11.355798 -6.825513
v 5.500000 9.606085 -0.118280
v 4.051111 8.530316 -0.398916
v 4.200962 8.880372 -0.307597
v 4.439340 9.180972 -0.229179
v 4.750000 9.411631 -0.169007
v 5.111771 9.556629 -0.131182
v 52.000000 6.585478 5.518282
v 52.000000 9.904372 -7.204146
v 52.000000 10.242607 -9.071287
v 52.000000 10.294327 -10.968112
v 52.000000 10.058338 -12.850911
v 52.000000 9.658069 -14.904960
v 52.000000 9.291566 -16.965302
v 52.000000 8.958928 -19.031382
v 52.000000 1.175751 -19.031382
v 52.000000 -6.607426 -19.031382
v 52.000000 -7.073470 -11.732833
v 52.000000 -7.621038 -4.439948
v 52.000000 -8.250061 2.846364
v 52.000000 -7.034073 5.518282
v 52.000000 1.022133 -10.848160
v 52.770240 7.493804 6.183808
v 52.580930 7.804712 6.333496
v 52.352688 8.061656 6.509381
v 52.094347 8.266565 6.702589
v 51.803877 8.426142 6.912640
v 51.160545 8.598918 7.352068
v 44.708006 8.000000 10.186483
v 44.011593 8.000000 10.349567
v 43.310076 8.000000 10.489066
v 43.310076 0.628902 10.489066
v 43.310076 -6.742195 10.489066
v 44.841991 -7.238654 10.152230
v 46.126345 -7.956922 9.775933
v 46.633311 -8.404086 9.602778
v 47.016511 -8.900949 9.462272
v 47.156291 -9.166339 9.408911
v 47.258104 -9.440443 9.369337
v 47.319656 -9.719147 9.345122
v 47.340199 -10.000000 9.336985
v 47.325486 -10.237629 9.342811
v 47.720358 -10.310820 9.181986
v 48.111915 -10.387610 9.013253
v 48.500000 -10.467969 8.836679
v 49.151295 -10.560578 8.518716
v 49.815529 -10.557471 8.165268
v 50.463918 -10.448451 7.790238
v 51.070971 -10.230619 7.410553
v 51.613826 -9.908069 7.046088
v 52.086390 -9.478590 6.708426
v 52.481052 -8.932450 6.411069
v 52.770240 -8.290807 6.183808
v 49.869302 -0.980830 8.135353
v 46.687063 -0.980830 9.583568
v 53.000000 6.459812 6.000000
v 52.985429 6.735317 6.011657
v 52.941885 7.001529 6.046492
v 52.869875 7.255344 6.104100
v 52.942189 -7.583751 6.046249
v 53.000000 -6.814843 6.000000
v 53.000000 9.904372 -7.204146
v 52.914815 10.530466 -7.040817
v 52.665064 11.113893 -6.888619
v 52.267767 11.614894 -6.757923
v 51.750000 11.999325 -6.657636
v 51.147048 12.240988 -6.594594
v 52.914815 8.659826 0.129971
v 52.665064 9.243253 0.282170
v 52.267767 9.744253 0.412865
v 51.750000 10.128684 0.513152
v 51.147048 10.370348 0.576194
v 3.229760 7.493804 6.183808
v 3.130125 7.255344 6.104100
v 3.058115 7.001529 6.046492
v 3.014571 6.735317 6.011657
v 3.000000 6.459812 6.000000
v 3.000000 9.904372 -7.204146
v 3.000000 10.242607 -9.071287
v 3.000000 10.294327 -10.968112
v 3.000000 10.058338 -12.850911
v 3.000000 9.652284 -14.936021
v 3.000000 9.281026 -17.027607
v 3.000000 8.944665 -19.125088
v 3.000000 1.171345 -19.125088
v 3.000000 -6.601975 -19.125088
v 3.000000 -7.069136 -11.795260
v 3.000000 -7.618522 -4.471135
v 3.000000 -8.250061 2.846364
v 3.000000 -6.814843 6.000000
v 3.000000 1.022133 -10.750059
v 25.307418 7.000000 10.500000
v 30.692582 7.000000 10.500000
v 28.915729 7.443886 10.500000
v 27.084271 7.443886 10.500000
v 21.594395 -3.901054 13.000000
v 22.144045 -4.685810 12.958769
v 22.785738 -5.390785 12.850498
v 24.323554 -6.537074 12.521484
v 26.107430 -7.257275 12.207153
v 27.050241 -7.439464 12.113093
v 28.000000 -7.500000 12.080090
v 28.949759 -7.439464 12.113093
v 29.892570 -7.257275 12.207153
v 31.676446 -6.537074 12.521484
v 33.214262 -5.390785 12.850498
v 33.855955 -4.685810 12.958769
v 34.405605 -3.901054 13.000000
v 35.006793 -2.674857 13.000000
v 35.375668 -1.359973 13.000000
v 35.500000 0.000000 13.000000
v 35.244444 1.941143 13.000000
v 34.495191 3.750000 13.000000
v 33.303301 5.303301 13.000000
v 31.750000 6.495191 13.000000
v 29.941143 7.244444 13.000000
v 28.000000 7.500000 13.000000
v 26.058857 7.244444 13.000000
v 24.250000 6.495191 13.000000
v 22.696699 5.303301 13.000000
v 21.504809 3.750000 13.000000
v 20.755556 1.941143 13.000000
v 20.500000 0.000000 13.000000
v 20.624332 -1.359973 13.000000
v 20.993207 -2.674857 13.000000
v 30.692582 7.000000 12.000000
v 32.277823 6.160376 12.000000
v 33.618337 4.968329 12.000000
v 34.637437 3.492053 12.000000
v 35.276821 1.816004 12.000000
v 35.444957 0.905867 11.922292
v 35.500000 0.000000 11.897142
v 35.444957 -0.905867 11.922292
v 35.276821 -1.816004 12.000000
v 35.057098 -2.539168 12.000000
v 34.765706 -3.236545 12.000000
v 34.405605 -3.901054 12.000000
v 33.836961 -4.709515 11.949516
v 33.200751 -5.403755 11.823792
v 31.670167 -6.540551 11.439909
v 29.888418 -7.258331 11.065881
v 28.946689 -7.439884 10.952441
v 28.000000 -7.500000 10.912725
v 27.053311 -7.439884 10.952441
v 26.111582 -7.258331 11.065881
v 24.329833 -6.540551 11.439909
v 22.799249 -5.403755 11.823792
v 22.163039 -4.709515 11.949516
v 21.594395 -3.901054 12.000000
v 21.234294 -3.236545 12.000000
v 20.942902 -2.539168 12.000000
v 20.723179 -1.816004 12.000000
v 20.555043 -0.905866 11.922292
v 20.500000 -0.000000 11.897142
v 20.555043 0.905866 11.922292
v 20.723179 1.816004 12.000000
v 21.362563 3.492053 12.000000
v 22.381663 4.968329 12.000000
v 23.722177 6.160376 12.000000
v 25.307418 7.000000 12.000000
v 20.723179 7.000000 12.000000
v 18.901276 7.000000 11.219090
v 17.034841 7.000000 10.551582
v 15.130922 7.000000 10.000000
v 23.710307 7.000000 10.000000
v 32.289693 7.000000 10.000000
v 40.869078 7.000000 10.000000
v 38.965159 7.000000 10.551582
v 37.098724 7.000000 11.219090
v 35.276821 7.000000 12.000000
v 20.723179 -3.509301 12.000000
v 16.839149 -4.981221 10.488996
v 13.271220 7.075882 9.580829
v 13.673060 7.054798 9.661653
v 14.073841 7.032383 9.747578
v 16.854932 0.176719 10.493993
v 20.750240 -3.901054 12.000000
v 35.276821 -3.509301 12.000000
v 35.249760 -3.901054 12.000000
v 41.926159 7.032383 9.747578
v 23.357947 7.032383 9.747578
v 32.642053 7.032383 9.747578
v 13.015581 7.543329 -58.742778
v 13.019740 7.542077 -58.764740
v 13.023897 7.541325 -58.786725
v 13.028050 7.541074 -58.808723
v 13.037541 7.541165 -58.807697
v 13.047311 7.541195 -58.808140
v 13.047311 7.541455 -58.785357
v 13.047311 7.542233 -58.762586
v 13.047311 7.543530 -58.739838
v 13.034012 7.551058 -58.775490
v 12.637665 7.488069 -58.813600
v 12.286136 7.335785 -58.878324
v 11.984565 7.096688 -58.932610
v 11.753176 6.786813 -58.972817
v 11.607485 6.426937 -58.996249
v 11.557263 6.041195 -59.001335
v 11.610687 6.426358 -59.013184
v 11.759365 6.785693 -59.005550
v 11.993326 7.095104 -58.978947
v 12.296881 7.333842 -58.935158
v 12.649675 7.485897 -58.877119
v 11.580623 6.332963 -59.003495
v 12.460139 7.427624 -58.874631
v 12.735062 7.515535 -58.825656
v 12.206778 7.287248 -58.917735
v 11.984369 7.100005 -58.953384
v 11.801963 6.872329 -58.980088
v 11.665729 6.613365 -58.996991
v 23.015770 7.541195 -58.808140
v 32.984230 7.541195 -58.808140
v 42.952689 7.541195 -58.808140
v 42.952689 7.541455 -58.785357
v 42.952689 7.542233 -58.762586
v 42.952689 7.543530 -58.739838
v 32.984230 7.543530 -58.739838
v 23.015770 7.543530 -58.739838
v 42.971950 7.541074 -58.808723
v 42.976103 7.541325 -58.786725
v 42.980260 7.542077 -58.764740
v 42.984419 7.543329 -58.742778
v 42.962459 7.541165 -58.807697
v 42.965451 7.551062 -58.775440
v 43.350325 7.485897 -58.877119
v 43.703119 7.333842 -58.935158
v 44.006674 7.095104 -58.978947
v 44.240635 6.785693 -59.005550
v 44.389313 6.426358 -59.013184
v 44.442737 6.041195 -59.001335
v 44.392515 6.426937 -58.996249
v 44.246824 6.786813 -58.972817
v 44.015435 7.096688 -58.932610
v 43.713864 7.335785 -58.878324
v 43.362335 7.488069 -58.813600
v 43.264928 7.515527 -58.825654
v 43.539674 7.427222 -58.874582
v 43.793121 7.287032 -58.917709
v 44.015631 7.100005 -58.953384
v 44.198250 6.872433 -58.980131
v 44.334664 6.613558 -58.997072
v 44.419382 6.332973 -59.003496
v 5.500000 11.734622 -8.916711
v 5.500000 11.792547 -11.041155
v 5.500000 11.528240 -13.149890
v 16.750000 11.528240 -13.149890
v 28.000000 11.528240 -13.149890
v 39.250000 11.528240 -13.149890
v 50.500000 11.528240 -13.149890
v 50.500000 11.792547 -11.041155
v 50.500000 11.734622 -8.916711
v 50.500000 11.355798 -6.825513
v 39.250000 11.355798 -6.825513
v 28.000000 11.355798 -6.825513
v 16.750000 11.355798 -6.825513
v 16.750000 11.803955 -9.977833
v 28.000000 11.803955 -9.977833
v 39.250000 11.803955 -9.977833
v 50.500000 9.606085 -0.118280
v 50.500000 7.856372 6.588953
v 48.179307 7.518950 7.882402
v 45.708934 7.263900 8.860095
v 43.131615 7.095633 9.505119
v 42.728780 7.075882 9.580829
v 42.326940 7.054798 9.661653
v 16.750000 9.194090 1.461033
v 28.000000 9.194090 1.461033
v 39.250000 9.194090 1.461033
v 51.935972 -7.743459 5.568338
v 51.851149 -8.090598 5.634029
v 51.729843 -8.420657 5.726700
v 51.572865 -8.726333 5.844505
v 51.383571 -9.001827 5.983431
v 50.929722 -9.444748 6.303056
v 50.389629 -9.751346 6.659857
v 49.778784 -9.923631 7.034413
v 49.134671 -9.960227 7.398097
v 48.500000 -9.874340 7.726902
v 47.980882 -9.761363 7.975149
v 47.454904 -9.655161 8.208508
v 46.922492 -9.555820 8.426792
v 46.748993 -9.062403 8.494133
v 46.461039 -8.599625 8.601899
v 46.072103 -8.175624 8.739539
v 45.597578 -7.796081 8.895342
v 44.454606 -7.179574 9.218931
v 43.131615 -6.742195 9.505119
v 43.131615 0.176719 9.505119
v 50.762510 7.877173 6.416103
v 51.029619 7.849008 6.234287
v 51.285527 7.766037 6.054016
v 51.516485 7.629325 5.886218
v 51.713104 7.439545 5.739373
v 51.870330 7.189603 5.619227
v 51.927537 7.046623 5.574903
v 51.968386 6.895580 5.543049
v 46.291014 -1.041527 8.663152
v 39.160869 -4.981183 10.489017
v 39.145075 0.176719 10.493991
v 13.360772 -8.022911 9.446073
v 13.882806 -9.246819 9.105768
v 11.426413 -9.312657 8.961101
v 10.222427 -9.398416 8.772659
v 10.125815 -8.878625 8.780172
v 11.867748 -8.595424 9.148705
v 10.687111 -9.202470 8.878200
v 10.775659 -8.358055 8.976698
v 11.279036 -8.833388 9.022093
v 10.795517 -9.118228 8.905751
v 10.244838 -8.759958 8.817833
v 11.421832 -8.021190 9.149257
v 45.782483 -9.398907 8.771582
v 44.594636 -9.313676 8.958861
v 42.117194 -9.246819 9.105768
v 42.639228 -8.022911 9.446073
v 44.068773 -8.574209 9.161301
v 44.508474 -7.991152 9.166394
v 45.334212 -9.220029 8.872660
v 45.814449 -8.816779 8.799094
v 45.897560 -8.903393 8.772602
v 44.830183 -8.887978 8.996729
v 45.344201 -8.435228 8.942086
v 45.258517 -9.158528 8.892039
v 44.469069 -8.721358 9.078221
v 44.947810 -8.199654 9.053225
v 33.930989 -9.131606 9.358929
v 34.314067 -8.103237 10.458998
v 34.676521 -6.844848 11.295181
v 34.995477 -5.418527 11.820387
v 36.818400 -8.902307 9.503242
v 36.618509 -5.164795 11.305883
v 40.608260 -6.436558 10.021475
v 40.768483 -9.170221 9.176566
v 41.098448 -8.461421 9.467498
v 41.315019 -7.966071 9.606277
v 41.526415 -7.457887 9.698880
v 41.767136 -6.846810 9.748133
v 36.232522 -6.203964 11.152490
v 35.865856 -7.036860 10.885129
v 35.470789 -7.806532 10.496198
v 34.846071 -8.805843 9.709532
v 39.460612 -6.043247 10.335379
v 39.149391 -6.839363 10.251875
v 38.868698 -7.492626 10.096263
v 38.576090 -8.117449 9.864171
v 38.124396 -8.981789 9.382040
v 39.441439 -9.071784 9.272835
v 37.335467 -7.974774 10.098145
v 37.667587 -7.289425 10.387047
v 37.982546 -6.564167 10.582261
v 38.325602 -5.672880 10.689238
v 40.331303 -7.139157 9.956942
v 40.085150 -7.719870 9.835397
v 39.830987 -8.281043 9.653331
v 28.000000 -9.131606 9.358929
v 22.069011 -9.131606 9.358929
v 21.685933 -8.103237 10.458998
v 21.323479 -6.844848 11.295181
v 21.004523 -5.418527 11.820387
v 28.000000 -8.103237 10.458998
v 19.354989 -5.172134 11.295510
v 21.123224 -8.807091 9.706113
v 20.500277 -7.808644 10.489604
v 20.106224 -7.040204 10.876842
v 19.740363 -6.208966 11.142956
v 15.364078 -6.446221 10.014443
v 15.640188 -7.146601 9.950317
v 15.885510 -7.725571 9.829525
v 16.138762 -8.285188 9.648575
v 16.526854 -9.074053 9.270372
v 17.620278 -5.690028 10.671366
v 17.961869 -6.576719 10.565629
v 18.275192 -7.298545 10.372446
v 18.605390 -7.981077 10.086425
v 19.119238 -8.905848 9.497170
v 18.492176 -5.421044 10.971719
v 18.856626 -6.382484 10.844352
v 19.196332 -7.159487 10.616583
v 19.558023 -7.886406 10.282019
v 20.125104 -8.852226 9.598516
v 4.000000 -6.607426 -19.031382
v 4.000208 -6.645560 -19.032480
v 5.828420 -6.144460 -28.701795
v 7.657833 -5.786453 -38.377465
v 9.488048 -5.571617 -48.057371
v 11.318663 -5.500000 -57.739397
v 12.313304 -5.500000 -63.000000
v 12.313304 0.270597 -63.000000
v 12.313304 6.041195 -63.000000
v 9.538516 6.772170 -48.324296
v 7.519770 7.503145 -37.647256
v 6.342564 7.699053 -31.421078
v 5.168573 8.198828 -25.211900
v 4.000598 9.001277 -19.034543
v 4.000000 8.958928 -19.031382
v 4.000000 1.175751 -19.031382
v 10.234978 1.177332 -52.007845
v 8.156652 1.176805 -41.015691
v 6.078326 1.176278 -30.023536
v 4.000000 -8.250061 2.846364
v 4.000000 -7.621038 -4.439948
v 4.000000 -7.073470 -11.732833
v 4.000000 9.291566 -16.965302
v 4.000000 9.658069 -14.904960
v 4.000000 10.058338 -12.850911
v 4.000000 10.294327 -10.968112
v 4.000000 10.242607 -9.071287
v 4.000000 1.022133 -10.848160
v 8.939747 8.999721 -37.450748
v 7.247388 9.398429 -28.251855
v 5.500000 10.463040 -19.118743
v 5.498016 10.463010 -19.118924
v 5.211353 10.431271 -19.140909
v 4.935204 10.345989 -19.153677
v 4.679913 10.210322 -19.156745
v 4.454675 10.029067 -19.149988
v 4.268006 9.808913 -19.133637
v 4.126840 9.557865 -19.108273
v 4.036564 9.285280 -19.074830
v 7.548504 7.779686 -37.657918
v 7.626587 8.046496 -37.658698
v 7.750678 8.294755 -37.649709
v 7.917412 8.515649 -37.631073
v 8.121677 8.701478 -37.603303
v 8.355523 8.846873 -37.567583
v 8.610741 8.946745 -37.525166
v 5.482433 8.277031 -26.774445
v 7.299417 9.268971 -29.761219
v 7.076207 9.212198 -29.799563
v 6.863969 9.120980 -29.833491
v 6.667789 8.997662 -29.862202
v 6.492500 8.845107 -29.884975
v 6.342255 8.667123 -29.901284
v 6.220805 8.467927 -29.910708
v 6.130967 8.252425 -29.913045
v 6.075054 8.025784 -29.908212
v 6.706516 9.517468 -26.658158
v 6.483909 9.460096 -26.694921
v 6.272178 9.368588 -26.726459
v 6.076370 9.245282 -26.752034
v 5.901279 9.093026 -26.771004
v 5.751030 8.915596 -26.782941
v 5.629350 8.717172 -26.787527
v 5.539049 8.502612 -26.784682
v 5.500000 10.786173 -17.123514
v 5.500000 11.141271 -15.133726
v 5.111771 11.478155 -13.139702
v 4.750000 11.331311 -13.109834
v 4.439340 11.097716 -13.062321
v 4.200962 10.793289 -13.000400
v 4.051111 10.438777 -12.928292
v 5.111771 11.752862 -9.979226
v 4.750000 11.603067 -9.983310
v 4.439340 11.364778 -9.989807
v 4.200962 11.054233 -9.998275
v 4.051111 10.692596 -10.008135
v 47.065763 9.000843 -37.421541
v 37.534259 9.002335 -37.431698
v 28.002755 9.002335 -37.431698
v 18.471251 9.002335 -37.431698
v 11.001849 8.272489 -48.092256
v 45.000907 8.273486 -48.077683
v 37.534259 8.273175 -48.082234
v 28.002755 8.273175 -48.082234
v 18.471251 8.273175 -48.082234
v 12.365321 6.429424 -63.000000
v 12.517827 6.791195 -63.000000
v 12.760428 7.101855 -63.000000
v 13.076593 7.340233 -63.000000
v 13.444774 7.490084 -63.000000
v 13.839881 7.541195 -63.000000
v 10.263806 6.913475 -51.889599
v 8.916128 7.401461 -44.761805
v 10.413226 7.272000 -51.885893
v 9.065548 7.759985 -44.758099
v 10.647826 7.580713 -51.862672
v 9.300149 8.068698 -44.734878
v 10.951875 7.818912 -51.821492
v 9.604197 8.306898 -44.693698
v 11.304536 7.970498 -51.765191
v 9.956406 8.458356 -44.637474
v 51.948889 10.438777 -12.928292
v 51.799038 10.793289 -13.000400
v 51.560660 11.097716 -13.062321
v 51.250000 11.331311 -13.109834
v 50.888229 11.478155 -13.139702
v 50.500000 11.141271 -15.133726
v 50.500000 10.786173 -17.123514
v 50.500000 10.463040 -19.118743
v 50.501984 10.463010 -19.118924
v 50.788647 10.431271 -19.140909
v 51.064796 10.345989 -19.153677
v 51.320087 10.210322 -19.156745
v 51.545325 10.029067 -19.149988
v 51.731994 9.808913 -19.133637
v 51.873160 9.557865 -19.108273
v 51.963436 9.285280 -19.074830
v 51.999402 9.001277 -19.034543
v 51.948889 10.280029 -7.106148
v 51.799038 10.630085 -7.014829
v 51.560660 10.930685 -6.936412
v 51.250000 11.161344 -6.876240
v 50.888229 11.306342 -6.838415
v 51.948889 10.692596 -10.008135
v 51.799038 11.054233 -9.998275
v 51.560660 11.364778 -9.989807
v 51.250000 11.603067 -9.983310
v 50.888229 11.752862 -9.979226
v 51.948889 8.530316 -0.398916
v 51.799038 8.880372 -0.307597
v 51.560660 9.180972 -0.229179
v 51.250000 9.411631 -0.169007
v 50.888229 9.556629 -0.131182
v 23.279960 7.541195 -63.000000
v 32.720040 7.541195 -63.000000
v 42.160119 7.541195 -63.000000
v 42.555226 7.490084 -63.000000
v 42.923407 7.340233 -63.000000
v 43.239572 7.101855 -63.000000
v 43.482173 6.791195 -63.000000
v 43.634679 6.429424 -63.000000
v 43.686696 6.041195 -63.000000
v 46.461484 6.772170 -48.324296
v 48.480230 7.503145 -37.647256
v 48.453563 7.780098 -37.646986
v 48.377481 8.047305 -37.637181
v 48.255258 8.295934 -37.618314
v 48.090191 8.517158 -37.590861
v 47.887332 8.703264 -37.555654
v 47.654588 8.848876 -37.514104
v 47.400130 8.948897 -37.467675
v 47.089185 7.403384 -44.733705
v 45.738851 6.914437 -51.875549
v 46.939765 7.761909 -44.729999
v 45.589430 7.272962 -51.871843
v 46.705164 8.070622 -44.706777
v 45.354830 7.581675 -51.848622
v 46.401116 8.308822 -44.665598
v 45.050781 7.819874 -51.807442
v 46.049210 8.460194 -44.609425
v 44.698272 7.971418 -51.751166
v 48.173152 9.193683 -31.280532
v 49.339524 9.680742 -25.184230
v 39.250000 9.319161 -29.301600
v 28.000000 9.319161 -29.301600
v 16.750000 9.319161 -29.301600
v 39.250000 10.162210 -21.189981
v 28.000000 10.162210 -21.189981
v 16.750000 10.162210 -21.189981
v 50.245009 7.911014 -28.313437
v 48.700583 9.268971 -29.761219
v 49.924946 8.025784 -29.908212
v 49.869033 8.252425 -29.913045
v 49.779195 8.467927 -29.910708
v 49.657745 8.667123 -29.901284
v 49.507500 8.845107 -29.884975
v 49.332211 8.997662 -29.862202
v 49.136031 9.120980 -29.833491
v 48.923793 9.212198 -29.799563
v 50.517567 8.277031 -26.774445
v 50.460951 8.502612 -26.784682
v 50.370650 8.717172 -26.787527
v 50.248970 8.915596 -26.782941
v 50.098721 9.093026 -26.771004
v 49.923630 9.245282 -26.752034
v 49.727822 9.368588 -26.726459
v 49.516091 9.460096 -26.694921
v 49.293484 9.517468 -26.658158
v 7.500000 -10.120587 -18.908680
v 7.500000 -10.601794 -11.449594
v 7.500000 -11.168610 -3.996525
v 7.500000 -11.820962 3.449544
v 17.750000 -11.820962 3.449544
v 28.000000 -11.820962 3.449544
v 38.250000 -11.820962 3.449544
v 48.500000 -11.820962 3.449544
v 48.500000 -11.168610 -3.996525
v 48.500000 -10.601794 -11.449594
v 48.500000 -10.120587 -18.908680
v 46.686934 -9.630410 -28.446607
v 44.872697 -9.280207 -37.990699
v 43.057678 -9.070056 -47.538902
v 41.242268 -9.000000 -57.089160
v 32.414089 -9.000000 -57.089160
v 23.585911 -9.000000 -57.089160
v 14.757732 -9.000000 -57.089160
v 12.942322 -9.070056 -47.538902
v 11.127303 -9.280207 -37.990699
v 9.313066 -9.630410 -28.446607
v 17.750000 -10.254264 -16.697587
v 28.000000 -10.254264 -16.697587
v 38.250000 -10.254264 -16.697587
v 38.250000 -9.705623 -26.786963
v 28.000000 -9.705623 -26.786963
v 17.750000 -9.705623 -26.786963
v 17.750000 -10.959434 -6.617942
v 28.000000 -10.959434 -6.617942
v 38.250000 -10.959434 -6.617942
v 38.250000 -9.313642 -36.883639
v 28.000000 -9.313642 -36.883639
v 17.750000 -9.313642 -36.883639
v 38.250000 -9.078415 -46.985182
v 28.000000 -9.078415 -46.985182
v 17.750000 -9.078415 -46.985182
v 15.875316 -9.000000 -63.000000
v 14.953399 -8.880740 -63.000000
v 14.094310 -8.531089 -63.000000
v 13.356593 -7.974874 -63.000000
v 12.790523 -7.250000 -63.000000
v 12.434677 -6.405867 -63.000000
v 11.435847 -6.405867 -57.717241
v 11.779411 -7.250000 -57.652282
v 12.325943 -7.974874 -57.548947
v 13.038198 -8.531089 -57.414279
v 13.867635 -8.880740 -57.257454
v 7.496889 -10.120569 -18.908970
v 6.820504 -10.050383 -18.968227
v 6.169621 -9.851050 -19.017507
v 5.568480 -9.529787 -19.054963
v 5.040069 -9.098598 -19.079147
v 4.604320 -8.573366 -19.089123
v 4.278151 -7.974018 -19.084477
v 4.074112 -7.323101 -19.065358
v 4.000005 -8.256232 2.847408
v 4.066401 -8.942246 2.963489
v 4.261388 -9.603991 3.075371
v 4.578971 -10.217092 3.178949
v 5.008542 -10.757921 3.270254
v 5.537096 -11.206445 3.345930
v 6.144239 -11.542137 3.402541
v 6.807826 -11.750425 3.437655
v 6.594133 -10.743217 -7.876152
v 5.750000 -10.394566 -7.849725
v 5.025126 -9.839942 -7.807685
v 4.468911 -9.117141 -7.752897
v 4.119260 -8.275423 -7.689096
v 8.196506 -9.622023 -26.716295
v 7.473130 -9.359847 -26.840765
v 6.823372 -8.941924 -26.944007
v 6.279457 -8.388980 -27.020902
v 5.868358 -7.728438 -27.067636
v 5.610463 -6.993054 -27.081892
v 9.714654 -9.297673 -34.709845
v 8.990362 -9.036305 -34.837742
v 8.340002 -8.618537 -34.946248
v 7.795922 -8.065149 -35.029964
v 7.385181 -7.403662 -35.084727
v 7.128210 -6.666978 -35.107814
v 10.936591 -9.108027 -41.143732
v 10.211559 -8.847341 -41.274373
v 9.560712 -8.429746 -41.387108
v 9.016499 -7.876059 -41.476317
v 8.606048 -7.213884 -41.537554
v 8.349823 -6.476231 -41.567765
v 12.464414 -8.960428 -49.188196
v 11.738454 -8.700635 -49.322245
v 11.086998 -8.283314 -49.440261
v 10.542618 -7.729331 -49.536343
v 10.132531 -7.066383 -49.605687
v 9.877241 -6.327618 -49.644826
v 40.124684 -9.000000 -63.000000
v 32.041561 -9.000000 -63.000000
v 23.958439 -9.000000 -63.000000
v 41.046601 -8.880740 -63.000000
v 41.905690 -8.531089 -63.000000
v 42.643407 -7.974874 -63.000000
v 43.209477 -7.250000 -63.000000
v 43.565323 -6.405867 -63.000000
v 43.686696 -5.500000 -63.000000
v 43.686696 0.270597 -63.000000
v 33.228899 -0.729403 -63.000000
v 22.771101 -0.729403 -63.000000
v 44.681337 -5.500000 -57.739397
v 46.511952 -5.571617 -48.057371
v 48.342167 -5.786453 -38.377465
v 50.171580 -6.144460 -28.701795
v 51.999792 -6.645560 -19.032480
v 49.921674 1.176278 -30.023536
v 47.843348 1.176805 -41.015691
v 45.765022 1.177332 -52.007845
v 44.615251 -6.182817 -57.726902
v 44.419541 -6.839388 -57.689898
v 44.101732 -7.444485 -57.629809
v 43.674041 -7.974857 -57.548944
v 43.152902 -8.410126 -57.450410
v 42.558339 -8.733566 -57.337994
v 41.913198 -8.932744 -57.216015
v 48.503111 -10.120569 -18.908970
v 49.179496 -10.050383 -18.968227
v 49.830379 -9.851050 -19.017507
v 50.431520 -9.529787 -19.054963
v 50.959931 -9.098598 -19.079147
v 51.395680 -8.573366 -19.089123
v 51.721849 -7.974018 -19.084477
v 51.925888 -7.323101 -19.065358
v 50.389537 -6.993054 -27.081892
v 50.131642 -7.728438 -27.067636
v 49.720543 -8.388980 -27.020902
v 49.176628 -8.941924 -26.944007
v 48.526870 -9.359847 -26.840765
v 47.803494 -9.622023 -26.716295
v 48.871790 -6.666978 -35.107814
v 48.614819 -7.403662 -35.084727
v 48.204078 -8.065149 -35.029964
v 47.659998 -8.618537 -34.946248
v 47.009638 -9.036305 -34.837742
v 46.285346 -9.297673 -34.709845
v 47.650177 -6.476231 -41.567765
v 47.393952 -7.213884 -41.537554
v 46.983501 -7.876059 -41.476317
v 46.439288 -8.429746 -41.387108
v 45.788441 -8.847341 -41.274373
v 45.063409 -9.108027 -41.143732
v 46.122759 -6.327618 -49.644826
v 45.867469 -7.066383 -49.605687
v 45.457382 -7.729331 -49.536343
v 44.913002 -8.283314 -49.440261
v 44.261546 -8.700635 -49.322245
v 43.535586 -8.960428 -49.188196
v 51.999995 -8.256232 2.847408
v 51.933599 -8.942246 2.963489
v 51.738612 -9.603991 3.075371
v 51.421029 -10.217092 3.178949
v 50.991458 -10.757921 3.270254
v 50.462904 -11.206445 3.345930
v 49.855761 -11.542137 3.402541
v 49.192174 -11.750425 3.437655
v 49.405867 -10.743217 -7.876152
v 50.250000 -10.394566 -7.849725
v 50.974874 -9.839942 -7.807685
v 51.531089 -9.117141 -7.752897
v 51.880740 -8.275423 -7.689096
v 35.468457 -3.901054 13.000000
v 35.500000 -3.443606 13.000000
v 35.500000 8.000000 13.000000
v 28.000000 8.000000 13.000000
v 20.500000 8.000000 13.000000
v 53.000000 -6.601975 -19.125088
v 53.000000 -7.069136 -11.795260
v 53.000000 -7.618522 -4.471135
v 53.000000 -8.250061 2.846364
v 52.999999 -8.253516 2.846949
v 52.915338 -9.136346 2.996315
v 52.665055 -9.988054 3.140264
v 52.257077 -10.776892 3.273455
v 51.704761 -11.473044 3.390891
v 51.025114 -12.050312 3.488196
v 50.244183 -12.482447 3.560992
v 49.390521 -12.750605 3.606146
v 48.500000 -12.841423 3.621434
v 48.500000 -12.179768 -3.901313
v 48.500000 -11.605557 -11.431239
v 48.500000 -11.118866 -18.967329
v 48.503348 -11.118846 -18.967641
v 49.373076 -11.028719 -19.043843
v 50.210029 -10.772512 -19.107216
v 50.983039 -10.359504 -19.155386
v 51.662534 -9.805127 -19.186489
v 52.222879 -9.129806 -19.199323
v 52.642313 -8.359167 -19.193354
v 52.904696 -7.522205 -19.168774
v 52.999733 -6.651002 -19.126501
v 52.846666 -8.540072 -7.622053
v 52.397114 -9.622271 -7.704227
v 51.681981 -10.551576 -7.774791
v 50.750000 -11.264657 -7.828938
v 49.664686 -11.712918 -7.862975
v 39.935611 -10.000000 -64.000000
v 41.120932 -9.846666 -64.000000
v 42.225475 -9.397114 -64.000000
v 43.173968 -8.681981 -64.000000
v 43.901772 -7.750000 -64.000000
v 44.359289 -6.664686 -64.000000
v 44.515339 -5.500000 -64.000000
v 45.663928 -5.500000 -57.925179
v 45.513263 -6.664686 -57.896692
v 45.071538 -7.750000 -57.813174
v 44.368854 -8.681981 -57.680315
v 43.453098 -9.397114 -57.507170
v 42.386678 -9.846666 -57.305538
v 41.242268 -10.000000 -57.089160
v 46.686934 -10.629441 -28.490605
v 44.872697 -10.279777 -38.020036
v 43.057678 -10.069948 -47.553572
v 47.498888 -5.571957 -48.220175
v 49.333444 -5.787814 -38.517305
v 51.167193 -6.147522 -28.818703
v 48.233748 -10.647428 -25.684052
v 49.163639 -10.310202 -25.843464
v 49.998933 -9.772852 -25.975254
v 50.698222 -9.062013 -26.072890
v 51.226842 -8.212924 -26.131531
v 51.558589 -7.267676 -26.148271
v 46.732625 -10.313406 -33.577822
v 47.663680 -9.977201 -33.741597
v 48.499740 -9.440036 -33.880081
v 49.199240 -8.728616 -33.986390
v 49.727404 -7.878309 -34.055238
v 50.057976 -6.931388 -34.083203
v 45.230842 -10.075338 -41.475047
v 46.163066 -9.740209 -41.643159
v 46.999894 -9.203311 -41.788329
v 47.699604 -8.491414 -41.903319
v 48.227311 -7.640011 -41.982397
v 48.556704 -6.691550 -42.021620
v 43.728619 -9.933252 -49.374559
v 44.662016 -9.599252 -49.546980
v 45.499616 -9.062704 -49.698828
v 46.199537 -8.350434 -49.822508
v 46.726784 -7.498057 -49.911837
v 47.054994 -6.548193 -49.962349
v 53.000000 1.171345 -19.125088
v 53.000000 8.944665 -19.125088
v 53.000000 9.281026 -17.027607
v 53.000000 9.652284 -14.936021
v 53.000000 10.058338 -12.850911
v 53.000000 10.294327 -10.968112
v 53.000000 10.242607 -9.071287
v 53.000000 1.022133 -10.750059
v 44.515339 0.270597 -64.000000
v 44.515339 6.041195 -64.000000
v 45.425328 6.041195 -59.187117
v 47.444075 6.772170 -48.510078
v 49.462821 7.503145 -37.833038
v 50.645756 7.700751 -31.576560
v 51.825431 8.205188 -25.337320
v 52.999004 9.015240 -19.130357
v 46.636505 1.179425 -52.781272
v 48.757670 1.176732 -41.562544
v 50.878835 1.174038 -30.343816
v 31.978537 -10.000000 -64.000000
v 24.021463 -10.000000 -64.000000
v 16.064389 -10.000000 -64.000000
v 14.879068 -9.846666 -64.000000
v 13.774525 -9.397114 -64.000000
v 12.826032 -8.681981 -64.000000
v 12.098228 -7.750000 -64.000000
v 11.640711 -6.664686 -64.000000
v 11.484661 -5.500000 -64.000000
v 11.484661 0.270597 -64.000000
v 11.484661 6.041195 -64.000000
v 11.571355 6.688243 -64.000000
v 11.825531 7.291195 -64.000000
v 12.229867 7.808962 -64.000000
v 12.756807 8.206258 -64.000000
v 13.370443 8.456010 -64.000000
v 14.028954 8.541195 -64.000000
v 23.342985 8.541195 -64.000000
v 32.657015 8.541195 -64.000000
v 41.971046 8.541195 -64.000000
v 42.629557 8.456010 -64.000000
v 43.243193 8.206258 -64.000000
v 43.770133 7.808962 -64.000000
v 44.174469 7.291195 -64.000000
v 44.428645 6.688243 -64.000000
v 22.494887 -0.729403 -64.000000
v 33.505113 -0.729403 -64.000000
v 32.414089 -10.000000 -57.089160
v 23.585911 -10.000000 -57.089160
v 14.757732 -10.000000 -57.089160
v 3.000267 -6.651002 -19.126501
v 4.832807 -6.147522 -28.818703
v 6.666556 -5.787814 -38.517305
v 8.501112 -5.571957 -48.220175
v 10.336072 -5.500000 -57.925179
v 10.486737 -6.664686 -57.896692
v 10.928462 -7.750000 -57.813174
v 11.631146 -8.681981 -57.680315
v 12.546902 -9.397114 -57.507170
v 13.613322 -9.846666 -57.305538
v 12.942322 -10.069948 -47.553572
v 11.127303 -10.279777 -38.020036
v 9.313066 -10.629441 -28.490605
v 7.500000 -11.118866 -18.967329
v 7.496733 -11.118847 -18.967634
v 6.626994 -11.028733 -19.043837
v 5.790028 -10.772536 -19.107212
v 5.017003 -10.359532 -19.155384
v 4.337496 -9.805157 -19.186488
v 3.777139 -9.129832 -19.199323
v 3.357695 -8.359187 -19.193355
v 3.095306 -7.522215 -19.168774
v 5.237364 -7.077270 -30.357108
v 9.783697 -10.220712 -36.292937
v 4.178626 -7.336513 -24.758719
v 4.510578 -8.281455 -24.743942
v 5.039278 -9.130318 -24.687086
v 5.738531 -9.841044 -24.590969
v 6.573691 -10.378418 -24.460351
v 7.503378 -10.715817 -24.301706
v 5.568488 -8.023423 -30.334418
v 6.096867 -8.873173 -30.270365
v 6.796268 -9.584333 -30.168129
v 7.631968 -10.121595 -30.032787
v 8.562475 -10.458286 -29.871057
v 7.679362 -6.662610 -43.269887
v 8.008569 -7.611300 -43.228892
v 8.536204 -8.462864 -43.148204
v 9.235947 -9.174827 -43.031848
v 10.072897 -9.711675 -42.885627
v 11.005305 -10.046631 -42.716836
v 8.852240 -9.884871 -36.458206
v 8.015917 -9.347788 -36.598990
v 7.316345 -8.636192 -36.708283
v 6.788337 -7.785495 -36.780646
v 6.458170 -6.838029 -36.812478
v 9.063063 -6.541010 -50.586608
v 9.391179 -7.490979 -50.535208
v 9.918390 -8.343427 -50.445072
v 10.618328 -9.055722 -50.320708
v 11.455988 -9.592239 -50.168336
v 12.389478 -9.926148 -49.995577
v 7.500000 -12.841423 3.621434
v 7.500000 -10.467969 8.836679
v 6.849232 -10.560533 8.518980
v 6.186431 -10.557630 8.166351
v 5.539290 -10.449292 7.792175
v 4.932328 -10.232177 7.412698
v 4.387586 -9.909077 7.047060
v 3.915728 -9.480914 6.709979
v 3.520252 -8.934740 6.412077
v 3.229760 -8.290807 6.183808
v 3.057811 -7.583751 6.046249
v 3.000001 -8.253516 2.846949
v 3.084662 -9.136346 2.996315
v 3.334945 -9.988054 3.140264
v 3.742923 -10.776892 3.273455
v 4.295239 -11.473044 3.390891
v 4.974886 -12.050312 3.488196
v 5.755817 -12.482447 3.560992
v 6.609479 -12.750605 3.606146
v 7.500000 -11.605557 -11.431239
v 7.500000 -12.179768 -3.901313
v 6.335314 -11.712918 -7.862975
v 5.250000 -11.264657 -7.828938
v 4.318019 -10.551576 -7.774791
v 3.602886 -9.622271 -7.704227
v 3.153334 -8.540072 -7.622053
v 7.888085 -10.387610 9.013253
v 8.279642 -10.310820 9.181986
v 8.674514 -10.237629 9.342811
v 8.659801 -10.000000 9.336985
v 8.680409 -9.718687 9.345166
v 8.741914 -9.440314 9.369350
v 8.843763 -9.166350 9.408935
v 8.983873 -8.900545 9.462412
v 9.367093 -8.403750 9.602918
v 9.874275 -7.956348 9.776160
v 11.159642 -7.238279 10.152141
v 12.689924 -6.742195 10.489066
v 12.689924 0.628902 10.489066
v 12.689924 8.000000 10.489066
v 11.988407 8.000000 10.349567
v 11.291994 8.000000 10.186483
v 4.839455 8.598918 7.352068
v 4.196123 8.426142 6.912640
v 3.905653 8.266565 6.702589
v 3.647312 8.061656 6.509381
v 3.419070 7.804712 6.333496
v 9.312937 -0.980808 9.583568
v 6.130698 -0.980808 8.135353
v 45.980166 -10.060239 9.732594
v 44.575991 -10.000000 9.864958
v 44.250445 -10.000000 9.864958
v 43.924898 -10.000000 9.864958
v 43.273805 -10.000000 9.864958
v 41.971619 -10.000000 9.864958
v 33.906990 -10.000000 9.864958
v 28.000000 -10.000000 9.864958
v 22.093010 -10.000000 9.864958
v 14.028381 -10.000000 9.864958
v 12.726195 -10.000000 9.864958
v 12.075102 -10.000000 9.864958
v 11.749555 -10.000000 9.864958
v 11.424009 -10.000000 9.864958
v 10.019834 -10.060239 9.732594
v 17.750000 -12.841423 3.621434
v 28.000000 -12.841423 3.621434
v 38.250000 -12.841423 3.621434
v 38.250000 -11.263366 -16.582615
v 28.000000 -11.263366 -16.582615
v 17.750000 -11.263366 -16.582615
v 17.750000 -10.710744 -26.700635
v 28.000000 -10.710744 -26.700635
v 38.250000 -10.710744 -26.700635
v 38.250000 -11.973650 -6.474440
v 28.000000 -11.973650 -6.474440
v 17.750000 -11.973650 -6.474440
v 17.750000 -10.315918 -36.826039
v 28.000000 -10.315918 -36.826039
v 38.250000 -10.315918 -36.826039
v 17.750000 -10.078984 -46.956368
v 28.000000 -10.078984 -46.956368
v 38.250000 -10.078984 -46.956368
v 50.500000 11.451428 -19.270690
v 50.502361 11.451394 -19.270906
v 50.980260 11.398654 -19.307581
v 51.440657 11.256636 -19.328889
v 51.866308 11.030591 -19.334024
v 52.241863 10.728520 -19.322777
v 52.553121 10.361569 -19.295533
v 52.788506 9.943091 -19.253260
v 52.939035 9.488686 -19.197514
v 49.462799 7.506088 -37.833145
v 49.416999 7.966780 -37.841845
v 49.288570 8.411606 -37.834301
v 49.082268 8.824718 -37.810819
v 48.805500 9.192132 -37.772279
v 48.466725 9.502531 -37.719863
v 48.078812 9.744139 -37.655569
v 47.653351 9.909685 -37.581323
v 47.206793 9.992771 -37.500000
v 46.984385 10.002336 -37.500000
v 48.160340 10.188475 -31.402392
v 49.333143 10.671890 -25.321127
v 51.799375 8.879144 -25.028164
v 51.625001 9.330202 -25.044129
v 51.368680 9.740558 -25.040184
v 51.040024 10.094861 -25.016482
v 50.651318 10.379835 -24.973904
v 50.065054 10.633897 -24.890620
v 50.692800 8.384722 -30.875861
v 50.520429 8.839659 -30.871424
v 50.264962 9.253074 -30.848707
v 49.936086 9.609334 -30.808573
v 49.546230 9.894941 -30.752536
v 48.957342 10.147554 -30.656827
v 37.492193 10.002336 -37.500000
v 28.000000 10.002336 -37.500000
v 18.507807 10.002336 -37.500000
v 9.015615 10.002336 -37.500000
v 7.839660 10.188475 -31.402392
v 6.666857 10.671890 -25.321127
v 5.500000 11.451428 -19.270690
v 5.500000 11.771997 -17.291297
v 5.500000 12.124276 -15.317300
v 50.500000 12.124276 -15.317300
v 50.500000 11.771997 -17.291297
v 39.250000 11.151055 -21.339618
v 28.000000 11.151055 -21.339618
v 16.750000 11.151055 -21.339618
v 39.250000 10.314603 -29.401179
v 28.000000 10.314603 -29.401179
v 16.750000 10.314603 -29.401179
v 47.142546 9.996786 -37.500000
v 47.078194 9.999196 -37.500000
v 47.048880 9.999761 -37.500000
v 47.043372 9.999830 -37.500000
v 47.042524 9.999840 -37.500000
v 47.042398 9.999841 -37.500000
v 47.042379 9.999842 -37.500000
v 47.013781 10.000000 -37.500000
v 37.506891 10.000000 -37.500000
v 28.000000 10.000000 -37.500000
v 18.493109 10.000000 -37.500000
v 8.986219 10.000000 -37.500000
v 8.921806 9.999196 -37.500000
v 8.857454 9.996786 -37.500000
v 8.793207 9.992771 -37.500000
v 8.905628 10.000000 -37.500000
v 45.338958 6.683134 -59.192737
v 45.093654 7.282026 -59.166834
v 44.705865 7.797710 -59.111146
v 44.201595 8.195606 -59.029407
v 43.614660 8.449032 -58.927098
v 42.984419 8.540994 -58.811080
v 44.999100 9.270497 -48.155540
v 45.626738 9.176731 -48.292625
v 46.213914 8.924254 -48.386359
v 46.720662 8.527255 -48.454993
v 47.111663 8.012734 -48.493695
v 47.360697 7.415192 -48.499872
v 42.952689 8.541195 -58.808140
v 13.047311 8.541195 -58.808140
v 23.015770 8.541195 -58.808140
v 32.984230 8.541195 -58.808140
v 52.914815 10.692403 -12.979880
v 52.665064 11.283257 -13.100060
v 52.267767 11.790634 -13.203261
v 51.750000 12.179959 -13.282450
v 51.147048 12.424699 -13.332230
v 51.147048 12.718429 -9.952898
v 51.750000 12.468771 -9.959706
v 52.267767 12.071622 -9.970534
v 52.665064 11.554048 -9.984647
v 52.914815 10.951319 -10.001081
v 10.574672 6.041195 -59.187117
v 8.555925 6.772170 -48.510078
v 6.537179 7.503145 -37.833038
v 6.537201 7.506088 -37.833145
v 6.583001 7.966780 -37.841845
v 6.711430 8.411606 -37.834301
v 6.917732 8.824718 -37.810819
v 7.194500 9.192132 -37.772279
v 7.533275 9.502531 -37.719863
v 7.921188 9.744139 -37.655569
v 8.346649 9.909685 -37.581323
v 11.000900 9.270497 -48.155540
v 13.015581 8.540994 -58.811080
v 12.385340 8.449032 -58.927098
v 11.798405 8.195606 -59.029407
v 11.294135 7.797710 -59.111146
v 10.906346 7.282026 -59.166834
v 10.661042 6.683134 -59.192737
v 8.639303 7.415192 -48.499872
v 8.888337 8.012734 -48.493695
v 9.279338 8.527255 -48.454993
v 9.786086 8.924254 -48.386359
v 10.373262 9.176731 -48.292625
v 37.506891 9.270497 -48.155540
v 28.000000 9.270497 -48.155540
v 18.493109 9.270497 -48.155540
v 4.852952 12.240988 -6.594594
v 4.250000 11.999325 -6.657636
v 3.732233 11.614894 -6.757923
v 3.334936 11.113893 -6.888619
v 3.085185 10.530466 -7.040817
v 3.085185 8.659826 0.129971
v 3.334936 9.243253 0.282170
v 3.732233 9.744253 0.412865
v 4.250000 10.128684 0.513152
v 4.852952 10.370348 0.576194
v 4.852952 12.424699 -13.332230
v 4.250000 12.179959 -13.282450
v 3.732233 11.790634 -13.203261
v 3.334936 11.283257 -13.100060
v 3.085185 10.692403 -12.979880
v 3.085185 10.951319 -10.001081
v 3.334936 11.554048 -9.984647
v 3.732233 12.071622 -9.970534
v 4.250000 12.468771 -9.959706
v 4.852952 12.718429 -9.952898
v 5.497639 11.451394 -19.270906
v 5.019740 11.398654 -19.307581
v 4.559343 11.256636 -19.328889
v 4.133692 11.030591 -19.334024
v 3.758137 10.728520 -19.322777
v 3.446879 10.361569 -19.295533
v 3.211494 9.943091 -19.253260
v 3.060965 9.488686 -19.197514
v 3.000996 9.015240 -19.130357
v 5.354244 7.700751 -31.576560
v 4.174569 8.205188 -25.337320
v 6.020112 8.210082 -34.643229
v 6.267230 8.810831 -34.615784
v 6.548085 9.208151 -34.575433
v 6.899169 9.542826 -34.519792
v 7.307088 9.802118 -34.450987
v 7.756306 9.976125 -34.371636
v 4.247845 8.852466 -25.277701
v 4.498847 9.445876 -25.293433
v 4.780482 9.839293 -25.282078
v 5.130683 10.171901 -25.251282
v 5.536321 10.431261 -25.202206
v 5.982214 10.607641 -25.136681
v 5.121165 1.174038 -30.343816
v 7.242330 1.176732 -41.562544
v 9.363495 1.179425 -52.781272
v 20.500000 -3.443606 13.000000
v 16.639908 -4.936757 11.475009
v 13.116487 -7.866423 10.468442
v 13.566496 -8.961746 10.258607
v 22.092336 -9.998477 9.867085
v 21.638843 -8.810164 11.170154
v 21.208791 -7.345682 12.162175
v 20.830993 -5.679185 12.786179
v 20.531543 -3.901054 13.000000
v 14.426144 -6.550096 10.832894
v 18.144201 -5.207809 11.947990
v 18.001156 -9.492432 10.250788
v 19.892409 -4.680522 12.649185
v 20.274383 -5.833692 12.536513
v 20.719079 -6.931425 12.243903
v 19.304699 -8.039960 11.322271
v 16.360564 -5.823596 11.351641
v 16.668014 -6.645949 11.304867
v 16.997866 -7.447863 11.159587
v 17.345589 -8.218320 10.917798
v 17.706404 -8.946730 10.582818
v 20.114075 -9.464536 10.393789
v 19.748365 -8.865822 10.853502
v 18.884075 -7.143153 11.664972
v 18.494707 -6.192917 11.874912
v 15.716418 -9.553135 10.119745
v 15.490906 -9.086424 10.337367
v 15.212736 -8.479136 10.555289
v 14.940974 -7.850281 10.711337
v 14.678008 -7.205381 10.804143
v 21.214731 -7.944676 11.779099
v 33.907664 -9.998477 9.867085
v 34.361157 -8.810163 11.170154
v 34.791209 -7.345682 12.162175
v 35.169007 -5.679185 12.786179
v 28.000000 -8.810163 11.170154
v 42.433504 -8.961746 10.258607
v 42.883513 -7.866423 10.468442
v 39.360092 -4.936757 11.475009
v 36.976521 -4.931409 12.285761
v 41.573856 -6.550096 10.832894
v 37.998844 -9.492432 10.250788
v 34.841511 -9.463390 10.470911
v 35.245526 -8.847711 11.000955
v 35.733116 -7.980748 11.545056
v 36.190967 -7.024212 11.946084
v 36.608617 -5.999964 12.194881
v 41.321992 -7.205381 10.804143
v 41.059026 -7.850281 10.711337
v 40.787264 -8.479136 10.555289
v 40.509094 -9.086424 10.337367
v 40.283582 -9.553135 10.119745
v 38.293596 -8.946730 10.582818
v 38.654411 -8.218320 10.917798
v 39.002134 -7.447863 11.159587
v 39.331986 -6.645949 11.304867
v 39.639436 -5.823596 11.351641
v 45.517155 -10.000000 9.805671
v 46.443439 -10.000000 9.628748
v 45.758166 -8.159795 9.884050
v 43.562470 -9.356736 10.062272
v 44.177296 -8.517645 10.182389
v 44.770401 -7.654954 10.159865
v 44.321944 -9.492665 9.970886
v 45.051396 -8.834356 9.990332
v 44.869737 -9.654188 9.894755
v 45.681578 -9.207308 9.829928
v 46.470878 -8.750598 9.652694
v 45.167830 -9.813752 9.849659
v 46.024401 -9.573629 9.734726
v 46.858808 -9.328590 9.514944
v 9.556561 -10.000000 9.628748
v 10.482845 -10.000000 9.805671
v 11.338697 -7.611756 10.186796
v 11.919307 -8.490666 10.201202
v 12.521436 -9.345233 10.071240
v 9.773693 -8.510853 9.735212
v 10.534623 -9.055732 9.887066
v 11.318222 -9.588396 9.921853
v 9.196325 -9.216703 9.535039
v 10.024313 -9.502642 9.748600
v 10.874532 -9.782785 9.856227
v 17.973538 8.000000 11.935333
v 15.363482 8.000000 11.096202
v 16.656177 0.628902 11.480214
v 40.636518 8.000000 11.096202
v 38.026462 8.000000 11.935333
v 39.343823 0.628902 11.480214
vt 10.483896 39.923403 0.000000
vt 9.264442 37.854452 0.000000
vt 11.764585 38.694733 0.000000
vt 10.575679 36.596485 0.000000
vt 11.886923 35.338524 0.000000
vt 7.953215 39.112430 0.000000
vt 9.203229 41.152095 0.000000
vt 6.641995 40.370415 0.000000
vt 7.922600 42.380824 0.000000
vt 6.641995 43.609575 0.000000
vt 13.685695 35.338280 0.000000
vt 13.686739 43.208679 0.000000
vt 11.765184 43.208931 0.000000
vt -40.370415 6.336120 0.000000
vt -43.609575 6.336120 0.000000
vt -40.391266 6.314095 0.000000
vt -43.694618 6.246267 0.000000
vt -35.155045 6.313393 0.000000
vt -35.155304 4.351030 0.000000
vt -43.694866 4.352178 0.000000
vt 0.000000 0.000000 0.000000
vt 1.774764 0.000000 0.000000
vt 0.000000 0.200000 0.000000
vt 1.774764 0.200000 0.000000
vt 3.549528 0.000000 0.000000
vt 3.549528 0.200000 0.000000
vt 5.324292 0.000000 0.000000
vt 5.324292 0.200000 0.000000
vt 7.099057 0.000000 0.000000
vt 7.099057 0.200000 0.000000
vt 0.030118 0.000000 0.000000
vt 1.847210 0.000000 0.000000
vt 0.030118 0.200000 0.000000
vt 3.134083 0.100000 0.000000
vt 1.847210 0.200000 0.000000
vt 3.664303 0.200000 0.000000
vt 5.481395 0.200000 0.000000
vt 6.238049 0.100000 0.000000
vt 7.298488 0.200000 0.000000
vt 7.298488 0.000000 0.000000
vt 5.481395 0.000000 0.000000
vt 3.664303 0.000000 0.000000
vt 0.870261 -0.227025 0.000000
vt 0.920746 -0.033501 0.000000
vt -0.870261 0.227025 0.000000
vt -0.819777 0.420548 0.000000
vt 3.935200 -0.000136 0.000000
vt 3.935207 0.199864 0.000000
vt -3.935200 0.000136 0.000000
vt -3.935193 0.200136 0.000000
vt -0.929665 -0.242521 0.000000
vt 0.929665 0.242521 0.000000
vt -0.980150 -0.048998 0.000000
vt 0.879181 0.436045 0.000000
vt -2.257099 -0.000078 0.000000
vt 2.257099 0.000078 0.000000
vt -2.257106 0.199922 0.000000
vt 2.257092 0.200078 0.000000
vt 7.125364 0.200000 0.000000
vt 7.125364 0.000000 0.000000
vt 7.187008 0.100000 0.000000
vt 7.248652 0.000000 0.000000
vt 7.248652 0.200000 0.000000
vt 0.000000 0.200000 0.000000
vt 0.000000 0.000000 0.000000
vt 0.935918 0.100000 0.000000
vt 1.884066 0.000000 0.000000
vt 1.884066 0.200000 0.000000
vt 8.539562 0.000000 0.000000
vt 4.269783 0.100000 0.000000
vt 0.000000 0.000000 0.000000
vt 2.134892 0.100000 0.000000
vt 0.000000 0.200000 0.000000
vt 8.539562 0.200000 0.000000
vt 6.404673 0.100000 0.000000
vt 0.000000 0.200000 0.000000
vt 0.000000 0.000000 0.000000
vt 0.967640 0.100000 0.000000
vt 1.952164 0.000000 0.000000
vt 1.952164 0.200000 0.000000
vt 0.000000 0.200000 0.000000
vt 0.000000 0.000000 0.000000
vt 2.618111 0.100000 0.000000
vt 5.236221 0.000000 0.000000
vt 5.236221 0.200000 0.000000
vt 0.000000 0.200000 0.000000
vt 0.000000 0.000000 0.000000
vt 0.015112 0.100000 0.000000
vt 0.030224 0.000000 0.000000
vt 0.030224 0.200000 0.000000
vt 6.641995 43.609575 0.000000
vt 7.922600 42.380824 0.000000
vt 6.641995 47.500000 0.000000
vt 11.765184 43.208931 0.000000
vt 14.052764 47.500000 0.000000
vt 13.686739 43.208679 0.000000
vt 21.463533 47.500000 0.000000
vt 22.385780 45.867092 0.000000
vt 23.156492 44.162220 0.000000
vt 15.205862 36.250000 0.000000
vt 23.769729 42.398521 0.000000
vt 23.769729 33.699260 0.000000
vt 15.205862 25.000000 0.000000
vt 23.769729 25.000000 0.000000
vt 23.769729 16.300740 0.000000
vt 13.683543 19.115475 0.000000
vt 15.205862 13.750000 0.000000
vt 13.683052 15.416729 0.000000
vt 13.321922 12.911586 0.000000
vt 12.990107 13.453009 0.000000
vt 12.575877 13.932693 0.000000
vt 12.085999 14.334912 0.000000
vt 11.537157 14.654275 0.000000
vt 10.286521 18.701435 0.000000
vt 10.948027 14.887472 0.000000
vt 10.334943 15.035431 0.000000
vt 9.374835 18.143487 0.000000
vt 9.075246 15.128274 0.000000
vt 8.463376 17.585500 0.000000
vt 7.552374 17.027435 0.000000
vt 9.203229 41.152095 0.000000
vt 10.483896 39.923403 0.000000
vt 11.764585 38.694733 0.000000
vt 13.685695 35.338280 0.000000
vt 13.685506 33.907860 0.000000
vt 13.684517 26.454929 0.000000
vt 13.684299 24.809635 0.000000
vt 11.762962 26.455185 0.000000
vt 6.641995 24.810570 0.000000
vt 10.332584 26.793024 0.000000
vt 8.496978 26.793270 0.000000
vt 11.924132 33.908094 0.000000
vt 11.886923 35.338524 0.000000
vt 10.162978 33.908329 0.000000
vt 10.575679 36.596485 0.000000
vt 8.402260 33.908563 0.000000
vt 9.264442 37.854452 0.000000
vt 6.641995 33.908796 0.000000
vt 7.953215 39.112430 0.000000
vt 6.641995 40.370415 0.000000
vt 11.763580 31.120937 0.000000
vt 10.333158 31.121128 0.000000
vt 8.497552 31.121372 0.000000
vt 6.723336 31.121609 0.000000
vt 6.722699 26.320789 0.000000
vt 6.641995 26.320800 0.000000
vt 13.683929 22.028597 0.000000
vt 10.282838 22.029049 0.000000
vt 7.823677 14.996199 0.000000
vt 6.641995 16.469264 0.000000
vt 7.217702 14.819577 0.000000
vt 6.641995 14.560692 0.000000
vt 13.567634 12.327348 0.000000
vt 13.726618 11.717478 0.000000
vt 13.835918 10.458814 0.000000
vt 23.156492 5.837780 0.000000
vt 13.727625 9.200750 0.000000
vt 22.385780 4.132908 0.000000
vt 21.463533 2.500000 0.000000
vt 13.570188 8.590077 0.000000
vt 14.052764 2.500000 0.000000
vt 13.327924 8.003602 0.000000
vt 13.000200 7.459617 0.000000
vt 12.588636 6.978265 0.000000
vt 12.098807 6.576136 0.000000
vt 11.548396 6.258960 0.000000
vt 10.957382 6.030376 0.000000
vt 10.342811 5.888499 0.000000
vt 6.641995 2.500000 0.000000
vt 9.082842 5.804093 0.000000
vt 7.830918 5.931393 0.000000
vt 7.221133 6.096496 0.000000
vt 6.641995 6.345121 0.000000
vt 23.769729 7.601479 0.000000
vt 6.641995 10.843873 0.000000
vt 6.762618 11.252486 0.000000
vt 6.641995 14.560692 0.000000
vt 6.862108 11.442489 0.000000
vt 6.986103 11.618252 0.000000
vt 7.131937 11.775966 0.000000
vt 7.296921 11.911969 0.000000
vt 7.671520 12.118134 0.000000
vt 7.217702 14.819577 0.000000
vt 8.082310 12.248538 0.000000
vt 7.823677 14.996199 0.000000
vt 8.504133 12.318299 0.000000
vt 9.075246 15.128274 0.000000
vt 9.354703 12.346087 0.000000
vt 10.334943 15.035431 0.000000
vt 10.201933 12.259576 0.000000
vt 10.948027 14.887472 0.000000
vt 10.615016 12.137135 0.000000
vt 11.537157 14.654275 0.000000
vt 10.995813 11.941407 0.000000
vt 12.085999 14.334912 0.000000
vt 11.165596 11.811699 0.000000
vt 12.575877 13.932693 0.000000
vt 11.317259 11.659916 0.000000
vt 12.990107 13.453009 0.000000
vt 11.447931 11.489186 0.000000
vt 13.321922 12.911586 0.000000
vt 11.554792 11.303111 0.000000
vt 13.567634 12.327348 0.000000
vt 11.689660 10.898850 0.000000
vt 13.726618 11.717478 0.000000
vt 13.835918 10.458814 0.000000
vt 11.730193 10.472051 0.000000
vt 11.689520 10.045609 0.000000
vt 11.556538 9.640432 0.000000
vt 13.570188 8.590077 0.000000
vt 13.727625 9.200750 0.000000
vt 11.324587 9.279787 0.000000
vt 13.000200 7.459617 0.000000
vt 13.327924 8.003602 0.000000
vt 12.588636 6.978265 0.000000
vt 11.175880 9.125268 0.000000
vt 12.098807 6.576136 0.000000
vt 11.008361 8.992530 0.000000
vt 11.548396 6.258960 0.000000
vt 10.630103 8.791334 0.000000
vt 10.957382 6.030376 0.000000
vt 10.218299 8.666816 0.000000
vt 10.342811 5.888499 0.000000
vt 9.370826 8.585447 0.000000
vt 9.082842 5.804093 0.000000
vt 8.521477 8.614021 0.000000
vt 7.830918 5.931393 0.000000
vt 8.097022 8.679375 0.000000
vt 7.221133 6.096496 0.000000
vt 7.680959 8.799272 0.000000
vt 6.641995 6.345121 0.000000
vt 7.301330 8.994484 0.000000
vt 7.134677 9.126950 0.000000
vt 6.987931 9.283263 0.000000
vt 6.863450 9.459049 0.000000
vt 6.763527 9.649620 0.000000
vt 6.641995 10.058357 0.000000
vt -6.345121 6.336120 0.000000
vt -10.058357 6.336120 0.000000
vt -6.671797 5.815088 0.000000
vt -10.450909 6.303841 0.000000
vt -14.231697 5.816187 0.000000
vt -14.560692 6.336120 0.000000
vt -10.843873 6.336120 0.000000
vt -13.828105 5.352819 0.000000
vt -7.076977 5.352655 0.000000
vt -7.550023 4.962143 0.000000
vt -13.355848 4.960726 0.000000
vt -8.077876 4.653121 0.000000
vt -12.827336 4.653036 0.000000
vt -12.257467 4.435349 0.000000
vt -8.646065 4.428615 0.000000
vt -11.663180 4.295209 0.000000
vt -9.238659 4.284171 0.000000
vt -10.451512 4.192370 0.000000
vt -3.249581 0.000000 0.000000
vt -2.819329 0.000000 0.000000
vt -3.249581 0.200000 0.000000
vt -2.819329 0.200000 0.000000
vt -2.604203 0.000000 0.000000
vt -2.604203 0.200000 0.000000
vt -2.389077 0.000000 0.000000
vt -2.389077 0.200000 0.000000
vt -2.173951 0.000000 0.000000
vt -2.173951 0.200000 0.000000
vt -1.958825 0.000000 0.000000
vt -1.958825 0.200000 0.000000
vt -1.528572 0.000000 0.000000
vt -1.528572 0.200000 0.000000
vt -1.098320 0.000000 0.000000
vt -1.098320 0.200000 0.000000
vt -0.668068 0.000000 0.000000
vt -0.668068 0.200000 0.000000
vt 0.192437 0.000000 0.000000
vt 0.192437 0.200000 0.000000
vt 1.052941 0.000000 0.000000
vt 1.052941 0.200000 0.000000
vt 1.483194 0.000000 0.000000
vt 1.483194 0.200000 0.000000
vt 1.913446 0.000000 0.000000
vt 1.913446 0.200000 0.000000
vt 2.128572 0.000000 0.000000
vt 2.128572 0.200000 0.000000
vt 2.343698 0.000000 0.000000
vt 2.343698 0.200000 0.000000
vt 2.558824 0.000000 0.000000
vt 2.558824 0.200000 0.000000
vt 2.773951 0.000000 0.000000
vt 2.773951 0.200000 0.000000
vt 3.204203 0.000000 0.000000
vt 3.204203 0.200000 0.000000
vt 3.634455 0.000000 0.000000
vt 3.634455 0.200000 0.000000
vt 4.064707 0.000000 0.000000
vt 4.064707 0.200000 0.000000
vt 4.494960 0.000000 0.000000
vt 4.494960 0.200000 0.000000
vt 4.925212 0.000000 0.000000
vt 4.925212 0.200000 0.000000
vt 5.140338 0.000000 0.000000
vt 5.140338 0.200000 0.000000
vt 5.355464 0.000000 0.000000
vt 5.355464 0.200000 0.000000
vt 5.785717 0.000000 0.000000
vt 5.785717 0.200000 0.000000
vt 6.215969 0.000000 0.000000
vt 6.215969 0.200000 0.000000
vt 7.076473 0.000000 0.000000
vt 7.076473 0.200000 0.000000
vt 7.936978 0.000000 0.000000
vt 7.936978 0.200000 0.000000
vt 8.367230 0.000000 0.000000
vt 8.367230 0.200000 0.000000
vt 8.797483 0.000000 0.000000
vt 8.797483 0.200000 0.000000
vt 9.227735 0.000000 0.000000
vt 9.227735 0.200000 0.000000
vt 9.442861 0.000000 0.000000
vt 9.442861 0.200000 0.000000
vt 9.657987 0.000000 0.000000
vt 9.657987 0.200000 0.000000
vt 9.873113 0.000000 0.000000
vt 9.873113 0.200000 0.000000
vt 10.088239 0.000000 0.000000
vt 10.088239 0.200000 0.000000
vt 10.518492 0.000000 0.000000
vt 10.518492 0.200000 0.000000
vt -17.656103 0.000000 0.000000
vt -17.021888 0.000000 0.000000
vt -17.656103 0.200000 0.000000
vt -17.021888 0.200000 0.000000
vt -16.387674 0.000000 0.000000
vt -16.387674 0.200000 0.000000
vt -15.119245 0.000000 0.000000
vt -15.119245 0.200000 0.000000
vt -13.850816 0.000000 0.000000
vt -13.850816 0.200000 0.000000
vt -13.216601 0.000000 0.000000
vt -13.216601 0.200000 0.000000
vt -12.582387 0.000000 0.000000
vt -12.582387 0.200000 0.000000
vt -11.948173 0.000000 0.000000
vt -11.948173 0.200000 0.000000
vt -11.313958 0.000000 0.000000
vt -11.313958 0.200000 0.000000
vt -10.679744 0.000000 0.000000
vt -10.679744 0.200000 0.000000
vt -10.045529 0.000000 0.000000
vt -10.045529 0.200000 0.000000
vt -9.411315 0.000000 0.000000
vt -9.411315 0.200000 0.000000
vt -8.777100 0.000000 0.000000
vt -8.777100 0.200000 0.000000
vt -7.508672 0.000000 0.000000
vt -7.508672 0.200000 0.000000
vt -6.240243 0.000000 0.000000
vt -6.240243 0.200000 0.000000
vt -5.606028 0.000000 0.000000
vt -5.606028 0.200000 0.000000
vt -4.971814 0.000000 0.000000
vt -4.971814 0.200000 0.000000
vt -4.337599 0.000000 0.000000
vt -4.337599 0.200000 0.000000
vt -3.703385 0.000000 0.000000
vt -3.703385 0.200000 0.000000
vt -3.069171 0.000000 0.000000
vt -3.069171 0.200000 0.000000
vt -2.434956 0.000000 0.000000
vt -2.434956 0.200000 0.000000
vt -1.800742 0.000000 0.000000
vt -1.800742 0.200000 0.000000
vt -1.166527 0.000000 0.000000
vt -1.166527 0.200000 0.000000
vt 0.101902 0.000000 0.000000
vt 0.101902 0.200000 0.000000
vt 1.370330 0.000000 0.000000
vt 1.370330 0.200000 0.000000
vt 2.004545 0.000000 0.000000
vt 2.004545 0.200000 0.000000
vt 2.638759 0.000000 0.000000
vt 2.638759 0.200000 0.000000
vt 10.914045 0.000000 0.000000
vt 10.790548 0.100000 0.000000
vt 10.518633 0.000000 0.000000
vt 10.600771 0.100000 0.000000
vt 10.518633 0.200000 0.000000
vt 10.914045 0.200000 0.000000
vt 11.016995 0.100000 0.000000
vt 11.309458 0.200000 0.000000
vt 11.309458 0.000000 0.000000
vt 2.622892 0.000000 0.000000
vt 3.231885 0.000000 0.000000
vt 2.622892 0.200000 0.000000
vt 3.482080 0.100000 0.000000
vt 3.231885 0.200000 0.000000
vt 3.840879 0.200000 0.000000
vt 4.235056 0.100000 0.000000
vt 4.449872 0.200000 0.000000
vt 5.042089 0.100000 0.000000
vt 5.058865 0.200000 0.000000
vt 5.667858 0.200000 0.000000
vt 5.849122 0.100000 0.000000
vt 6.276851 0.200000 0.000000
vt 7.575646 0.100000 0.000000
vt 7.494838 0.200000 0.000000
vt 8.438908 0.100000 0.000000
vt 8.712824 0.200000 0.000000
vt 9.302170 0.100000 0.000000
vt 9.321817 0.200000 0.000000
vt 9.930810 0.200000 0.000000
vt 10.068324 0.100000 0.000000
vt 10.539803 0.200000 0.000000
vt 10.834477 0.100000 0.000000
vt 11.148797 0.200000 0.000000
vt 11.600630 0.100000 0.000000
vt 11.757790 0.200000 0.000000
vt 12.366783 0.000000 0.000000
vt 12.366783 0.200000 0.000000
vt 3.840879 0.000000 0.000000
vt 4.449872 0.000000 0.000000
vt 5.058865 0.000000 0.000000
vt 5.667858 0.000000 0.000000
vt 6.276851 0.000000 0.000000
vt 7.494838 0.000000 0.000000
vt 8.712824 0.000000 0.000000
vt 9.321817 0.000000 0.000000
vt 9.930810 0.000000 0.000000
vt 10.539803 0.000000 0.000000
vt 11.148797 0.000000 0.000000
vt 11.757790 0.000000 0.000000
vt 6.763527 9.649620 0.000000
vt 8.097022 8.679375 0.000000
vt 6.641995 10.058357 0.000000
vt 8.521477 8.614021 0.000000
vt 9.370826 8.585447 0.000000
vt 6.863450 9.459049 0.000000
vt 6.987931 9.283263 0.000000
vt 7.134677 9.126950 0.000000
vt 7.301330 8.994484 0.000000
vt 7.680959 8.799272 0.000000
vt 10.218299 8.666816 0.000000
vt 11.556538 9.640432 0.000000
vt 11.689520 10.045609 0.000000
vt 11.730193 10.472051 0.000000
vt 10.630103 8.791334 0.000000
vt 11.324587 9.279787 0.000000
vt 11.175880 9.125268 0.000000
vt 11.008361 8.992530 0.000000
vt 11.689660 10.898850 0.000000
vt 9.354703 12.346087 0.000000
vt 6.641995 10.843873 0.000000
vt 11.554792 11.303111 0.000000
vt 10.201933 12.259576 0.000000
vt 11.447931 11.489186 0.000000
vt 11.317259 11.659916 0.000000
vt 11.165596 11.811699 0.000000
vt 10.995813 11.941407 0.000000
vt 10.615016 12.137135 0.000000
vt 8.504133 12.318299 0.000000
vt 6.762618 11.252486 0.000000
vt 6.862108 11.442489 0.000000
vt 8.082310 12.248538 0.000000
vt 6.986103 11.618252 0.000000
vt 7.131937 11.775966 0.000000
vt 7.296921 11.911969 0.000000
vt 7.671520 12.118134 0.000000
vt -43.609575 6.252750 0.000000
vt -47.500000 6.252750 0.000000
vt -43.694618 6.164079 0.000000
vt -43.694866 4.294913 0.000000
vt -47.500000 3.973522 0.000000
vt -36.250000 2.833908 0.000000
vt -47.500000 1.694294 0.000000
vt -36.250000 -0.584934 0.000000
vt -47.500000 -0.584934 0.000000
vt -25.000000 -0.584934 0.000000
vt -25.000000 2.833908 0.000000
vt -26.321062 4.292607 0.000000
vt -24.810829 4.292408 0.000000
vt -24.810570 6.252750 0.000000
vt -13.750000 -0.584934 0.000000
vt -13.750000 2.833908 0.000000
vt -15.270584 4.291143 0.000000
vt -13.828105 5.282387 0.000000
vt -16.469264 6.252750 0.000000
vt -14.231697 5.739658 0.000000
vt -14.560692 6.252750 0.000000
vt -2.500000 -0.584934 0.000000
vt -2.500000 1.694294 0.000000
vt -2.500000 3.973522 0.000000
vt -10.451512 4.137207 0.000000
vt -11.663180 4.238693 0.000000
vt -2.500000 6.252750 0.000000
vt -7.076977 5.282226 0.000000
vt -7.550023 4.896852 0.000000
vt -8.077876 4.591896 0.000000
vt -6.345121 6.252750 0.000000
vt -6.671797 5.738574 0.000000
vt -8.646065 4.370343 0.000000
vt -9.238659 4.227801 0.000000
vt -12.257467 4.376989 0.000000
vt -12.827336 4.591812 0.000000
vt -13.355848 4.895453 0.000000
vt -18.695368 4.291596 0.000000
vt -22.029791 4.292039 0.000000
vt -19.697824 6.252750 0.000000
vt -22.029531 6.252750 0.000000
vt -26.320800 6.252750 0.000000
vt -33.909054 4.293615 0.000000
vt -35.155304 4.293780 0.000000
vt -35.155045 6.230322 0.000000
vt -33.908796 6.252750 0.000000
vt -40.370415 6.252750 0.000000
vt -40.391266 6.231014 0.000000
vt -33.908796 6.336120 0.000000
vt -33.909054 4.350863 0.000000
vt -26.320800 6.336120 0.000000
vt -26.321062 4.349842 0.000000
vt 13.684517 26.454929 0.000000
vt 13.685506 33.907860 0.000000
vt 11.763580 31.120937 0.000000
vt 11.924132 33.908094 0.000000
vt 10.333158 31.121128 0.000000
vt 10.162978 33.908329 0.000000
vt 8.497552 31.121372 0.000000
vt 8.402260 33.908563 0.000000
vt 6.723336 31.121609 0.000000
vt 6.641995 33.908796 0.000000
vt 6.641995 26.320800 0.000000
vt 6.722699 26.320789 0.000000
vt 8.496978 26.793270 0.000000
vt 10.332584 26.793024 0.000000
vt 11.762962 26.455185 0.000000
vt 7.126817 0.200000 0.000000
vt 7.126817 0.000000 0.000000
vt 8.104368 0.100000 0.000000
vt 9.101702 0.000000 0.000000
vt 9.101702 0.200000 0.000000
vt 0.000000 0.200000 0.000000
vt 0.000000 0.000000 0.000000
vt 3.793996 0.100000 0.000000
vt 7.587992 0.000000 0.000000
vt 7.587992 0.200000 0.000000
vt 0.000000 0.200000 0.000000
vt 0.000000 0.000000 0.000000
vt 0.979486 0.100000 0.000000
vt 1.976023 0.000000 0.000000
vt 1.976023 0.200000 0.000000
vt 0.000000 0.000000 0.000000
vt 1.760969 0.000000 0.000000
vt 0.000000 0.200000 0.000000
vt 1.760969 0.200000 0.000000
vt 3.521939 0.000000 0.000000
vt 3.521939 0.200000 0.000000
vt 5.282908 0.000000 0.000000
vt 5.282908 0.200000 0.000000
vt 7.043878 0.000000 0.000000
vt 7.043878 0.200000 0.000000
vt -0.039045 0.010186 0.000000
vt 0.039045 -0.010186 0.000000
vt 0.011439 0.203709 0.000000
vt 0.089530 0.183338 0.000000
vt 2.400410 -0.000083 0.000000
vt 2.400417 0.199917 0.000000
vt -2.400410 0.000083 0.000000
vt -2.400403 0.200083 0.000000
vt 0.858381 -0.223925 0.000000
vt 0.908865 -0.030402 0.000000
vt -0.858381 0.223925 0.000000
vt -0.807896 0.417449 0.000000
vt -2.164051 -0.000075 0.000000
vt 2.164051 0.000075 0.000000
vt -2.164058 0.199925 0.000000
vt 2.164044 0.200075 0.000000
vt 0.888082 -0.231674 0.000000
vt 0.938567 -0.038150 0.000000
vt -0.888082 0.231674 0.000000
vt -0.837598 0.425197 0.000000
vt 2.164052 -0.000075 0.000000
vt 2.164059 0.199925 0.000000
vt -2.164052 0.000075 0.000000
vt -2.164045 0.200075 0.000000
vt 0.692051 -0.180535 0.000000
vt 0.742535 0.012988 0.000000
vt -0.692051 0.180535 0.000000
vt -0.641566 0.374058 0.000000
vt -2.332876 -0.000081 0.000000
vt 2.332876 0.000081 0.000000
vt -2.332883 0.199919 0.000000
vt 2.332869 0.200081 0.000000
vt 0.929665 -0.242521 0.000000
vt 0.980149 -0.048998 0.000000
vt -0.929665 0.242521 0.000000
vt -0.879181 0.436045 0.000000
vt 3.726465 -0.000129 0.000000
vt 3.726472 0.199871 0.000000
vt -3.726465 0.000129 0.000000
vt -3.726458 0.200129 0.000000
vt -10.843873 6.252750 0.000000
vt -10.450909 6.220895 0.000000
vt -10.058357 6.252750 0.000000
vt -24.810570 6.336120 0.000000
vt -24.810829 4.349640 0.000000
vt -22.029531 6.336120 0.000000
vt -22.029791 4.349267 0.000000
vt -19.697824 6.336120 0.000000
vt -18.695368 4.348817 0.000000
vt -16.469264 6.336120 0.000000
vt -15.270584 4.348358 0.000000
vt 13.683929 22.028597 0.000000
vt 13.684299 24.809635 0.000000
vt 10.282838 22.029049 0.000000
vt 6.641995 24.810570 0.000000
vt 6.880117 22.029499 0.000000
vt 6.641995 22.029531 0.000000
vt 8.384978 20.592545 0.000000
vt 10.286521 18.701435 0.000000
vt 13.683543 19.115475 0.000000
vt 13.683052 15.416729 0.000000
vt 6.641995 19.697824 0.000000
vt 8.463376 17.585500 0.000000
vt 9.374835 18.143487 0.000000
vt 6.641995 16.469264 0.000000
vt 7.552374 17.027435 0.000000
vt 7.125596 0.200000 0.000000
vt 7.125596 0.000000 0.000000
vt 8.103740 0.100000 0.000000
vt 9.101702 0.000000 0.000000
vt 9.101702 0.200000 0.000000
vt 0.000000 0.200000 0.000000
vt 0.000000 0.000000 0.000000
vt 1.390519 0.100000 0.000000
vt 2.781038 0.000000 0.000000
vt 2.781038 0.200000 0.000000
vt 0.000000 0.200000 0.000000
vt 0.000000 0.000000 0.000000
vt 0.980257 0.100000 0.000000
vt 1.976597 0.000000 0.000000
vt 1.976597 0.200000 0.000000
vt 1.978438 0.200000 0.000000
vt 1.978438 0.000000 0.000000
vt 3.077695 0.100000 0.000000
vt 4.195104 0.000000 0.000000
vt 4.195104 0.200000 0.000000
vt 0.000000 0.200000 0.000000
vt 0.000000 0.000000 0.000000
vt 1.712392 0.100000 0.000000
vt 3.424784 0.000000 0.000000
vt 3.424784 0.200000 0.000000
vt 0.000000 0.200000 0.000000
vt 0.000000 0.000000 0.000000
vt 1.150621 0.100000 0.000000
vt 2.312003 0.000000 0.000000
vt 2.312003 0.200000 0.000000
vt -3.407128 -0.888816 0.000000
vt 3.407128 0.888816 0.000000
vt -3.457612 -0.695292 0.000000
vt 3.356643 1.082339 0.000000
vt 0.115206 -0.030054 0.000000
vt 0.165690 0.163470 0.000000
vt -0.115206 0.030054 0.000000
vt -0.064721 0.223577 0.000000
vt 1.022329 -0.192883 0.000000
vt 1.059409 0.003649 0.000000
vt -1.022329 0.192883 0.000000
vt -0.985249 0.389416 0.000000
vt -0.954246 -0.221460 0.000000
vt 0.954246 0.221460 0.000000
vt -0.999460 -0.026638 0.000000
vt 0.909032 0.416282 0.000000
vt 2.294275 0.000000 0.000000
vt 3.362824 0.000000 0.000000
vt 2.294275 0.200000 0.000000
vt 3.362824 0.200000 0.000000
vt 4.431372 0.000000 0.000000
vt 4.431372 0.200000 0.000000
vt 5.499921 0.000000 0.000000
vt 5.499921 0.200000 0.000000
vt 6.568469 0.000000 0.000000
vt 6.568469 0.200000 0.000000
vt 2.322030 -0.435436 0.000000
vt 2.358893 -0.238862 0.000000
vt -2.322030 0.435436 0.000000
vt -2.285168 0.632009 0.000000
vt 1.849373 -0.000064 0.000000
vt 1.849380 0.199936 0.000000
vt -1.849373 0.000064 0.000000
vt -1.849366 0.200064 0.000000
vt -2.196384 -0.435114 0.000000
vt 2.196384 0.435114 0.000000
vt -2.235250 -0.238927 0.000000
vt 2.157518 0.631302 0.000000
vt 1.645477 -0.429255 0.000000
vt 1.695962 -0.235731 0.000000
vt -1.645477 0.429255 0.000000
vt -1.594993 0.622778 0.000000
vt 1.390519 -0.000048 0.000000
vt 1.390526 0.199952 0.000000
vt -1.390519 0.000048 0.000000
vt -1.390512 0.200048 0.000000
vt 6.641995 22.029531 0.000000
vt 6.641995 19.697824 0.000000
vt 6.880117 22.029499 0.000000
vt 8.384978 20.592545 0.000000
vt 53.000000 9.424778 0.000000
vt 52.000000 9.424778 0.000000
vt 53.000000 8.152685 0.000000
vt 52.000000 7.957132 0.000000
vt 53.000000 6.880592 0.000000
vt 52.000000 6.489485 0.000000
vt 53.000000 5.608499 0.000000
vt 52.000000 5.021839 0.000000
vt 53.000000 4.336405 0.000000
vt 50.953972 3.883690 0.000000
vt 52.770240 4.050694 0.000000
vt 52.084953 3.114781 0.000000
vt 50.014495 2.721254 0.000000
vt 51.516310 2.165694 0.000000
vt 49.609851 2.109933 0.000000
vt 49.261237 1.435581 0.000000
vt 51.090260 1.107751 0.000000
vt 49.025689 0.722125 0.000000
vt 50.971342 0.549567 0.000000
vt 48.943778 -0.000000 0.000000
vt 50.932023 -0.000000 0.000000
vt 4.000000 6.489485 0.000000
vt 3.000000 5.608499 0.000000
vt 4.000000 5.021839 0.000000
vt 3.000000 4.336405 0.000000
vt 5.046028 3.883690 0.000000
vt 3.229760 4.050694 0.000000
vt 3.915047 3.114781 0.000000
vt 3.000000 6.880592 0.000000
vt 4.000000 7.957132 0.000000
vt 3.000000 8.152685 0.000000
vt 4.000000 9.424778 0.000000
vt 3.000000 9.424778 0.000000
vt 5.985505 2.721254 0.000000
vt 4.483691 2.165694 0.000000
vt 6.390149 2.109933 0.000000
vt 4.909740 1.107751 0.000000
vt 6.738763 1.435581 0.000000
vt 6.974311 0.722125 0.000000
vt 5.028658 0.549567 0.000000
vt 7.056222 -0.000000 0.000000
vt 5.067977 -0.000000 0.000000
vt -3.000000 52.000000 0.000000
vt 0.000000 52.000000 0.000000
vt -3.000000 53.000000 0.000000
vt 0.000000 53.000000 0.000000
vt 53.000000 9.424778 0.000000
vt 52.000000 9.424778 0.000000
vt 53.000000 7.853982 0.000000
vt 52.000000 7.853982 0.000000
vt 53.000000 6.283185 0.000000
vt 52.000000 6.283185 0.000000
vt 53.000000 4.712389 0.000000
vt 52.000000 4.712389 0.000000
vt 53.000000 3.141593 0.000000
vt 52.000000 3.141593 0.000000
vt 53.000000 1.570796 0.000000
vt 52.000000 1.570796 0.000000
vt 53.000000 0.000000 0.000000
vt 52.000000 0.000000 0.000000
vt -3.000000 48.943778 0.000000
vt 0.000000 48.943778 0.000000
vt -3.000000 50.932023 0.000000
vt 0.000000 50.932023 0.000000
vt 0.000000 7.056222 0.000000
vt -3.000000 7.056222 0.000000
vt 0.000000 5.067977 0.000000
vt -3.000000 5.067977 0.000000
vt -3.000000 52.000000 0.000000
vt -0.000000 52.000000 0.000000
vt -3.000000 53.000000 0.000000
vt -0.000000 53.000000 0.000000
vt 50.932023 9.424778 0.000000
vt 48.943778 9.424778 0.000000
vt 50.971342 8.875211 0.000000
vt 49.025689 8.702653 0.000000
vt 51.090260 8.317027 0.000000
vt 49.261237 7.989197 0.000000
vt 49.609851 7.314845 0.000000
vt 51.516310 7.259083 0.000000
vt 50.014495 6.703524 0.000000
vt 52.084953 6.309997 0.000000
vt 50.953972 5.541088 0.000000
vt 52.770240 5.374084 0.000000
vt 53.000000 5.088372 0.000000
vt 52.000000 4.402939 0.000000
vt 53.000000 4.197048 0.000000
vt 52.000000 3.740092 0.000000
vt 53.000000 3.305724 0.000000
vt 52.000000 3.077246 0.000000
vt 53.000000 2.414399 0.000000
vt 52.000000 2.414399 0.000000
vt 52.999157 1.531094 0.000000
vt 51.998595 1.531094 0.000000
vt 52.000000 0.647790 0.000000
vt 52.000000 0.431860 0.000000
vt 53.000000 0.431860 0.000000
vt 53.000000 0.647790 0.000000
vt 53.000000 0.215930 0.000000
vt 52.000000 0.215930 0.000000
vt 53.000000 0.000000 0.000000
vt 52.000000 0.000000 0.000000
vt 5.046028 5.541088 0.000000
vt 3.000000 5.088372 0.000000
vt 4.000000 4.402939 0.000000
vt 3.000000 4.197048 0.000000
vt 4.000000 3.740092 0.000000
vt 3.000000 3.305724 0.000000
vt 4.000000 3.077246 0.000000
vt 3.000000 2.414399 0.000000
vt 4.000000 2.414399 0.000000
vt 3.000843 1.531094 0.000000
vt 4.001405 1.531094 0.000000
vt 4.000000 0.647790 0.000000
vt 3.000000 0.647790 0.000000
vt 4.000000 0.431860 0.000000
vt 3.000000 0.431860 0.000000
vt 4.000000 0.215930 0.000000
vt 3.000000 0.215930 0.000000
vt 4.000000 0.000000 0.000000
vt 3.000000 0.000000 0.000000
vt 5.985505 6.703524 0.000000
vt 3.915047 6.309997 0.000000
vt 3.229760 5.374084 0.000000
vt 4.483691 7.259084 0.000000
vt 6.390149 7.314845 0.000000
vt 6.738763 7.989197 0.000000
vt 4.909740 8.317027 0.000000
vt 6.974311 8.702653 0.000000
vt 5.028658 8.875211 0.000000
vt 7.056222 9.424778 0.000000
vt 5.067977 9.424778 0.000000
vt 53.000000 9.424778 0.000000
vt 52.000000 9.424778 0.000000
vt 53.000000 7.853982 0.000000
vt 52.000000 7.853982 0.000000
vt 53.000000 6.283185 0.000000
vt 52.000000 6.283185 0.000000
vt 53.000000 4.712389 0.000000
vt 52.000000 4.712389 0.000000
vt 53.000000 3.141593 0.000000
vt 52.000000 3.141593 0.000000
vt 53.000000 1.570796 0.000000
vt 52.000000 1.570796 0.000000
vt 53.000000 0.000000 0.000000
vt 52.000000 0.000000 0.000000
vt -3.000000 52.000000 0.000000
vt 0.000000 52.000000 0.000000
vt -3.000000 53.000000 0.000000
vt 0.000000 53.000000 0.000000
vt 0.000000 4.000000 0.000000
vt -3.000000 4.000000 0.000000
vt 0.000000 3.000000 0.000000
vt -3.000000 3.000000 0.000000
vt 3.000000 0.000000 0.000000
vt 4.000000 0.000000 0.000000
vt 3.000000 1.570796 0.000000
vt 4.000000 1.570796 0.000000
vt 3.000000 3.141593 0.000000
vt 4.000000 3.141593 0.000000
vt 3.000000 4.712389 0.000000
vt 4.000000 4.712389 0.000000
vt 3.000000 6.283185 0.000000
vt 4.000000 6.283185 0.000000
vt 3.000000 7.853982 0.000000
vt 4.000000 7.853982 0.000000
vt 3.000000 9.424778 0.000000
vt 4.000000 9.424778 0.000000
vt -0.000000 4.000000 0.000000
vt -3.000000 4.000000 0.000000
vt -0.000000 3.000000 0.000000
vt -3.000000 3.000000 0.000000
vt 3.000000 0.000000 0.000000
vt 4.000000 0.000000 0.000000
vt 3.000000 1.570796 0.000000
vt 4.000000 1.570796 0.000000
vt 3.000000 3.141593 0.000000
vt 4.000000 3.141593 0.000000
vt 3.000000 4.712389 0.000000
vt 4.000000 4.712389 0.000000
vt 3.000000 6.283185 0.000000
vt 4.000000 6.283185 0.000000
vt 3.000000 7.853982 0.000000
vt 4.000000 7.853982 0.000000
vt 3.000000 9.424778 0.000000
vt 4.000000 9.424778 0.000000
vt 0.000000 4.000000 0.000000
vt -3.000000 4.000000 0.000000
vt 0.000000 3.000000 0.000000
vt -3.000000 3.000000 0.000000
vt -5.117976 -3.519163 0.000000
vt -8.730066 -4.276788 0.000000
vt -5.955717 -4.817013 0.000000
vt -8.423843 -4.474031 0.000000
vt -8.092916 -4.627584 0.000000
vt -4.128909 -2.400379 0.000000
vt -9.752820 -2.838015 0.000000
vt -9.446416 -3.486868 0.000000
vt -9.005318 -4.041284 0.000000
vt -9.924064 -2.122573 0.000000
vt -3.566713 -1.930196 0.000000
vt -9.960182 -1.384841 0.000000
vt -2.921922 -1.530129 0.000000
vt -2.220383 -1.262275 0.000000
vt -1.500000 -1.169575 0.000000
vt -9.874340 -0.671141 0.000000
vt 1.500000 -1.169575 0.000000
vt -9.761363 -0.095700 0.000000
vt -9.655161 0.479741 0.000000
vt -1.041504 1.729476 0.000000
vt -9.066771 1.244997 0.000000
vt -8.603293 1.551578 0.000000
vt -8.176053 1.962540 0.000000
vt -7.794967 2.462703 0.000000
vt -7.178281 3.651832 0.000000
vt -6.742195 5.002721 0.000000
vt 7.263900 2.343995 0.000000
vt 0.176719 5.002721 0.000000
vt 7.095633 5.002721 0.000000
vt 7.518950 -0.314732 0.000000
vt 2.220383 -1.262275 0.000000
vt 2.921922 -1.530129 0.000000
vt 3.566713 -1.930196 0.000000
vt 7.856372 -2.973458 0.000000
vt 4.128909 -2.400379 0.000000
vt 5.117976 -3.519163 0.000000
vt 5.955717 -4.817013 0.000000
vt 7.629325 -4.209402 0.000000
vt 7.766037 -3.923921 0.000000
vt 7.849008 -3.610889 0.000000
vt 6.585478 -4.817013 0.000000
vt 6.895580 -4.776853 0.000000
vt 7.046623 -4.725052 0.000000
vt 7.189603 -4.652683 0.000000
vt 7.439545 -4.454806 0.000000
vt 7.877173 -3.287769 0.000000
vt -9.555820 1.055182 0.000000
vt -7.744717 -4.735436 0.000000
vt -7.034073 -4.817013 0.000000
vt -24.643370 5.955717 0.000000
vt -24.127632 6.371569 0.000000
vt -24.643370 6.585478 0.000000
vt -23.569191 6.728026 0.000000
vt -22.974854 7.020743 0.000000
vt -19.262259 -1.178097 0.000000
vt -18.382141 -1.113175 0.000000
vt -20.986615 -1.178097 0.000000
vt -20.932303 -0.869614 0.000000
vt -7.838412 -1.178097 0.000000
vt -14.770112 -0.785398 0.000000
vt -7.838412 -0.785398 0.000000
vt -14.770112 -0.392699 0.000000
vt -7.838412 -0.392699 0.000000
vt -14.770112 0.000000 0.000000
vt -7.838412 0.000000 0.000000
vt -14.770112 0.392699 0.000000
vt -7.838412 0.392699 0.000000
vt -14.770112 0.785398 0.000000
vt -7.838412 0.785398 0.000000
vt -14.770112 1.178097 0.000000
vt -7.838412 1.178097 0.000000
vt -17.502024 -1.178097 0.000000
vt -21.701813 1.178097 0.000000
vt -21.529310 0.914166 0.000000
vt -21.360491 0.636792 0.000000
vt -21.207001 0.351180 0.000000
vt -21.079146 0.061140 0.000000
vt -20.984961 -0.234934 0.000000
vt -20.931797 -0.549840 0.000000
vt -20.924999 -0.710026 0.000000
vt -2.150234 7.020743 0.000000
vt -1.555898 6.728026 0.000000
vt -0.481718 6.585478 0.000000
vt -0.997456 6.371569 0.000000
vt -0.481718 5.955717 0.000000
vt -0.481718 -5.955717 0.000000
vt -1.680399 -6.796211 0.000000
vt -0.481718 -7.034073 0.000000
vt -3.153636 -8.250061 0.000000
vt -3.046946 -7.321394 0.000000
vt -4.500000 -7.500000 0.000000
vt -7.500000 -7.500000 0.000000
vt -10.439948 -7.621038 0.000000
vt -9.052914 -7.295555 0.000000
vt -10.500000 -6.696152 0.000000
vt -11.742641 -5.742641 0.000000
vt -17.732833 -7.073470 0.000000
vt -12.696152 -4.500000 0.000000
vt -13.295555 -3.052914 0.000000
vt -16.848160 1.022133 0.000000
vt -13.500000 -1.500000 0.000000
vt -13.500000 1.500000 0.000000
vt -13.295555 3.052914 0.000000
vt -16.968112 10.294327 0.000000
vt -18.850911 10.058338 0.000000
vt -12.696152 4.500000 0.000000
vt -15.071287 10.242607 0.000000
vt -13.204146 9.904372 0.000000
vt -11.742641 5.742641 0.000000
vt -10.500000 6.696152 0.000000
vt -9.052914 7.295555 0.000000
vt -7.500000 7.500000 0.000000
vt -4.500000 7.500000 0.000000
vt -4.284117 7.496115 0.000000
vt -4.068513 7.484465 0.000000
vt -3.853468 7.465065 0.000000
vt -20.904960 9.658069 0.000000
vt -25.031382 1.175751 0.000000
vt -25.031382 -6.607426 0.000000
vt -22.965302 9.291566 0.000000
vt -25.031382 8.958928 0.000000
vt 8.290807 5.250381 0.000000
vt 5.249926 5.250381 0.000000
vt 8.932450 4.882576 0.000000
vt 4.476750 4.386622 0.000000
vt 9.478590 4.388419 0.000000
vt 9.908069 3.807598 0.000000
vt 3.618968 3.689129 0.000000
vt 10.230619 3.153717 0.000000
vt 2.601467 3.176720 0.000000
vt 2.048799 3.035144 0.000000
vt 10.448451 2.437670 0.000000
vt 1.500000 2.988467 0.000000
vt -1.500000 2.988467 0.000000
vt -2.048799 3.035144 0.000000
vt -8.582134 2.479801 0.000000
vt 0.980830 1.750127 0.000000
vt 10.557471 1.688593 0.000000
vt 10.560578 0.936135 0.000000
vt 10.467969 0.211334 0.000000
vt 0.980830 -1.750127 0.000000
vt 10.387610 -0.215040 0.000000
vt 9.719147 -1.074058 0.000000
vt 10.310820 -0.641413 0.000000
vt 10.000000 -1.051962 0.000000
vt 10.237629 -1.067787 0.000000
vt -2.601467 3.176720 0.000000
vt -8.598918 3.260694 0.000000
vt -3.618968 3.689129 0.000000
vt -8.426142 4.039822 0.000000
vt -4.476750 4.386622 0.000000
vt -8.266565 4.398287 0.000000
vt -8.061656 4.720889 0.000000
vt -7.804712 5.009040 0.000000
vt -5.249926 5.250381 0.000000
vt -7.493804 5.250381 0.000000
vt -8.349339 0.618361 0.000000
vt -8.154794 -1.243080 0.000000
vt -8.000000 -3.104520 0.000000
vt 7.956922 -2.342945 0.000000
vt -8.000000 -3.819807 0.000000
vt -0.628902 -5.250381 0.000000
vt -8.000000 -4.535094 0.000000
vt -8.000000 -5.250381 0.000000
vt 6.742195 -5.250381 0.000000
vt 7.238654 -3.681513 0.000000
vt 8.404086 -1.807209 0.000000
vt 8.900949 -1.399055 0.000000
vt 9.166339 -1.249436 0.000000
vt 9.440443 -1.140203 0.000000
vt 6.403124 5.468627 0.000000
vt 6.403124 6.459812 0.000000
vt 6.108888 5.249926 0.000000
vt 6.328700 7.001529 0.000000
vt 6.236483 7.255344 0.000000
vt 6.384464 6.735317 0.000000
vt 6.108888 7.493804 0.000000
vt 6.403124 -5.468627 0.000000
vt 6.108888 -5.249926 0.000000
vt 6.403124 -6.814843 0.000000
vt 6.329090 -7.583751 0.000000
vt 6.108888 -8.290807 0.000000
vt 0.000000 5.468627 0.000000
vt 0.636952 6.090954 0.000000
vt 0.000000 6.459812 0.000000
vt 1.358999 6.612153 0.000000
vt 2.150234 7.020743 0.000000
vt -7.106524 -1.963495 0.000000
vt -6.226407 -1.898587 0.000000
vt -9.328719 -1.963495 0.000000
vt -9.270455 -1.693444 0.000000
vt 4.317323 -1.963495 0.000000
vt -3.093446 -1.308997 0.000000
vt 4.317323 -1.308997 0.000000
vt -3.093446 -0.654498 0.000000
vt 4.317323 -0.654498 0.000000
vt -3.093446 0.000000 0.000000
vt 4.317323 0.000000 0.000000
vt -3.093446 0.654498 0.000000
vt 4.317323 0.654498 0.000000
vt -3.093446 1.308997 0.000000
vt 4.317323 1.308997 0.000000
vt -3.093446 1.963495 0.000000
vt 4.317323 1.963495 0.000000
vt -5.346289 -1.963495 0.000000
vt -10.504215 1.963495 0.000000
vt -10.097046 1.295004 0.000000
vt -9.715461 0.591814 0.000000
vt -9.552493 0.234574 0.000000
vt -9.417265 -0.123184 0.000000
vt -9.311933 -0.494950 0.000000
vt -9.245573 -0.883291 0.000000
vt -9.228638 -1.153342 0.000000
vt -9.236965 -1.423393 0.000000
vt 0.000000 5.468627 0.000000
vt 0.294236 5.249926 0.000000
vt 0.000000 6.459812 0.000000
vt 0.074424 7.001529 0.000000
vt 0.018660 6.735317 0.000000
vt 0.294236 7.493804 0.000000
vt 0.166641 7.255344 0.000000
vt 22.974854 7.020743 0.000000
vt 23.766090 6.612153 0.000000
vt 25.125088 6.459812 0.000000
vt 24.488136 6.090954 0.000000
vt 25.125088 5.468627 0.000000
vt 25.125088 -5.468627 0.000000
vt 24.189207 -6.326703 0.000000
vt 25.125088 -6.814843 0.000000
vt 23.093715 -6.968627 0.000000
vt 21.971452 -8.250061 0.000000
vt 21.887673 -7.365653 0.000000
vt 20.625088 -7.500000 0.000000
vt 17.625088 -7.500000 0.000000
vt 14.653953 -7.618522 0.000000
vt 16.072174 -7.295555 0.000000
vt 14.625088 -6.696152 0.000000
vt 13.382448 -5.742641 0.000000
vt 7.329829 -7.069136 0.000000
vt 12.428936 -4.500000 0.000000
vt 11.829533 -3.052914 0.000000
vt 8.375029 1.022133 0.000000
vt 11.625088 -1.500000 0.000000
vt 11.625088 1.500000 0.000000
vt 11.829533 3.052914 0.000000
vt 8.156976 10.294327 0.000000
vt 6.274178 10.058338 0.000000
vt 12.428936 4.500000 0.000000
vt 10.053801 10.242607 0.000000
vt 11.920942 9.904372 0.000000
vt 13.382448 5.742641 0.000000
vt 14.625088 6.696152 0.000000
vt 16.072174 7.295555 0.000000
vt 17.625088 7.500000 0.000000
vt 20.625088 7.500000 0.000000
vt 20.840971 7.496115 0.000000
vt 21.056575 7.484465 0.000000
vt 21.271620 7.465065 0.000000
vt 4.189067 9.652284 0.000000
vt 0.000000 1.171345 0.000000
vt 0.000000 -6.601975 0.000000
vt 2.097481 9.281026 0.000000
vt 0.000000 8.944665 0.000000
vt 2.692582 -7.000000 0.000000
vt -2.692582 -7.000000 0.000000
vt 0.915729 -7.443886 0.000000
vt -0.915729 -7.443886 0.000000
vt 0.041231 -5.061374 0.000000
vt 1.000000 -4.102616 0.000000
vt 0.000000 -4.102616 0.000000
vt 1.000000 -3.346489 0.000000
vt -0.000000 -2.735077 0.000000
vt 1.000000 -2.590361 0.000000
vt 1.000000 -1.834234 0.000000
vt 1.050484 -5.091750 0.000000
vt 0.149502 -6.015313 0.000000
vt 1.176208 -6.034043 0.000000
vt 0.478516 -7.938625 0.000000
vt 1.560091 -7.945802 0.000000
vt 0.792847 -9.867716 0.000000
vt 1.934119 -9.872000 0.000000
vt 0.886907 -10.828637 0.000000
vt 2.047559 -10.831735 0.000000
vt 0.919910 -11.780972 0.000000
vt 2.087275 -11.780972 0.000000
vt 2.047559 -12.730210 0.000000
vt 0.886907 -12.733308 0.000000
vt 1.934119 -13.689945 0.000000
vt 0.792847 -13.694229 0.000000
vt 1.560091 -15.616143 0.000000
vt 0.478516 -15.623320 0.000000
vt 1.176208 -17.527902 0.000000
vt 0.149502 -17.546631 0.000000
vt 1.050484 -18.470195 0.000000
vt 0.041231 -18.500571 0.000000
vt 1.000000 -19.459329 0.000000
vt 0.000000 -19.459329 0.000000
vt 1.000000 -20.215456 0.000000
vt 0.000000 -20.826867 0.000000
vt 1.000000 -20.971584 0.000000
vt 1.000000 -21.727711 0.000000
vt 0.000000 -22.194406 0.000000
vt 1.077708 -22.653845 0.000000
vt 0.000000 -23.561945 0.000000
vt 1.102858 -23.561945 0.000000
vt 1.102858 23.561945 0.000000
vt 0.000000 23.561945 0.000000
vt 1.077708 22.653845 0.000000
vt 0.000000 21.598449 0.000000
vt 1.000000 21.727711 0.000000
vt 1.000000 19.929541 0.000000
vt 0.000000 19.634954 0.000000
vt 1.000000 18.131372 0.000000
vt 0.000000 17.671459 0.000000
vt 1.000000 16.333202 0.000000
vt 0.000000 15.707963 0.000000
vt 1.000000 14.535033 0.000000
vt 0.000000 13.744468 0.000000
vt 2.500000 14.535033 0.000000
vt 2.500000 12.698992 0.000000
vt 0.000000 11.780972 0.000000
vt 2.500000 10.862952 0.000000
vt 0.000000 9.817477 0.000000
vt 2.500000 9.026912 0.000000
vt 1.000000 9.026912 0.000000
vt 0.000000 7.853982 0.000000
vt 1.000000 7.228743 0.000000
vt 0.000000 5.890486 0.000000
vt 1.000000 5.430573 0.000000
vt 0.000000 3.926991 0.000000
vt 1.000000 3.632403 0.000000
vt 0.000000 1.963495 0.000000
vt 1.000000 1.834234 0.000000
vt 1.077708 0.908100 0.000000
vt 0.000000 0.000000 0.000000
vt 1.102858 -0.000000 0.000000
vt 1.077708 -0.908100 0.000000
vt 0.000000 -1.367539 0.000000
vt 1.500000 2.692582 0.000000
vt 3.000000 2.692582 0.000000
vt 1.500000 7.276821 0.000000
vt 2.280910 9.098724 0.000000
vt 3.500000 4.289693 0.000000
vt 2.948418 10.965159 0.000000
vt 3.500000 12.869078 0.000000
vt 3.500000 -4.289693 0.000000
vt 3.000000 -2.692582 0.000000
vt 2.280910 -9.098724 0.000000
vt 1.500000 -7.276821 0.000000
vt 1.500000 -2.692582 0.000000
vt 2.948418 -10.965159 0.000000
vt 3.500000 -12.869078 0.000000
vt 7.000000 13.134960 0.000000
vt 1.816004 13.134960 0.000000
vt 7.000000 11.152440 0.000000
vt 0.905866 12.949736 0.000000
vt -0.000000 12.889219 0.000000
vt -0.905866 12.949736 0.000000
vt -4.981221 8.964464 0.000000
vt 0.176719 8.981018 0.000000
vt 7.000000 9.169920 0.000000
vt 7.000000 7.187400 0.000000
vt 0.176719 4.870875 0.000000
vt 7.032383 6.100547 0.000000
vt 7.054798 5.690656 0.000000
vt 7.075882 5.280766 0.000000
vt 7.095633 4.870875 0.000000
vt -1.816004 13.134960 0.000000
vt -3.509301 13.134960 0.000000
vt -6.742195 4.870875 0.000000
vt -4.807418 7.000000 0.000000
vt -3.222177 6.160376 0.000000
vt -0.223179 7.000000 0.000000
vt -1.881663 4.968329 0.000000
vt -0.862563 3.492053 0.000000
vt -0.223179 1.816004 0.000000
vt -0.223179 -1.816004 0.000000
vt -0.442902 -2.539168 0.000000
vt -0.223179 -3.509301 0.000000
vt -0.734294 -3.236545 0.000000
vt -0.250240 -3.901054 0.000000
vt -1.094395 -3.901054 0.000000
vt -13.905605 -3.901054 0.000000
vt -14.265706 -3.236545 0.000000
vt -14.749760 -3.901054 0.000000
vt -14.776821 -3.509301 0.000000
vt -14.557098 -2.539168 0.000000
vt -14.776821 -1.816004 0.000000
vt 36.426159 1.315614 0.000000
vt 35.369078 1.570796 0.000000
vt 27.142053 1.315614 0.000000
vt 26.789693 1.570796 0.000000
vt 18.210307 1.570796 0.000000
vt 17.857947 1.315614 0.000000
vt 9.630922 1.570796 0.000000
vt 8.573841 1.315614 0.000000
vt -3.141593 0.000058 0.000000
vt -3.119524 0.000058 0.000000
vt -3.141593 0.025614 0.000000
vt -3.107368 0.012353 0.000000
vt -3.119133 0.025614 0.000000
vt -3.075078 0.012836 0.000000
vt -3.096670 0.025614 0.000000
vt -3.074200 0.025614 0.000000
vt -3.097453 0.000058 0.000000
vt -3.075376 0.000058 0.000000
vt -1.604378 -4.695616 0.000000
vt -1.584940 -4.695616 0.000000
vt -1.604378 -4.305904 0.000000
vt -1.570566 -4.403331 0.000000
vt -1.570566 -4.111045 0.000000
vt -1.541460 -4.305904 0.000000
vt -1.544865 -3.916185 0.000000
vt -1.562601 -4.695616 0.000000
vt -1.540224 -4.695616 0.000000
vt -1.570566 -3.818759 0.000000
vt -1.550211 -3.526473 0.000000
vt -1.570566 -3.526473 0.000000
vt -1.570566 -3.234187 0.000000
vt -1.597298 -3.526473 0.000000
vt -1.590418 -3.136734 0.000000
vt -1.570566 -2.941902 0.000000
vt -1.582382 -2.747087 0.000000
vt -1.565171 -2.747086 0.000000
vt -1.570566 -2.649616 0.000000
vt -1.573775 -2.357330 0.000000
vt -1.557138 -3.136735 0.000000
vt -1.602633 -3.916184 0.000000
vt -13.047311 1.502441 0.000000
vt -13.047311 1.525226 0.000000
vt -23.015770 1.502441 0.000000
vt -23.015770 1.570796 0.000000
vt -32.984230 1.570796 0.000000
vt -13.047311 1.548011 0.000000
vt -13.047311 1.570796 0.000000
vt -42.952689 1.570796 0.000000
vt -42.952689 1.548011 0.000000
vt -32.984230 1.502441 0.000000
vt -42.952689 1.525226 0.000000
vt -42.952689 1.502441 0.000000
vt -3.075376 -0.000058 0.000000
vt -3.097453 -0.000058 0.000000
vt -3.075078 -0.012833 0.000000
vt -3.119524 -0.000058 0.000000
vt -3.107368 -0.012892 0.000000
vt -3.141593 -0.000058 0.000000
vt -3.119133 -0.025608 0.000000
vt -3.141593 -0.025608 0.000000
vt -3.096670 -0.025608 0.000000
vt -3.074200 -0.025608 0.000000
vt -1.584940 -0.019044 0.000000
vt -1.604378 -0.019044 0.000000
vt -1.570566 -0.311329 0.000000
vt -1.604378 -0.408800 0.000000
vt -1.570566 -0.603615 0.000000
vt -1.602651 -0.798440 0.000000
vt -1.570566 -0.895901 0.000000
vt -1.597298 -1.188187 0.000000
vt -1.570566 -1.188187 0.000000
vt -1.570566 -1.480472 0.000000
vt -1.550211 -1.188187 0.000000
vt -1.557136 -1.577895 0.000000
vt -1.570566 -1.772758 0.000000
vt -1.565169 -1.967617 0.000000
vt -1.582376 -1.967617 0.000000
vt -1.570566 -2.065044 0.000000
vt -1.573775 -2.357330 0.000000
vt -1.590404 -1.577895 0.000000
vt -1.544863 -0.798441 0.000000
vt -1.541459 -0.408797 0.000000
vt -1.562601 -0.019044 0.000000
vt -1.540224 -0.019044 0.000000
vt 2.500000 5.835900 0.000000
vt 2.500000 3.708621 0.000000
vt 13.750000 5.835900 0.000000
vt 13.750000 2.644981 0.000000
vt 25.000000 2.644981 0.000000
vt 25.000000 -0.545939 0.000000
vt 36.250000 -0.545939 0.000000
vt 2.500000 1.581341 0.000000
vt 13.750000 -0.545939 0.000000
vt 2.500000 -0.545939 0.000000
vt 47.500000 -0.545939 0.000000
vt 47.500000 1.581341 0.000000
vt 36.250000 2.644981 0.000000
vt 25.000000 5.835900 0.000000
vt 47.500000 3.708621 0.000000
vt 36.250000 5.835900 0.000000
vt 47.500000 5.835900 0.000000
vt -23.597399 10.271220 0.000000
vt -23.519155 9.868385 0.000000
vt -15.205862 13.750000 0.000000
vt -22.852545 7.291066 0.000000
vt -21.842132 4.820693 0.000000
vt -20.505395 2.500000 0.000000
vt -13.573695 2.500000 0.000000
vt -6.641995 13.750000 0.000000
vt -6.641995 2.500000 0.000000
vt -15.205862 25.000000 0.000000
vt -6.641995 25.000000 0.000000
vt -15.205862 36.250000 0.000000
vt -6.641995 36.250000 0.000000
vt -13.573695 47.500000 0.000000
vt -6.641995 47.500000 0.000000
vt -20.505395 47.500000 0.000000
vt -21.842132 45.179307 0.000000
vt -22.852545 42.708934 0.000000
vt -23.519155 40.131615 0.000000
vt -23.597399 39.728780 0.000000
vt -23.680928 39.326940 0.000000
vt -23.769729 38.926159 0.000000
vt -23.769729 29.642053 0.000000
vt -23.769729 20.357947 0.000000
vt -23.769729 11.073841 0.000000
vt -23.680928 10.673060 0.000000
vt -2.220383 1.262275 0.000000
vt -9.874340 0.671141 0.000000
vt -1.500000 1.169575 0.000000
vt -9.761363 0.095700 0.000000
vt -9.655161 -0.479741 0.000000
vt -9.960227 1.385965 0.000000
vt -2.921922 1.530129 0.000000
vt -3.566713 1.930196 0.000000
vt -9.923631 2.125701 0.000000
vt -4.128909 2.400379 0.000000
vt -9.751346 2.842274 0.000000
vt -5.117976 3.519163 0.000000
vt -9.444748 3.489609 0.000000
vt -9.001827 4.044730 0.000000
vt -8.726333 4.279535 0.000000
vt -8.420657 4.475801 0.000000
vt -8.090598 4.628455 0.000000
vt -7.034073 4.817013 0.000000
vt -7.743459 4.735741 0.000000
vt -5.955717 4.817013 0.000000
vt -1.041527 -1.729476 0.000000
vt -9.555820 -1.055182 0.000000
vt -9.062403 -1.241292 0.000000
vt -8.599625 -1.548753 0.000000
vt -8.175624 -1.961333 0.000000
vt -7.796081 -2.460796 0.000000
vt -7.179574 -3.648872 0.000000
vt 0.176719 -5.002721 0.000000
vt 7.263900 -2.343995 0.000000
vt 7.095633 -5.002721 0.000000
vt -6.742195 -5.002721 0.000000
vt 7.518950 0.314732 0.000000
vt 7.856372 2.973458 0.000000
vt 2.921922 1.530129 0.000000
vt 2.220383 1.262275 0.000000
vt 1.500000 1.169575 0.000000
vt 7.877173 3.287769 0.000000
vt 5.117976 3.519163 0.000000
vt 4.128909 2.400379 0.000000
vt 3.566713 1.930196 0.000000
vt 7.849008 3.610889 0.000000
vt 7.766037 3.923921 0.000000
vt 7.629325 4.209402 0.000000
vt 7.439545 4.454806 0.000000
vt 5.955717 4.817013 0.000000
vt 7.189603 4.652683 0.000000
vt 7.046623 4.725052 0.000000
vt 6.895580 4.776853 0.000000
vt 6.585478 4.817013 0.000000
vt 3.509301 13.134960 0.000000
vt 1.816004 13.134960 0.000000
vt 4.981183 8.964452 0.000000
vt 0.905867 12.949736 0.000000
vt 0.000000 12.889219 0.000000
vt -0.176719 8.981012 0.000000
vt -0.905867 12.949736 0.000000
vt -7.000000 11.152440 0.000000
vt -7.000000 13.134960 0.000000
vt -1.816004 13.134960 0.000000
vt -7.000000 9.169920 0.000000
vt -7.000000 7.187400 0.000000
vt -0.176719 4.870875 0.000000
vt -7.032383 6.100547 0.000000
vt -7.054798 5.690656 0.000000
vt -7.075882 5.280766 0.000000
vt -7.095633 4.870875 0.000000
vt 6.742195 4.870875 0.000000
vt -14.776821 1.816004 0.000000
vt -14.137437 3.492053 0.000000
vt -14.776821 7.000000 0.000000
vt -13.118337 4.968329 0.000000
vt -11.777823 6.160376 0.000000
vt -10.192582 7.000000 0.000000
vt 2.752929 -4.014149 0.000000
vt 2.752929 -3.512276 0.000000
vt 1.592210 -3.484662 0.000000
vt 2.053041 -2.952031 0.000000
vt 1.353152 -2.952031 0.000000
vt 1.353152 -2.775342 0.000000
vt 0.791092 -2.490133 0.000000
vt 1.353152 -2.121144 0.000000
vt 1.353152 -1.466946 0.000000
vt 2.053041 -2.121144 0.000000
vt 2.053041 -1.466946 0.000000
vt 2.752929 -2.007015 0.000000
vt 2.752929 -1.003507 0.000000
vt 2.752929 -3.010522 0.000000
vt 2.752929 -2.508768 0.000000
vt 2.053041 -2.775342 0.000000
vt 2.752929 0.000000 0.000000
vt 1.542700 0.000000 0.000000
vt 0.332492 -0.000000 0.000000
vt 2.752718 3.999869 0.000000
vt 1.596385 3.475378 0.000000
vt 2.752718 3.497839 0.000000
vt 2.052922 2.977945 0.000000
vt 2.752718 2.998971 0.000000
vt 2.052922 2.850846 0.000000
vt 2.752718 2.500178 0.000000
vt 2.052922 2.247016 0.000000
vt 2.752718 2.000728 0.000000
vt 2.052922 1.821384 0.000000
vt 2.052922 1.395751 0.000000
vt 1.353127 1.821384 0.000000
vt 1.353127 1.395751 0.000000
vt 0.800057 2.501763 0.000000
vt 0.332467 0.000000 0.000000
vt 1.353127 2.977945 0.000000
vt 1.353127 2.850846 0.000000
vt 1.353127 2.247016 0.000000
vt 1.542582 0.000000 0.000000
vt 2.752718 0.000000 0.000000
vt 2.752718 1.001682 0.000000
vt 0.080884 1.528289 0.000000
vt 0.561221 7.811166 0.000000
vt 0.614984 9.061675 0.000000
vt 1.718124 7.811166 0.000000
vt 2.491927 7.811166 0.000000
vt 2.491927 6.560657 0.000000
vt 3.265730 6.560657 0.000000
vt 3.265730 5.310148 0.000000
vt 4.178952 5.310148 0.000000
vt 4.178952 4.059639 0.000000
vt 5.092175 4.654716 0.000000
vt 4.178952 2.148392 0.000000
vt 5.092175 0.237144 0.000000
vt 4.817694 0.307325 0.000000
vt 3.703772 0.528951 0.000000
vt 3.265730 2.148392 0.000000
vt 2.550924 0.823769 0.000000
vt 2.491927 2.148392 0.000000
vt 1.718124 2.148392 0.000000
vt 1.718124 4.059639 0.000000
vt 0.561221 4.059639 0.000000
vt 0.561221 5.310148 0.000000
vt 0.561221 6.560657 0.000000
vt 1.718124 6.560657 0.000000
vt 0.561221 2.148392 0.000000
vt 1.346250 1.166810 0.000000
vt 4.178952 6.560657 0.000000
vt 5.092175 9.061675 0.000000
vt 4.178952 7.811166 0.000000
vt 2.853613 9.061675 0.000000
vt 3.265730 7.811166 0.000000
vt 3.265730 4.059639 0.000000
vt 2.491927 4.059639 0.000000
vt 2.491927 5.310148 0.000000
vt 1.718124 5.310148 0.000000
vt -6.094395 6.172512 0.000000
vt -6.663039 5.361951 0.000000
vt -5.250240 6.172512 0.000000
vt -5.504523 4.640905 0.000000
vt -7.299249 4.656064 0.000000
vt -8.829833 3.454477 0.000000
vt -5.823479 3.117477 0.000000
vt -10.611582 2.644566 0.000000
vt -6.185933 1.603180 0.000000
vt -11.553311 2.430480 0.000000
vt -12.500000 2.358430 0.000000
vt -13.446689 2.430480 0.000000
vt -18.814067 1.603180 0.000000
vt -12.500000 1.603180 0.000000
vt -6.569011 0.093905 0.000000
vt -12.500000 0.093905 0.000000
vt -18.430989 0.093905 0.000000
vt -14.388418 2.644566 0.000000
vt -19.176521 3.117477 0.000000
vt -16.170167 3.454477 0.000000
vt -19.495477 4.640905 0.000000
vt -17.700751 4.656064 0.000000
vt -18.336961 5.361951 0.000000
vt -18.905605 6.172512 0.000000
vt -19.749760 6.172512 0.000000
vt 5.092175 14.014830 0.000000
vt 4.817694 13.944648 0.000000
vt 4.178952 12.073599 0.000000
vt 3.703772 13.723023 0.000000
vt 3.265730 12.073599 0.000000
vt 2.550924 13.428205 0.000000
vt 2.491927 12.073599 0.000000
vt 1.718124 12.073599 0.000000
vt 2.491927 11.102983 0.000000
vt 1.718124 11.102983 0.000000
vt 2.491927 10.132368 0.000000
vt 1.718124 10.132368 0.000000
vt 2.491927 7.661335 0.000000
vt 1.718124 7.661335 0.000000
vt 2.853613 5.190303 0.000000
vt 0.614984 5.190303 0.000000
vt 0.561221 7.661335 0.000000
vt 0.080884 12.723685 0.000000
vt 0.561221 10.132368 0.000000
vt 0.561221 11.102983 0.000000
vt 1.346250 13.085164 0.000000
vt 0.561221 12.073599 0.000000
vt 5.092175 5.190303 0.000000
vt 4.178952 7.661335 0.000000
vt 3.265730 7.661335 0.000000
vt 5.092175 9.597256 0.000000
vt 4.178952 10.132368 0.000000
vt 3.265730 10.132368 0.000000
vt 3.265730 11.102983 0.000000
vt 4.178952 11.102983 0.000000
vt -45.575156 -6.645560 0.000000
vt -35.734526 -6.144460 0.000000
vt -45.576274 -6.607426 0.000000
vt -45.576274 1.175751 0.000000
vt -34.389367 1.176278 0.000000
vt -39.286253 8.198828 0.000000
vt -32.967064 7.699053 0.000000
vt -26.630574 7.503145 0.000000
vt -23.202459 1.176805 0.000000
vt -15.764364 6.772170 0.000000
vt -12.015551 1.177332 0.000000
vt -4.898155 6.041195 0.000000
vt -0.828644 0.270597 0.000000
vt -0.828644 6.041195 0.000000
vt -25.887428 -5.786453 0.000000
vt -16.036018 -5.571617 0.000000
vt -6.182451 -5.500000 0.000000
vt -0.828644 -5.500000 0.000000
vt -45.573057 9.001277 0.000000
vt -45.576274 8.958928 0.000000
vt -17.625088 -7.500000 0.000000
vt -20.625088 -7.500000 0.000000
vt -21.971452 -8.250061 0.000000
vt -22.078143 -7.321394 0.000000
vt -23.444689 -6.796211 0.000000
vt -24.643370 -5.955717 0.000000
vt -24.643370 -7.034073 0.000000
vt -14.685140 -7.621038 0.000000
vt -16.072174 -7.295555 0.000000
vt -14.625088 -6.696152 0.000000
vt -13.382448 -5.742641 0.000000
vt -7.392255 -7.073470 0.000000
vt -12.428936 -4.500000 0.000000
vt -11.829533 -3.052914 0.000000
vt -8.276928 1.022133 0.000000
vt -11.625088 -1.500000 0.000000
vt -11.625088 1.500000 0.000000
vt -11.829533 3.052914 0.000000
vt -8.156976 10.294327 0.000000
vt -12.428936 4.500000 0.000000
vt -10.053801 10.242607 0.000000
vt -11.920942 9.904372 0.000000
vt -0.093707 -6.607426 0.000000
vt -0.093707 1.175751 0.000000
vt -0.093707 8.958928 0.000000
vt -2.159786 9.291566 0.000000
vt -4.220128 9.658069 0.000000
vt -6.274178 10.058338 0.000000
vt -21.271620 7.465065 0.000000
vt -21.056575 7.484465 0.000000
vt -20.840971 7.496115 0.000000
vt -20.625088 7.500000 0.000000
vt -17.625088 7.500000 0.000000
vt -16.072174 7.295555 0.000000
vt -14.625088 6.696152 0.000000
vt -13.382448 5.742641 0.000000
vt 2.333914 -191.938896 0.000000
vt 2.100523 -193.442098 0.000000
vt 2.267993 -201.333847 0.000000
vt 1.867132 -193.442098 0.000000
vt 1.928808 -201.346223 0.000000
vt 1.633740 -193.442098 0.000000
vt 1.653477 -201.341109 0.000000
vt 1.400349 -193.442098 0.000000
vt 1.166957 -193.442098 0.000000
vt 1.166957 -190.262737 0.000000
vt 0.933566 -190.262737 0.000000
vt 1.167426 -182.447217 0.000000
vt 0.875861 -182.430115 0.000000
vt 2.100523 -190.262737 0.000000
vt 2.333914 -182.544089 0.000000
vt 2.331913 -182.543905 0.000000
vt 2.040993 -182.517255 0.000000
vt 1.867132 -190.262737 0.000000
vt 1.749901 -182.491618 0.000000
vt 1.633740 -190.262737 0.000000
vt 1.458824 -182.467982 0.000000
vt 1.400349 -190.262737 0.000000
vt 0.700174 -190.262737 0.000000
vt 0.584042 -182.417304 0.000000
vt 0.466783 -190.262737 0.000000
vt 0.292067 -182.409255 0.000000
vt 0.233391 -190.262737 0.000000
vt 0.000000 -182.406245 0.000000
vt 0.000000 -188.695250 0.000000
vt 0.000000 -194.984255 0.000000
vt 0.233391 -193.442098 0.000000
vt 0.466783 -193.442098 0.000000
vt 0.551716 -201.300487 0.000000
vt 0.827200 -201.313021 0.000000
vt 0.000000 -201.273260 0.000000
vt 0.275921 -201.287082 0.000000
vt 0.700174 -193.442098 0.000000
vt 1.102377 -201.324223 0.000000
vt 0.933566 -193.442098 0.000000
vt 1.377800 -201.333683 0.000000
vt -4.712389 -217.897292 0.000000
vt -4.712389 -219.925587 0.000000
vt -4.710405 -217.897107 0.000000
vt -4.421930 -217.870468 0.000000
vt -4.319690 -223.982176 0.000000
vt -3.926991 -223.982176 0.000000
vt -4.712389 -221.953881 0.000000
vt -4.712389 -223.982176 0.000000
vt -4.133316 -217.844841 0.000000
vt -3.534292 -223.982176 0.000000
vt -3.844717 -217.821213 0.000000
vt -3.555825 -217.800457 0.000000
vt -3.141593 -223.982176 0.000000
vt -3.266782 -217.783362 0.000000
vt -2.748894 -223.982176 0.000000
vt -2.977489 -217.770559 0.000000
vt -2.688066 -217.762517 0.000000
vt -2.356194 -221.906876 0.000000
vt -2.356194 -219.831576 0.000000
vt -2.356194 -223.982176 0.000000
vt -2.356194 -217.756276 0.000000
vt -2.398541 -217.759513 0.000000
vt -0.000000 18.579909 0.000000
vt -0.000000 20.640432 0.000000
vt -0.392699 18.579909 0.000000
vt -0.392699 21.670693 0.000000
vt -0.785398 21.670693 0.000000
vt -0.785398 24.761477 0.000000
vt -1.178097 24.761477 0.000000
vt -0.000000 22.700954 0.000000
vt -0.392699 24.761477 0.000000
vt 0.000000 24.761477 0.000000
vt -1.178097 21.670693 0.000000
vt -1.570796 24.761477 0.000000
vt -1.570796 21.670693 0.000000
vt -1.963495 24.761477 0.000000
vt -1.963495 21.670693 0.000000
vt -2.356194 22.700954 0.000000
vt -2.356194 20.640432 0.000000
vt -2.356194 24.761477 0.000000
vt -2.356194 18.579909 0.000000
vt -1.963495 18.579909 0.000000
vt -1.570796 18.579909 0.000000
vt -1.178097 18.579909 0.000000
vt -0.785398 18.579909 0.000000
vt -21.368049 47.065763 0.000000
vt -21.358018 37.534259 0.000000
vt -10.687113 45.000907 0.000000
vt -10.682551 37.534259 0.000000
vt -0.000000 42.952689 0.000000
vt -0.000000 32.984230 0.000000
vt -10.682551 28.002755 0.000000
vt -0.000000 23.015770 0.000000
vt -10.682551 18.471251 0.000000
vt -0.000000 13.047311 0.000000
vt -10.672506 11.001849 0.000000
vt 0.002947 13.015581 0.000000
vt -21.358018 28.002755 0.000000
vt -21.358018 18.471251 0.000000
vt -21.338834 8.939747 0.000000
vt 0.002947 42.984419 0.000000
vt 3.831333 1.178097 0.000000
vt -0.238178 1.178097 0.000000
vt 3.809766 0.788571 0.000000
vt -0.247842 0.785398 0.000000
vt 3.789645 0.399044 0.000000
vt -0.276174 0.392699 0.000000
vt 3.772319 0.009517 0.000000
vt -0.321245 0.000000 0.000000
vt 3.758951 -0.380009 0.000000
vt -0.379983 -0.392699 0.000000
vt 3.750436 -0.769536 0.000000
vt -0.448384 -0.785398 0.000000
vt 3.747347 -1.159063 0.000000
vt -0.521788 -1.178097 0.000000
vt 3.746592 -1.168580 0.000000
vt 3.744341 -1.178097 0.000000
vt 23.178085 1.168580 0.000000
vt 12.287317 1.168580 0.000000
vt 23.180867 0.889917 0.000000
vt 15.937499 0.779053 0.000000
vt 23.183537 0.611433 0.000000
vt 15.937499 0.389527 0.000000
vt 23.186010 0.333321 0.000000
vt 15.937499 0.000000 0.000000
vt 23.188200 0.055639 0.000000
vt 23.190035 -0.222180 0.000000
vt 15.937499 -0.389527 0.000000
vt 23.191466 -0.500134 0.000000
vt 15.937499 -0.778106 0.000000
vt 23.192446 -0.777631 0.000000
vt 23.207974 -1.119332 0.000000
vt 8.667024 -0.778582 0.000000
vt 12.344255 -1.168580 0.000000
vt 1.477445 -0.779053 0.000000
vt 1.480535 -1.168580 0.000000
vt 8.667024 0.779053 0.000000
vt 1.396548 1.168580 0.000000
vt 1.418116 0.779053 0.000000
vt 1.438237 0.389527 0.000000
vt 8.667024 0.389527 0.000000
vt 1.455562 -0.000000 0.000000
vt 8.667024 -0.000000 0.000000
vt 1.468931 -0.389527 0.000000
vt 8.667024 -0.389527 0.000000
vt 2.356194 -217.756276 0.000000
vt 2.356194 -219.831576 0.000000
vt 2.398541 -217.759513 0.000000
vt 2.688066 -217.762517 0.000000
vt 2.356194 -221.906876 0.000000
vt 2.748894 -223.982176 0.000000
vt 2.356194 -223.982176 0.000000
vt 2.977489 -217.770559 0.000000
vt 3.141593 -223.982176 0.000000
vt 3.266782 -217.783362 0.000000
vt 3.534292 -223.982176 0.000000
vt 3.555825 -217.800457 0.000000
vt 3.844717 -217.821213 0.000000
vt 3.926991 -223.982176 0.000000
vt 4.133316 -217.844841 0.000000
vt 4.319690 -223.982176 0.000000
vt 4.421930 -217.870468 0.000000
vt 4.712389 -219.925587 0.000000
vt 4.710405 -217.897107 0.000000
vt 4.712389 -217.897292 0.000000
vt 4.712389 -223.982176 0.000000
vt 4.712389 -221.953881 0.000000
vt -2.356194 24.022161 0.000000
vt -2.356194 21.961638 0.000000
vt -1.963495 24.022161 0.000000
vt -1.963495 20.931377 0.000000
vt -1.570796 20.931377 0.000000
vt -1.570796 17.840593 0.000000
vt -1.178097 17.840593 0.000000
vt -2.356194 19.901116 0.000000
vt -1.963495 17.840593 0.000000
vt -2.356194 17.840593 0.000000
vt -1.178097 20.931377 0.000000
vt -0.785398 17.840593 0.000000
vt -0.785398 20.931377 0.000000
vt -0.392699 17.840593 0.000000
vt -0.392699 20.931377 0.000000
vt -0.000000 19.901116 0.000000
vt 0.000000 21.961638 0.000000
vt -0.000000 17.840593 0.000000
vt 0.000000 24.022161 0.000000
vt -0.392699 24.022161 0.000000
vt -0.785398 24.022161 0.000000
vt -1.178097 24.022161 0.000000
vt -1.570796 24.022161 0.000000
vt 6.226407 -1.113175 0.000000
vt 8.776569 -0.869614 0.000000
vt 5.346289 -1.178097 0.000000
vt 2.614378 -0.785398 0.000000
vt -4.317323 -1.178097 0.000000
vt -4.317323 -0.785398 0.000000
vt -4.317323 -0.392699 0.000000
vt 2.614378 -0.392699 0.000000
vt -4.317323 0.000000 0.000000
vt 2.614378 0.000000 0.000000
vt -4.317323 0.392699 0.000000
vt 2.614378 0.392699 0.000000
vt -4.317323 0.785398 0.000000
vt 2.614378 0.785398 0.000000
vt -4.317323 1.178097 0.000000
vt 2.614378 1.178097 0.000000
vt 9.373575 0.914166 0.000000
vt 9.546078 1.178097 0.000000
vt 7.106524 -1.178097 0.000000
vt 8.830880 -1.178097 0.000000
vt 8.769264 -0.710026 0.000000
vt 8.776062 -0.549840 0.000000
vt 8.829226 -0.234934 0.000000
vt 8.923411 0.061140 0.000000
vt 9.051266 0.351180 0.000000
vt 9.204756 0.636792 0.000000
vt -5.191860 13.047311 0.000000
vt -1.000000 13.839881 0.000000
vt -5.191860 23.015770 0.000000
vt -1.000000 23.279960 0.000000
vt -1.000000 32.720040 0.000000
vt -5.191860 32.984230 0.000000
vt -1.000000 42.160119 0.000000
vt -5.191860 42.952689 0.000000
vt 13.888754 -1.178097 0.000000
vt 18.154883 -1.178097 0.000000
vt 13.886503 -1.168580 0.000000
vt 13.885748 -1.159063 0.000000
vt 18.081479 -0.785398 0.000000
vt 13.882658 -0.769536 0.000000
vt 18.013077 -0.392699 0.000000
vt 13.874144 -0.380009 0.000000
vt 17.954340 0.000000 0.000000
vt 13.860776 0.009517 0.000000
vt 17.909269 0.392699 0.000000
vt 13.843450 0.399044 0.000000
vt 17.880936 0.785398 0.000000
vt 13.823329 0.788571 0.000000
vt 17.871272 1.178097 0.000000
vt 13.801761 1.178097 0.000000
vt 16.175216 0.779053 0.000000
vt 16.196783 1.168580 0.000000
vt 8.911977 0.779053 0.000000
vt 5.306015 1.168580 0.000000
vt 1.627170 0.779053 0.000000
vt -5.584753 1.168580 0.000000
vt -5.598664 0.890248 0.000000
vt -5.612109 0.612051 0.000000
vt 1.627170 0.389527 0.000000
vt 8.911977 0.389527 0.000000
vt 8.911977 0.000000 0.000000
vt 16.137769 -0.000000 0.000000
vt 16.124401 -0.389527 0.000000
vt 8.911977 -0.389527 0.000000
vt 8.911977 -0.778424 0.000000
vt 1.627170 -0.777787 0.000000
vt 5.234212 -1.168580 0.000000
vt -5.644372 -1.119304 0.000000
vt -5.657637 -0.777150 0.000000
vt -5.652573 -0.499401 0.000000
vt 1.627170 -0.389527 0.000000
vt -5.645207 -0.221296 0.000000
vt 1.627170 0.000000 0.000000
vt -5.635802 0.056555 0.000000
vt -5.624637 0.334143 0.000000
vt 16.112797 -1.168580 0.000000
vt 16.115887 -0.779053 0.000000
vt 16.155095 0.389527 0.000000
vt 4.247388 -385.817842 0.000000
vt 5.939747 -395.027315 0.000000
vt 13.750000 -386.870579 0.000000
vt 15.471251 -395.008248 0.000000
vt 25.000000 -386.870579 0.000000
vt 25.002755 -395.008248 0.000000
vt 34.534259 -395.008248 0.000000
vt 44.065763 -394.998102 0.000000
vt 45.173152 -388.853505 0.000000
vt 36.250000 -386.870579 0.000000
vt 25.000000 -378.713844 0.000000
vt 13.750000 -378.713844 0.000000
vt 13.750000 -370.557108 0.000000
vt 2.500000 -374.599602 0.000000
vt 2.500000 -372.578355 0.000000
vt 2.500000 -370.557108 0.000000
vt 46.339524 -382.737177 0.000000
vt 36.250000 -378.713844 0.000000
vt 25.000000 -370.557108 0.000000
vt 47.500000 -376.620849 0.000000
vt 47.500000 -374.599602 0.000000
vt 36.250000 -370.557108 0.000000
vt 47.500000 -372.578355 0.000000
vt 47.500000 -370.557108 0.000000
vt 2.500000 -376.620849 0.000000
vt 2.057624 -201.275952 0.000000
vt 2.333869 -201.273192 0.000000
vt 2.100482 -193.442032 0.000000
vt 2.333869 -191.839687 0.000000
vt 2.100482 -190.262672 0.000000
vt 2.333869 -182.406183 0.000000
vt 2.041807 -182.409193 0.000000
vt 1.749838 -182.417242 0.000000
vt 1.867095 -190.262672 0.000000
vt 1.867095 -193.442032 0.000000
vt 1.633708 -193.442032 0.000000
vt 1.781542 -201.278603 0.000000
vt 1.400321 -193.442032 0.000000
vt 1.505849 -201.281061 0.000000
vt 1.166934 -193.442032 0.000000
vt 1.230569 -201.283238 0.000000
vt 0.933548 -193.442032 0.000000
vt 0.955162 -201.285063 0.000000
vt 0.700161 -193.442032 0.000000
vt 0.466774 -193.442032 0.000000
vt 0.466774 -190.262672 0.000000
vt 0.233387 -190.262672 0.000000
vt 0.002001 -182.543843 0.000000
vt 0.000000 -188.791906 0.000000
vt 0.000000 -182.544027 0.000000
vt 1.458025 -182.430053 0.000000
vt 1.633708 -190.262672 0.000000
vt 1.166466 -182.447155 0.000000
vt 1.400321 -190.262672 0.000000
vt 1.166934 -190.262672 0.000000
vt 0.875074 -182.467920 0.000000
vt 0.933548 -190.262672 0.000000
vt 0.584002 -182.491556 0.000000
vt 0.700161 -190.262672 0.000000
vt 0.292916 -182.517193 0.000000
vt 0.233387 -193.442032 0.000000
vt 0.000000 -195.039785 0.000000
vt 0.404521 -201.287462 0.000000
vt 0.065804 -201.303953 0.000000
vt 0.679620 -201.286487 0.000000
vt 4.500000 15.215715 0.000000
vt 14.750000 20.475217 0.000000
vt 4.500000 22.690348 0.000000
vt 14.750000 30.579600 0.000000
vt 6.313066 32.240948 0.000000
vt 14.750000 40.683984 0.000000
vt 8.127303 41.791549 0.000000
vt 14.750000 50.788367 0.000000
vt 9.942322 51.342150 0.000000
vt 11.757732 60.892750 0.000000
vt 20.585911 60.892750 0.000000
vt 25.000000 50.788367 0.000000
vt 29.414089 60.892750 0.000000
vt 35.250000 50.788367 0.000000
vt 40.057678 51.342150 0.000000
vt 41.872697 41.791549 0.000000
vt 35.250000 40.683984 0.000000
vt 43.686934 32.240948 0.000000
vt 35.250000 30.579600 0.000000
vt 45.500000 22.690348 0.000000
vt 35.250000 20.475217 0.000000
vt 45.500000 15.215715 0.000000
vt 35.250000 10.370834 0.000000
vt 45.500000 7.741083 0.000000
vt 35.250000 0.266451 0.000000
vt 45.500000 0.266451 0.000000
vt 14.750000 10.370834 0.000000
vt 4.500000 7.741083 0.000000
vt 14.750000 0.266451 0.000000
vt 4.500000 0.266451 0.000000
vt 25.000000 0.266451 0.000000
vt 25.000000 10.370834 0.000000
vt 25.000000 20.475217 0.000000
vt 25.000000 30.579600 0.000000
vt 25.000000 40.683984 0.000000
vt 38.242268 60.892750 0.000000
vt -6.593439 35.250000 0.000000
vt -0.540419 41.594636 0.000000
vt -6.593439 45.500000 0.000000
vt -0.746180 42.782483 0.000000
vt -1.124997 43.922492 0.000000
vt -6.593439 25.000000 0.000000
vt -0.100869 30.930989 0.000000
vt -0.379014 39.117194 0.000000
vt -6.593439 14.750000 0.000000
vt -0.100869 19.069011 0.000000
vt -0.100869 25.000000 0.000000
vt -6.593439 4.500000 0.000000
vt -0.537957 8.426413 0.000000
vt -0.379014 10.882806 0.000000
vt -1.893957 4.500000 0.000000
vt -1.621211 5.019118 0.000000
vt -1.364822 5.545096 0.000000
vt -1.124997 6.077508 0.000000
vt -0.744996 7.222427 0.000000
vt -1.364822 44.454904 0.000000
vt -1.621211 44.980882 0.000000
vt -1.893957 45.500000 0.000000
vt 16.476921 -2.748894 0.000000
vt 16.305645 -1.832596 0.000000
vt 10.461356 -2.748894 0.000000
vt 10.461356 -1.832596 0.000000
vt 16.146042 -0.916298 0.000000
vt 10.461356 -0.916298 0.000000
vt 16.008987 0.000000 0.000000
vt 10.461356 -0.000000 0.000000
vt 15.903822 0.916298 0.000000
vt 10.461356 0.916298 0.000000
vt 15.837712 1.832596 0.000000
vt 10.461356 1.832596 0.000000
vt 15.815163 2.748894 0.000000
vt 10.461356 2.748894 0.000000
vt -10.995574 963.476905 0.000000
vt -10.995574 970.963308 0.000000
vt -11.692342 963.495329 0.000000
vt -11.911872 974.870155 0.000000
vt -12.387757 963.549718 0.000000
vt -12.828170 974.870155 0.000000
vt -13.079430 963.637321 0.000000
vt -13.744468 974.870155 0.000000
vt -13.768000 963.754267 0.000000
vt -14.451364 963.895126 0.000000
vt -14.660766 974.870155 0.000000
vt -15.132128 964.054603 0.000000
vt -15.577064 974.870155 0.000000
vt -15.810512 964.226491 0.000000
vt -16.493361 971.691812 0.000000
vt -16.487312 964.404417 0.000000
vt -16.493361 964.406016 0.000000
vt -10.995574 978.449710 0.000000
vt -10.995574 985.936113 0.000000
vt -10.998685 985.936405 0.000000
vt -11.679413 985.999769 0.000000
vt -12.360271 986.060707 0.000000
vt -13.041662 986.116918 0.000000
vt -13.723399 986.166231 0.000000
vt -14.405801 986.206777 0.000000
vt -15.088580 986.236991 0.000000
vt -15.771822 986.255729 0.000000
vt -16.493361 978.977609 0.000000
vt -16.455228 986.262289 0.000000
vt -16.493361 986.263405 0.000000
vt -5.458627 2.748894 0.000000
vt -8.394232 2.748894 0.000000
vt -5.457022 2.742844 0.000000
vt -8.145600 2.077153 0.000000
vt -5.278515 2.066044 0.000000
vt -8.061470 1.722319 0.000000
vt -5.106239 1.387660 0.000000
vt -8.009231 1.361097 0.000000
vt -7.990129 0.997182 0.000000
vt -4.946554 0.706896 0.000000
vt -8.002907 0.634990 0.000000
vt -4.805635 0.023532 0.000000
vt -8.110678 -0.066409 0.000000
vt -4.688725 -0.665038 0.000000
vt -8.309186 -0.757063 0.000000
vt -4.601201 -1.356711 0.000000
vt -8.578527 -1.442693 0.000000
vt -4.546884 -2.052126 0.000000
vt -8.893627 -2.111697 0.000000
vt -4.528487 -2.748894 0.000000
vt -9.227969 -2.748894 0.000000
vt 0.003121 -1003.530437 0.000000
vt 0.000000 -1003.530729 0.000000
vt 0.782650 -1011.358900 0.000000
vt 0.000000 -1013.267073 0.000000
vt 0.782650 -1019.513298 0.000000
vt 0.000000 -1023.003418 0.000000
vt 0.782650 -1026.074101 0.000000
vt 0.000000 -1032.739762 0.000000
vt 0.782650 -1034.275104 0.000000
vt 0.000000 -1042.476106 0.000000
vt 0.913094 -1042.476106 0.000000
vt 1.565300 -1034.275104 0.000000
vt 1.826185 -1042.476106 0.000000
vt 2.347951 -1034.275104 0.000000
vt 2.739276 -1042.476106 0.000000
vt 3.130601 -1034.275104 0.000000
vt 3.652366 -1042.476106 0.000000
vt 3.913251 -1034.275104 0.000000
vt 4.565458 -1042.476106 0.000000
vt 4.695901 -1034.275104 0.000000
vt 5.478551 -1042.476106 0.000000
vt 5.478551 -1032.658205 0.000000
vt 4.695901 -1026.074101 0.000000
vt 5.478551 -1022.840304 0.000000
vt 4.695901 -1019.513298 0.000000
vt 5.478551 -1013.022403 0.000000
vt 4.695901 -1011.358900 0.000000
vt 4.792742 -1003.211068 0.000000
vt 4.107100 -1003.229814 0.000000
vt 5.478551 -1003.204502 0.000000
vt 3.913251 -1011.358900 0.000000
vt 3.421932 -1003.260035 0.000000
vt 3.130601 -1011.358900 0.000000
vt 2.737154 -1003.300588 0.000000
vt 2.347951 -1011.358900 0.000000
vt 2.053058 -1003.349907 0.000000
vt 1.565300 -1011.358900 0.000000
vt 1.369327 -1003.406123 0.000000
vt 0.686150 -1003.467067 0.000000
vt 1.565300 -1019.513298 0.000000
vt 1.565300 -1026.074101 0.000000
vt 2.347951 -1019.513298 0.000000
vt 2.347951 -1026.074101 0.000000
vt 3.130601 -1019.513298 0.000000
vt 3.130601 -1026.074101 0.000000
vt 3.913251 -1019.513298 0.000000
vt 3.913251 -1026.074101 0.000000
vt -30.089160 -13.242268 0.000000
vt -30.089160 -4.414089 0.000000
vt -36.000000 -12.124684 0.000000
vt -36.000000 -4.041561 0.000000
vt -36.000000 4.041561 0.000000
vt -30.089160 4.414089 0.000000
vt -36.000000 12.124684 0.000000
vt -30.089160 13.242268 0.000000
vt -20.556901 -9.000000 0.000000
vt -21.744238 -0.729403 0.000000
vt -28.640024 -9.000000 0.000000
vt -32.202035 -5.500000 0.000000
vt -32.080662 -6.405867 0.000000
vt -12.473778 -9.000000 0.000000
vt -11.286441 -0.729403 0.000000
vt -21.235379 7.541195 0.000000
vt -11.795300 7.541195 0.000000
vt -2.355220 7.541195 0.000000
vt -0.828644 6.041195 0.000000
vt -0.880661 6.429424 0.000000
vt -4.390655 -9.000000 0.000000
vt -0.828644 -5.500000 0.000000
vt -0.828644 0.270597 0.000000
vt -3.468739 -8.880740 0.000000
vt -2.609649 -8.531089 0.000000
vt -1.871933 -7.974874 0.000000
vt -1.305863 -7.250000 0.000000
vt -0.950016 -6.405867 0.000000
vt -1.033166 6.791195 0.000000
vt -1.275768 7.101855 0.000000
vt -1.591932 7.340233 0.000000
vt -1.960113 7.490084 0.000000
vt -30.675459 7.541195 0.000000
vt -32.202035 6.041195 0.000000
vt -32.202035 0.270597 0.000000
vt -31.070566 7.490084 0.000000
vt -31.438747 7.340233 0.000000
vt -31.754911 7.101855 0.000000
vt -31.997513 6.791195 0.000000
vt -32.150018 6.429424 0.000000
vt -31.724816 -7.250000 0.000000
vt -31.158746 -7.974874 0.000000
vt -30.421029 -8.531089 0.000000
vt -29.561940 -8.880740 0.000000
vt -44.841337 -5.500000 0.000000
vt -39.487530 -5.500000 0.000000
vt -44.841337 0.270597 0.000000
vt -33.654430 1.177332 0.000000
vt -40.771826 6.041195 0.000000
vt -29.905617 6.772170 0.000000
vt -22.467522 1.176805 0.000000
vt -19.039407 7.503145 0.000000
vt -11.280614 1.176278 0.000000
vt -9.540216 7.911014 0.000000
vt -0.093707 1.175751 0.000000
vt -0.093707 8.958928 0.000000
vt -29.633963 -5.571617 0.000000
vt -19.782553 -5.786453 0.000000
vt -9.935455 -6.144460 0.000000
vt -0.094825 -6.645560 0.000000
vt -0.093707 -6.607426 0.000000
vt -0.096924 9.001277 0.000000
vt -44.841337 6.041195 0.000000
vt 0.000000 -1003.204502 0.000000
vt 0.000000 -1013.022403 0.000000
vt 0.685810 -1003.211068 0.000000
vt 0.782650 -1011.358900 0.000000
vt 1.371451 -1003.229814 0.000000
vt 1.565300 -1011.358900 0.000000
vt 2.056620 -1003.260035 0.000000
vt 2.347951 -1011.358900 0.000000
vt 2.741398 -1003.300588 0.000000
vt 3.130601 -1011.358900 0.000000
vt 3.425494 -1003.349907 0.000000
vt 3.913251 -1011.358900 0.000000
vt 4.109224 -1003.406123 0.000000
vt 4.695901 -1011.358900 0.000000
vt 4.792402 -1003.467067 0.000000
vt 5.475430 -1003.530437 0.000000
vt 5.478551 -1003.530729 0.000000
vt 5.478551 -1013.267073 0.000000
vt 4.695901 -1019.513298 0.000000
vt 5.478551 -1023.003418 0.000000
vt 4.695901 -1026.074101 0.000000
vt 5.478551 -1032.739762 0.000000
vt 4.695901 -1034.275104 0.000000
vt 4.793732 -1042.476106 0.000000
vt 4.108913 -1042.476106 0.000000
vt 3.913251 -1034.275104 0.000000
vt 3.424095 -1042.476106 0.000000
vt 3.130601 -1034.275104 0.000000
vt 2.739276 -1042.476106 0.000000
vt 2.347951 -1034.275104 0.000000
vt 2.054457 -1042.476106 0.000000
vt 1.565300 -1034.275104 0.000000
vt 1.369638 -1042.476106 0.000000
vt 0.782650 -1034.275104 0.000000
vt 0.684819 -1042.476106 0.000000
vt 0.000000 -1032.658205 0.000000
vt 0.000000 -1042.476106 0.000000
vt 0.782650 -1019.513298 0.000000
vt 0.000000 -1022.840304 0.000000
vt 0.782650 -1026.074101 0.000000
vt 5.478551 -1042.476106 0.000000
vt 1.565300 -1019.513298 0.000000
vt 1.565300 -1026.074101 0.000000
vt 2.347951 -1019.513298 0.000000
vt 2.347951 -1026.074101 0.000000
vt 3.130601 -1019.513298 0.000000
vt 3.130601 -1026.074101 0.000000
vt 3.913251 -1019.513298 0.000000
vt 3.913251 -1026.074101 0.000000
vt -33.296346 2.748894 0.000000
vt -38.650153 2.748894 0.000000
vt -33.296346 2.061669 0.000000
vt -38.672702 1.832596 0.000000
vt -33.296346 1.374445 0.000000
vt -38.738812 0.916298 0.000000
vt -33.296346 0.687222 0.000000
vt -38.843978 0.000000 0.000000
vt -33.296346 0.000000 0.000000
vt -33.296346 -0.687222 0.000000
vt -38.981032 -0.916298 0.000000
vt -33.296346 -1.374445 0.000000
vt -39.140636 -1.832596 0.000000
vt -33.296346 -2.061669 0.000000
vt -39.311911 -2.748894 0.000000
vt -33.296346 -2.748894 0.000000
vt 5.975505 -2.748894 0.000000
vt 5.977110 -2.742844 0.000000
vt 3.039900 -2.748894 0.000000
vt 3.288183 -2.078400 0.000000
vt 6.155618 -2.066044 0.000000
vt 3.372185 -1.724749 0.000000
vt 6.327893 -1.387660 0.000000
vt 3.424555 -1.364725 0.000000
vt 3.443949 -1.001816 0.000000
vt 6.487578 -0.706896 0.000000
vt 3.431617 -0.639880 0.000000
vt 6.628498 -0.023532 0.000000
vt 3.324169 0.063281 0.000000
vt 6.745407 0.665038 0.000000
vt 3.126416 0.752803 0.000000
vt 6.832932 1.356711 0.000000
vt 2.856869 1.439798 0.000000
vt 6.887248 2.052126 0.000000
vt 2.541010 2.110692 0.000000
vt 6.905645 2.748894 0.000000
vt 2.206163 2.748894 0.000000
vt -10.992464 985.936405 0.000000
vt -10.995574 985.936113 0.000000
vt -10.079276 974.870155 0.000000
vt -10.995574 978.449710 0.000000
vt -10.995574 970.963308 0.000000
vt -10.995574 963.476905 0.000000
vt -10.298807 963.495329 0.000000
vt -9.603391 963.549718 0.000000
vt -9.162979 974.870155 0.000000
vt -9.630877 986.060707 0.000000
vt -8.949486 986.116918 0.000000
vt -8.246681 974.870155 0.000000
vt -8.267749 986.166231 0.000000
vt -7.585347 986.206777 0.000000
vt -7.330383 974.870155 0.000000
vt -6.902568 986.236991 0.000000
vt -6.414085 974.870155 0.000000
vt -6.219327 986.255729 0.000000
vt -5.497787 978.977609 0.000000
vt -5.535921 986.262289 0.000000
vt -5.497787 986.263405 0.000000
vt -8.911719 963.637321 0.000000
vt -8.223149 963.754267 0.000000
vt -7.539785 963.895126 0.000000
vt -6.859021 964.054603 0.000000
vt -6.180637 964.226491 0.000000
vt -5.497787 971.691812 0.000000
vt -5.503837 964.404417 0.000000
vt -5.497787 964.406016 0.000000
vt -10.311735 985.999769 0.000000
vt 15.000000 0.000000 0.000000
vt 14.875668 -1.359973 0.000000
vt 15.000000 -3.443606 0.000000
vt 14.506793 -2.674857 0.000000
vt 14.968457 -3.901054 0.000000
vt 13.905605 -3.901054 0.000000
vt -0.000000 0.000000 0.000000
vt 0.255556 1.941143 0.000000
vt -0.000000 8.000000 0.000000
vt 1.004809 3.750000 0.000000
vt 2.196699 5.303301 0.000000
vt 3.750000 6.495191 0.000000
vt 5.558857 7.244444 0.000000
vt 7.500000 8.000000 0.000000
vt 7.500000 7.500000 0.000000
vt 9.441143 7.244444 0.000000
vt 15.000000 8.000000 0.000000
vt 11.250000 6.495191 0.000000
vt 12.803301 5.303301 0.000000
vt 13.995191 3.750000 0.000000
vt 14.744444 1.941143 0.000000
vt 15.000000 0.000000 0.000000
vt 7.068583 985.287233 0.000000
vt 7.068583 977.978202 0.000000
vt 7.117611 985.285806 0.000000
vt 7.996357 985.277501 0.000000
vt 8.246681 973.726344 0.000000
vt 8.874894 985.253532 0.000000
vt 9.424778 973.726344 0.000000
vt 9.752835 985.214789 0.000000
vt 10.602875 973.726344 0.000000
vt 10.630294 985.162729 0.000000
vt 11.506894 985.099361 0.000000
vt 11.780972 973.726344 0.000000
vt 12.383052 985.027089 0.000000
vt 12.959070 973.726344 0.000000
vt 13.258518 984.948712 0.000000
vt 14.137167 977.299743 0.000000
vt 14.133819 984.867201 0.000000
vt 14.137167 984.866887 0.000000
vt 7.068583 970.669170 0.000000
vt 7.942862 963.130472 0.000000
vt 8.815771 962.909340 0.000000
vt 7.068583 963.360139 0.000000
vt 7.071970 963.359245 0.000000
vt 9.691343 962.704159 0.000000
vt 10.570543 962.522786 0.000000
vt 11.456258 962.372174 0.000000
vt 12.346066 962.259301 0.000000
vt 13.240728 962.189204 0.000000
vt 14.137167 969.732599 0.000000
vt 14.137167 962.165455 0.000000
vt -5.975505 -3.534292 0.000000
vt -2.510643 -3.534292 0.000000
vt -5.976404 -3.530905 0.000000
vt -2.787045 -2.812198 0.000000
vt -6.206140 -2.660014 0.000000
vt -2.954720 -2.090103 0.000000
vt -6.427916 -1.787104 0.000000
vt -3.013653 -1.352036 0.000000
vt -6.633442 -0.911532 0.000000
vt -2.969229 -0.616031 0.000000
vt -6.814915 -0.032332 0.000000
vt -2.839796 0.095372 0.000000
vt -6.965467 0.853383 0.000000
vt -2.641675 0.797736 0.000000
vt -2.386326 1.501966 0.000000
vt -7.078209 1.743190 0.000000
vt -2.090140 2.199246 0.000000
vt -7.148187 2.637853 0.000000
vt -1.769727 2.880696 0.000000
vt -7.171891 3.534292 0.000000
vt -1.441964 3.534292 0.000000
vt 40.329629 -3.534292 0.000000
vt 40.109417 -2.356194 0.000000
vt 33.296346 -3.534292 0.000000
vt 33.296346 -2.356194 0.000000
vt 39.904213 -1.178097 0.000000
vt 33.296346 -1.178097 0.000000
vt 39.728000 -0.000000 0.000000
vt 33.296346 -0.000000 0.000000
vt 39.592787 1.178097 0.000000
vt 33.296346 1.178097 0.000000
vt 39.507789 2.356194 0.000000
vt 33.296346 2.356194 0.000000
vt 39.478797 3.534292 0.000000
vt 33.296346 3.534292 0.000000
vt -7.043793 -1002.483018 0.000000
vt -7.043793 -1012.209197 0.000000
vt -7.040434 -1002.482704 0.000000
vt -6.037537 -1009.160674 0.000000
vt -6.162202 -1002.401185 0.000000
vt -5.283774 -1002.322800 0.000000
vt -5.031281 -1009.160674 0.000000
vt -4.404622 -1002.250519 0.000000
vt -4.025025 -1009.160674 0.000000
vt -3.524996 -1002.187142 0.000000
vt -3.018768 -1009.160674 0.000000
vt -2.644484 -1002.135070 0.000000
vt -2.012512 -1009.160674 0.000000
vt -1.763468 -1002.096316 0.000000
vt -1.006256 -1009.160674 0.000000
vt -0.881840 -1002.072336 0.000000
vt -0.000000 -1002.064020 0.000000
vt -0.000000 -1011.894949 0.000000
vt -1.006256 -1017.217440 0.000000
vt -0.000000 -1021.725878 0.000000
vt -1.006256 -1025.274205 0.000000
vt -0.000000 -1031.556807 0.000000
vt -1.006256 -1033.330970 0.000000
vt -0.000000 -1041.387736 0.000000
vt -1.173968 -1041.387736 0.000000
vt -2.012512 -1033.330970 0.000000
vt -2.347933 -1041.387736 0.000000
vt -3.018768 -1033.330970 0.000000
vt -3.521896 -1041.387736 0.000000
vt -4.025025 -1033.330970 0.000000
vt -4.695860 -1041.387736 0.000000
vt -5.031281 -1033.330970 0.000000
vt -5.869825 -1041.387736 0.000000
vt -6.037537 -1033.330970 0.000000
vt -7.043793 -1041.387736 0.000000
vt -7.043793 -1031.661556 0.000000
vt -6.037537 -1025.274205 0.000000
vt -7.043793 -1021.935377 0.000000
vt -6.037537 -1017.217440 0.000000
vt -5.031281 -1017.217440 0.000000
vt -5.031281 -1025.274205 0.000000
vt -4.025025 -1017.217440 0.000000
vt -4.025025 -1025.274205 0.000000
vt -3.018768 -1017.217440 0.000000
vt -3.018768 -1025.274205 0.000000
vt -2.012512 -1017.217440 0.000000
vt -2.012512 -1025.274205 0.000000
vt 7.500000 -7.500000 0.000000
vt 4.500000 -7.500000 0.000000
vt 3.153636 -8.250061 0.000000
vt 3.237416 -7.365653 0.000000
vt 2.031373 -6.968627 0.000000
vt 0.000000 -6.814843 0.000000
vt 0.935882 -6.326703 0.000000
vt 0.000000 -5.468627 0.000000
vt 10.471135 -7.618522 0.000000
vt 9.052914 -7.295555 0.000000
vt 10.500000 -6.696152 0.000000
vt 11.742641 -5.742641 0.000000
vt 17.795260 -7.069136 0.000000
vt 12.696152 -4.500000 0.000000
vt 13.295555 -3.052914 0.000000
vt 16.750059 1.022133 0.000000
vt 13.500000 -1.500000 0.000000
vt 13.500000 1.500000 0.000000
vt 13.295555 3.052914 0.000000
vt 16.968112 10.294327 0.000000
vt 12.696152 4.500000 0.000000
vt 15.071287 10.242607 0.000000
vt 13.204146 9.904372 0.000000
vt 25.125088 -6.601975 0.000000
vt 25.125088 1.171345 0.000000
vt 25.125088 8.944665 0.000000
vt 23.027607 9.281026 0.000000
vt 20.936021 9.652284 0.000000
vt 18.850911 10.058338 0.000000
vt 3.853468 7.465065 0.000000
vt 4.068513 7.484465 0.000000
vt 4.284117 7.496115 0.000000
vt 4.500000 7.500000 0.000000
vt 7.500000 7.500000 0.000000
vt 9.052914 7.295555 0.000000
vt 10.500000 6.696152 0.000000
vt 11.742641 5.742641 0.000000
vt 0.001438 -6.651002 0.000000
vt 9.865361 -6.147522 0.000000
vt -0.000000 -6.601975 0.000000
vt 0.000000 1.171345 0.000000
vt 11.417495 1.174038 0.000000
vt 6.322296 8.205188 0.000000
vt 12.672080 7.700751 0.000000
vt 19.039407 7.503145 0.000000
vt 22.834991 1.176732 0.000000
vt 29.905617 6.772170 0.000000
vt 34.252486 1.179425 0.000000
vt 40.771826 6.041195 0.000000
vt 45.669981 0.270597 0.000000
vt 45.669981 6.041195 0.000000
vt 19.735798 -5.787814 0.000000
vt 29.610578 -5.571957 0.000000
vt 39.487530 -5.500000 0.000000
vt 45.669981 -5.500000 0.000000
vt 0.005362 9.015240 0.000000
vt 0.000000 8.944665 0.000000
vt 0.156050 -6.664686 0.000000
vt 4.579729 -10.000000 0.000000
vt 0.000000 -5.500000 0.000000
vt 11.010226 -0.729403 0.000000
vt 0.000000 0.270597 0.000000
vt 0.000000 6.041195 0.000000
vt 2.544294 8.541195 0.000000
vt 0.086695 6.688243 0.000000
vt 0.340871 7.291195 0.000000
vt 0.745206 7.808962 0.000000
vt 1.272147 8.206258 0.000000
vt 1.885782 8.456010 0.000000
vt 0.613567 -7.750000 0.000000
vt 1.341371 -8.681981 0.000000
vt 2.289864 -9.397114 0.000000
vt 3.394408 -9.846666 0.000000
vt 12.536802 -10.000000 0.000000
vt 20.493876 -10.000000 0.000000
vt 22.020453 -0.729403 0.000000
vt 28.450950 -10.000000 0.000000
vt 33.030679 -5.500000 0.000000
vt 32.874628 -6.664686 0.000000
vt 32.417112 -7.750000 0.000000
vt 31.689307 -8.681981 0.000000
vt 30.740815 -9.397114 0.000000
vt 29.636271 -9.846666 0.000000
vt 33.030679 0.270597 0.000000
vt 33.030679 6.041195 0.000000
vt 30.486385 8.541195 0.000000
vt 32.943984 6.688243 0.000000
vt 32.689808 7.291195 0.000000
vt 32.285473 7.808962 0.000000
vt 31.758532 8.206258 0.000000
vt 31.144897 8.456010 0.000000
vt 21.172355 8.541195 0.000000
vt 11.858324 8.541195 0.000000
vt 30.089160 13.242268 0.000000
vt 30.089160 4.414089 0.000000
vt 37.000000 11.935611 0.000000
vt 37.000000 3.978537 0.000000
vt 30.089160 -4.414089 0.000000
vt 37.000000 -3.978537 0.000000
vt 37.000000 -11.935611 0.000000
vt 30.089160 -13.242268 0.000000
vt -7.043793 -1002.064020 0.000000
vt -7.043793 -1011.894949 0.000000
vt -6.161940 -1002.072336 0.000000
vt -6.037537 -1007.749333 0.000000
vt -5.280302 -1002.096317 0.000000
vt -5.031281 -1007.749333 0.000000
vt -4.399275 -1002.135072 0.000000
vt -4.025025 -1007.749333 0.000000
vt -3.518753 -1002.187144 0.000000
vt -3.018768 -1007.749333 0.000000
vt -2.639118 -1002.250523 0.000000
vt -2.012512 -1007.749333 0.000000
vt -1.759956 -1002.322805 0.000000
vt -1.006256 -1007.749333 0.000000
vt -0.881518 -1002.401192 0.000000
vt -0.003277 -1002.482712 0.000000
vt -0.000000 -1012.209197 0.000000
vt -0.000000 -1002.483018 0.000000
vt -6.037537 -1013.434647 0.000000
vt -7.043793 -1021.725878 0.000000
vt -6.037537 -1019.987743 0.000000
vt -6.037537 -1026.540839 0.000000
vt -5.031281 -1026.540839 0.000000
vt -5.031281 -1033.964287 0.000000
vt -4.025025 -1033.964287 0.000000
vt -4.695861 -1041.387736 0.000000
vt -3.521897 -1041.387736 0.000000
vt -7.043793 -1031.556807 0.000000
vt -6.037537 -1033.964287 0.000000
vt -5.869825 -1041.387736 0.000000
vt -7.043793 -1041.387736 0.000000
vt -3.018768 -1033.964287 0.000000
vt -2.347933 -1041.387736 0.000000
vt -2.012512 -1033.964287 0.000000
vt -1.173968 -1041.387736 0.000000
vt -1.006256 -1033.964287 0.000000
vt -0.000000 -1041.387736 0.000000
vt -0.000000 -1031.661556 0.000000
vt -1.006256 -1026.540839 0.000000
vt -0.000000 -1021.935377 0.000000
vt -1.006256 -1019.987743 0.000000
vt -1.006256 -1013.434647 0.000000
vt -5.031281 -1013.434647 0.000000
vt -5.031281 -1019.987743 0.000000
vt -4.025025 -1013.434647 0.000000
vt -4.025025 -1019.987743 0.000000
vt -4.025025 -1026.540839 0.000000
vt -3.018768 -1013.434647 0.000000
vt -3.018768 -1019.987743 0.000000
vt -3.018768 -1026.540839 0.000000
vt -2.012512 -1013.434647 0.000000
vt -2.012512 -1019.987743 0.000000
vt -2.012512 -1026.540839 0.000000
vt 9.992168 -3.534292 0.000000
vt 9.664664 -2.881227 0.000000
vt 4.262241 -3.534292 0.000000
vt 4.285945 -2.637853 0.000000
vt 9.344912 -2.201294 0.000000
vt 4.355923 -1.743190 0.000000
vt 9.049222 -1.505537 0.000000
vt 4.468665 -0.853383 0.000000
vt 8.793764 -0.801762 0.000000
vt 8.594803 -0.097305 0.000000
vt 4.619217 0.032332 0.000000
vt 8.465354 0.612553 0.000000
vt 4.800690 0.911532 0.000000
vt 8.420448 1.349215 0.000000
vt 5.006217 1.787104 0.000000
vt 8.479413 2.090103 0.000000
vt 5.227992 2.660014 0.000000
vt 8.647087 2.812198 0.000000
vt 5.457729 3.530905 0.000000
vt 8.923490 3.534292 0.000000
vt 5.458627 3.534292 0.000000
vt 14.137167 984.866887 0.000000
vt 14.137167 977.299743 0.000000
vt 14.140433 984.867193 0.000000
vt 15.015744 984.948705 0.000000
vt 15.315264 973.726344 0.000000
vt 15.891220 985.027083 0.000000
vt 16.493361 973.726344 0.000000
vt 16.767388 985.099357 0.000000
vt 17.671459 973.726344 0.000000
vt 17.643999 985.162726 0.000000
vt 18.521468 985.214788 0.000000
vt 18.849556 973.726344 0.000000
vt 19.399420 985.253532 0.000000
vt 20.027653 973.726344 0.000000
vt 20.277966 985.277501 0.000000
vt 21.205750 977.978202 0.000000
vt 21.156722 985.285806 0.000000
vt 21.205750 985.287233 0.000000
vt 14.137167 969.732599 0.000000
vt 15.033606 962.189204 0.000000
vt 15.928268 962.259301 0.000000
vt 14.137167 962.165455 0.000000
vt 16.818076 962.372174 0.000000
vt 17.703790 962.522786 0.000000
vt 18.582991 962.704159 0.000000
vt 19.458562 962.909340 0.000000
vt 20.331472 963.130472 0.000000
vt 21.205750 970.669170 0.000000
vt 21.202363 963.359245 0.000000
vt 21.205750 963.360139 0.000000
vt -10.461356 3.534292 0.000000
vt -16.643807 3.534292 0.000000
vt -10.461356 2.356194 0.000000
vt -16.672798 2.356194 0.000000
vt -10.461356 1.178097 0.000000
vt -16.757797 1.178097 0.000000
vt -10.461356 -0.000000 0.000000
vt -16.893010 -0.000000 0.000000
vt -10.461356 -1.178097 0.000000
vt -17.069222 -1.178097 0.000000
vt -10.461356 -2.356194 0.000000
vt -17.274427 -2.356194 0.000000
vt -10.461356 -3.534292 0.000000
vt -17.494638 -3.534292 0.000000
vt 2.048799 -3.035144 0.000000
vt 10.232177 -3.149782 0.000000
vt 1.500000 -2.988467 0.000000
vt 10.449292 -2.433922 0.000000
vt 0.980808 -1.750127 0.000000
vt 10.557630 -1.686354 0.000000
vt 10.560533 -0.935546 0.000000
vt 2.601467 -3.176720 0.000000
vt 3.618968 -3.689129 0.000000
vt 9.909077 -3.805883 0.000000
vt 4.476750 -4.386622 0.000000
vt 9.480914 -4.385793 0.000000
vt 8.934740 -4.880927 0.000000
vt 5.249926 -5.250381 0.000000
vt 8.290807 -5.250381 0.000000
vt 10.467969 -0.211334 0.000000
vt 10.387610 0.215040 0.000000
vt 9.166350 1.249495 0.000000
vt 9.440314 1.140224 0.000000
vt 10.310820 0.641413 0.000000
vt 9.718687 1.074135 0.000000
vt 10.000000 1.051962 0.000000
vt 10.237629 1.067787 0.000000
vt 0.980808 1.750127 0.000000
vt 8.900545 1.399464 0.000000
vt 8.403750 1.807637 0.000000
vt 7.956348 2.343605 0.000000
vt 7.238279 3.683071 0.000000
vt -0.628902 5.250381 0.000000
vt 6.742195 5.250381 0.000000
vt -8.000000 5.250381 0.000000
vt -8.000000 4.535094 0.000000
vt -8.000000 3.819807 0.000000
vt -8.000000 3.104520 0.000000
vt -8.154794 1.243080 0.000000
vt -8.349339 -0.618361 0.000000
vt -8.582134 -2.479801 0.000000
vt -1.500000 -2.988467 0.000000
vt -8.598918 -3.260694 0.000000
vt -2.048799 -3.035144 0.000000
vt -2.601467 -3.176720 0.000000
vt -3.618968 -3.689129 0.000000
vt -8.426142 -4.039822 0.000000
vt -4.476750 -4.386622 0.000000
vt -8.266565 -4.398287 0.000000
vt -8.061656 -4.720889 0.000000
vt -5.249926 -5.250381 0.000000
vt -7.804712 -5.009040 0.000000
vt -7.493804 -5.250381 0.000000
vt 1.129758 45.500000 0.000000
vt 0.935758 45.111915 0.000000
vt 6.859685 45.500000 0.000000
vt 0.750373 44.720358 0.000000
vt 0.573676 44.325486 0.000000
vt 0.145427 42.980166 0.000000
vt -0.000000 41.250445 0.000000
vt -0.000000 40.924898 0.000000
vt -0.000000 41.575991 0.000000
vt -0.000000 40.273805 0.000000
vt 6.859685 35.250000 0.000000
vt -0.000000 38.971619 0.000000
vt -0.000000 30.906990 0.000000
vt 6.859685 25.000000 0.000000
vt -0.000000 25.000000 0.000000
vt -0.000000 19.093010 0.000000
vt 6.859685 14.750000 0.000000
vt -0.000000 11.028381 0.000000
vt -0.000000 9.726195 0.000000
vt 6.859685 4.500000 0.000000
vt -0.000000 9.075102 0.000000
vt -0.000000 8.749555 0.000000
vt -0.000000 8.424009 0.000000
vt 0.145427 7.019834 0.000000
vt 0.573676 5.674514 0.000000
vt 0.750373 5.279642 0.000000
vt 0.935758 4.888085 0.000000
vt 1.129758 4.500000 0.000000
vt -45.500000 15.103662 0.000000
vt -35.250000 20.266404 0.000000
vt -45.500000 22.655493 0.000000
vt -35.250000 30.399607 0.000000
vt -43.686934 32.191423 0.000000
vt -35.250000 40.532809 0.000000
vt -41.872697 41.727353 0.000000
vt -35.250000 50.666011 0.000000
vt -40.057678 51.263283 0.000000
vt -38.242268 60.799213 0.000000
vt -29.414089 60.799213 0.000000
vt -25.000000 50.666011 0.000000
vt -20.585911 60.799213 0.000000
vt -14.750000 50.666011 0.000000
vt -9.942322 51.263283 0.000000
vt -8.127303 41.727353 0.000000
vt -14.750000 40.532809 0.000000
vt -6.313066 32.191423 0.000000
vt -14.750000 30.399607 0.000000
vt -4.500000 22.655493 0.000000
vt -14.750000 20.266404 0.000000
vt -4.500000 15.103662 0.000000
vt -14.750000 10.133202 0.000000
vt -4.500000 7.551831 0.000000
vt -14.750000 0.000000 0.000000
vt -4.500000 0.000000 0.000000
vt -35.250000 10.133202 0.000000
vt -45.500000 7.551831 0.000000
vt -35.250000 0.000000 0.000000
vt -45.500000 0.000000 0.000000
vt -25.000000 0.000000 0.000000
vt -25.000000 10.133202 0.000000
vt -25.000000 20.266404 0.000000
vt -25.000000 30.399607 0.000000
vt -25.000000 40.532809 0.000000
vt -11.757732 60.799213 0.000000
vt -0.000000 -187.814434 0.000000
vt -0.000001 -181.565958 0.000000
vt -0.648295 -187.259397 0.000000
vt -0.002381 -181.565738 0.000000
vt -0.487302 -181.521211 0.000000
vt -0.972509 -181.478415 0.000000
vt -1.296591 -187.259397 0.000000
vt -0.648295 -193.181358 0.000000
vt -1.296591 -193.181358 0.000000
vt -0.216770 -200.269894 0.000000
vt -0.674834 -200.267352 0.000000
vt -1.133950 -200.262295 0.000000
vt -1.782812 -193.181358 0.000000
vt -1.592016 -200.254932 0.000000
vt -2.269033 -193.181358 0.000000
vt -2.050993 -200.245502 0.000000
vt -2.755255 -193.181358 0.000000
vt -2.509086 -200.234383 0.000000
vt -3.241476 -193.181358 0.000000
vt -2.967903 -200.221937 0.000000
vt -3.427406 -200.208601 0.000000
vt -3.889772 -193.908993 0.000000
vt -3.886885 -200.194861 0.000000
vt -3.889772 -200.194774 0.000000
vt -1.457745 -181.439030 0.000000
vt -1.782812 -187.259397 0.000000
vt -1.943513 -181.404528 0.000000
vt -2.269033 -187.259397 0.000000
vt -2.429580 -181.376230 0.000000
vt -2.755255 -187.259397 0.000000
vt -2.916099 -181.355170 0.000000
vt -3.241476 -187.259397 0.000000
vt -3.402860 -181.342099 0.000000
vt -3.889772 -187.623215 0.000000
vt -3.889772 -181.337436 0.000000
vt -0.000000 -200.311384 0.000000
vt -0.000000 -194.062908 0.000000
vt -47.500000 -371.626589 0.000000
vt -47.500000 -373.631795 0.000000
vt -36.250000 -375.722438 0.000000
vt -46.333143 -379.732849 0.000000
vt -36.250000 -383.828697 0.000000
vt -45.160340 -385.833903 0.000000
vt -34.492193 -391.934956 0.000000
vt -43.984385 -391.934956 0.000000
vt -25.000000 -383.828697 0.000000
vt -25.000000 -391.934956 0.000000
vt -15.507807 -391.934956 0.000000
vt -6.015615 -391.934956 0.000000
vt -4.839660 -385.833903 0.000000
vt -13.750000 -383.828697 0.000000
vt -25.000000 -375.722438 0.000000
vt -36.250000 -367.616179 0.000000
vt -47.500000 -369.621384 0.000000
vt -47.500000 -367.616179 0.000000
vt -3.666857 -379.732849 0.000000
vt -13.750000 -375.722438 0.000000
vt -25.000000 -367.616179 0.000000
vt -2.500000 -373.631795 0.000000
vt -2.500000 -371.626589 0.000000
vt -13.750000 -367.616179 0.000000
vt -2.500000 -369.621384 0.000000
vt -2.500000 -367.616179 0.000000
vt -19.206793 10.008905 0.000000
vt -19.042379 10.015975 0.000000
vt -18.984385 10.018469 0.000000
vt -19.013781 10.016134 0.000000
vt -9.506891 10.016134 0.000000
vt -19.142546 10.012920 0.000000
vt -19.078194 10.015330 0.000000
vt -19.048880 10.015895 0.000000
vt -19.043372 10.015964 0.000000
vt -19.042524 10.015974 0.000000
vt -19.042398 10.015975 0.000000
vt -9.492193 10.018469 0.000000
vt 0.000000 10.016134 0.000000
vt 0.000000 10.018469 0.000000
vt 9.492193 10.018469 0.000000
vt 9.506891 10.016134 0.000000
vt 18.984385 10.018469 0.000000
vt 19.013781 10.016134 0.000000
vt 19.094372 10.016134 0.000000
vt 19.078194 10.015330 0.000000
vt 19.142546 10.012920 0.000000
vt 19.206793 10.008905 0.000000
vt 5.657644 -1.295597 0.000000
vt -5.268306 -1.297015 0.000000
vt 5.660172 -1.757692 0.000000
vt -5.243958 -1.947633 0.000000
vt 5.648533 -1.821006 0.000000
vt 5.636766 -1.884319 0.000000
vt 5.631370 -1.913138 0.000000
vt 5.630354 -1.918553 0.000000
vt 5.630197 -1.919386 0.000000
vt 5.630174 -1.919510 0.000000
vt 5.630171 -1.919528 0.000000
vt 5.624880 -1.947633 0.000000
vt 5.652608 -0.832432 0.000000
vt -5.268306 -0.649211 0.000000
vt -16.124401 -0.649211 0.000000
vt -5.268306 0.000000 0.000000
vt -16.137769 -0.000000 0.000000
vt -5.268306 0.649211 0.000000
vt -16.155095 0.649211 0.000000
vt -5.268306 1.298422 0.000000
vt -16.175216 1.298422 0.000000
vt -5.306015 1.947633 0.000000
vt -16.196783 1.947633 0.000000
vt 5.645264 -0.370330 0.000000
vt 5.635840 0.092689 0.000000
vt 5.624699 0.554818 0.000000
vt 5.612191 1.017666 0.000000
vt 5.598744 1.481190 0.000000
vt 5.584842 1.944690 0.000000
vt 5.584753 1.947633 0.000000
vt -16.115887 -1.298422 0.000000
vt -16.112797 -1.947633 0.000000
vt -13.801761 1.963495 0.000000
vt -18.699916 1.963495 0.000000
vt -13.823329 1.314284 0.000000
vt -18.716022 1.308997 0.000000
vt -13.843450 0.665073 0.000000
vt -18.763244 0.654498 0.000000
vt -13.860776 0.015862 0.000000
vt -18.838362 0.000000 0.000000
vt -13.874144 -0.633349 0.000000
vt -18.936258 -0.654498 0.000000
vt -13.882658 -1.282560 0.000000
vt -19.050260 -1.308997 0.000000
vt -13.885748 -1.931771 0.000000
vt -19.172600 -1.963495 0.000000
vt -13.888754 -1.963495 0.000000
vt 5.191860 42.952689 0.000000
vt 0.000000 41.971046 0.000000
vt 5.191860 32.984230 0.000000
vt 0.000000 32.657015 0.000000
vt 5.191860 23.015770 0.000000
vt 0.000000 23.342985 0.000000
vt 0.000000 14.028954 0.000000
vt 5.191860 13.047311 0.000000
vt 3.926991 25.274772 0.000000
vt 3.272492 25.274772 0.000000
vt 3.926991 23.106806 0.000000
vt 3.272492 22.022823 0.000000
vt 3.926991 20.938839 0.000000
vt 3.272492 18.770873 0.000000
vt 3.926991 18.770873 0.000000
vt 2.617994 25.274772 0.000000
vt 2.617994 22.022823 0.000000
vt 2.617994 18.770873 0.000000
vt 1.963495 22.022823 0.000000
vt 1.963495 18.770873 0.000000
vt 1.308997 22.022823 0.000000
vt 1.308997 18.770873 0.000000
vt 0.654498 22.022823 0.000000
vt 0.654498 18.770873 0.000000
vt 0.000000 20.938839 0.000000
vt 0.000000 18.770873 0.000000
vt 1.963495 25.274772 0.000000
vt 1.308997 25.274772 0.000000
vt 0.654498 25.274772 0.000000
vt -0.000000 25.274772 0.000000
vt -0.000000 23.106806 0.000000
vt -3.926991 -216.445011 0.000000
vt -3.997566 -216.450324 0.000000
vt -3.926991 -218.539862 0.000000
vt -4.480223 -216.454972 0.000000
vt -3.926991 -220.634714 0.000000
vt -4.581489 -222.729565 0.000000
vt -3.926991 -222.729565 0.000000
vt -4.962716 -216.468026 0.000000
vt -5.235988 -222.729565 0.000000
vt -5.444993 -216.489069 0.000000
vt -5.926857 -216.517351 0.000000
vt -5.890486 -222.729565 0.000000
vt -6.408464 -216.551838 0.000000
vt -6.889584 -216.591207 0.000000
vt -6.544985 -222.729565 0.000000
vt -7.370718 -216.633985 0.000000
vt -7.199483 -222.729565 0.000000
vt -7.853982 -220.712613 0.000000
vt -7.853982 -222.729565 0.000000
vt -7.853982 -218.695662 0.000000
vt -7.851621 -216.678490 0.000000
vt -7.853982 -216.678710 0.000000
vt -1.396548 1.947633 0.000000
vt -12.287317 1.947633 0.000000
vt -1.418116 1.298422 0.000000
vt -12.325026 1.298422 0.000000
vt -1.438237 0.649211 0.000000
vt -12.325026 0.649211 0.000000
vt -1.455562 0.000000 0.000000
vt -12.325026 0.000000 0.000000
vt -1.468931 -0.649211 0.000000
vt -12.325026 -0.649211 0.000000
vt -12.325026 -1.297015 0.000000
vt -23.245940 -0.832432 0.000000
vt -23.250975 -1.295597 0.000000
vt -23.178085 1.947633 0.000000
vt -23.178174 1.944690 0.000000
vt -23.192076 1.481190 0.000000
vt -23.205522 1.017666 0.000000
vt -23.218030 0.554818 0.000000
vt -23.229172 0.092689 0.000000
vt -23.238596 -0.370330 0.000000
vt -23.253504 -1.757692 0.000000
vt -12.349373 -1.947633 0.000000
vt -1.477445 -1.298422 0.000000
vt -1.480535 -1.947633 0.000000
vt -23.241864 -1.821006 0.000000
vt -23.230098 -1.884319 0.000000
vt -23.218212 -1.947633 0.000000
vt -3.744341 -1.963495 0.000000
vt 1.539506 -1.963495 0.000000
vt -3.747347 -1.931771 0.000000
vt 1.417166 -1.308997 0.000000
vt -3.750436 -1.282560 0.000000
vt 1.303164 -0.654498 0.000000
vt -3.758951 -0.633349 0.000000
vt 1.205268 0.000000 0.000000
vt -3.772319 0.015862 0.000000
vt 1.130149 0.654498 0.000000
vt -3.789645 0.665073 0.000000
vt 1.082928 1.308997 0.000000
vt -3.809766 1.314284 0.000000
vt 1.066822 1.963495 0.000000
vt -3.831333 1.963495 0.000000
vt 21.358018 47.013781 0.000000
vt 10.677536 44.999100 0.000000
vt 21.358018 37.506891 0.000000
vt 10.677536 37.506891 0.000000
vt 21.358018 28.000000 0.000000
vt 10.677536 28.000000 0.000000
vt 21.358018 18.493109 0.000000
vt 10.677536 18.493109 0.000000
vt 10.677536 11.000900 0.000000
vt 0.000000 13.047311 0.000000
vt -0.002947 13.015581 0.000000
vt -0.002947 42.984419 0.000000
vt 0.000000 42.952689 0.000000
vt 0.000000 32.984230 0.000000
vt 0.000000 23.015770 0.000000
vt 21.358018 8.986219 0.000000
vt 17.502024 -1.963495 0.000000
vt 18.382141 -1.898587 0.000000
vt 7.838412 -1.963495 0.000000
vt 7.838412 -1.308997 0.000000
vt 15.249181 -1.308997 0.000000
vt 7.838412 -0.654498 0.000000
vt 15.249181 -0.654498 0.000000
vt 7.838412 -0.000000 0.000000
vt 15.249181 -0.000000 0.000000
vt 7.838412 0.654498 0.000000
vt 15.249181 0.654498 0.000000
vt 7.838412 1.308997 0.000000
vt 15.249181 1.308997 0.000000
vt 7.838412 1.963495 0.000000
vt 15.249181 1.963495 0.000000
vt 22.659950 1.963495 0.000000
vt 22.252781 1.295004 0.000000
vt 21.871196 0.591814 0.000000
vt 21.708227 0.234574 0.000000
vt 21.573000 -0.123184 0.000000
vt 21.467668 -0.494950 0.000000
vt 21.401308 -0.883291 0.000000
vt 21.384373 -1.153342 0.000000
vt 21.392700 -1.423393 0.000000
vt 21.426190 -1.693444 0.000000
vt 21.484454 -1.963495 0.000000
vt 19.262259 -1.963495 0.000000
vt 0.000000 19.548740 0.000000
vt 0.654498 19.548740 0.000000
vt 0.000000 21.716706 0.000000
vt 0.654498 22.800689 0.000000
vt 0.000000 23.884672 0.000000
vt 0.654498 26.052639 0.000000
vt -0.000000 26.052639 0.000000
vt 1.308997 19.548740 0.000000
vt 1.308997 22.800689 0.000000
vt 1.308997 26.052639 0.000000
vt 1.963495 22.800689 0.000000
vt 1.963495 26.052639 0.000000
vt 2.617994 22.800689 0.000000
vt 2.617994 26.052639 0.000000
vt 3.272492 22.800689 0.000000
vt 3.272492 26.052639 0.000000
vt 3.926991 23.884672 0.000000
vt 3.926991 26.052639 0.000000
vt 1.963495 19.548740 0.000000
vt 2.617994 19.548740 0.000000
vt 3.272492 19.548740 0.000000
vt 3.926991 19.548740 0.000000
vt 3.926991 21.716706 0.000000
vt 3.926991 -216.445011 0.000000
vt 3.926991 -218.539862 0.000000
vt 3.997566 -216.450324 0.000000
vt 4.480223 -216.454972 0.000000
vt 3.926991 -220.634714 0.000000
vt 4.581489 -222.729565 0.000000
vt 3.926991 -222.729565 0.000000
vt 4.962716 -216.468026 0.000000
vt 5.235988 -222.729565 0.000000
vt 5.444993 -216.489069 0.000000
vt 5.890486 -222.729565 0.000000
vt 5.926857 -216.517351 0.000000
vt 6.408464 -216.551838 0.000000
vt 6.544985 -222.729565 0.000000
vt 6.889584 -216.591207 0.000000
vt 7.199483 -222.729565 0.000000
vt 7.370718 -216.633985 0.000000
vt 7.853982 -220.712613 0.000000
vt 7.853982 -218.695662 0.000000
vt 7.853982 -222.729565 0.000000
vt 7.853982 -216.678710 0.000000
vt 7.851621 -216.678490 0.000000
vt -3.214896 -200.267352 0.000000
vt -3.241476 -196.986971 0.000000
vt -3.672988 -200.269893 0.000000
vt -3.889771 -194.062911 0.000000
vt -3.782674 -200.290850 0.000000
vt -3.889771 -200.311383 0.000000
vt -2.755255 -196.986971 0.000000
vt -2.755754 -200.262295 0.000000
vt -2.297664 -200.254932 0.000000
vt -2.269033 -196.986971 0.000000
vt -1.838666 -200.245502 0.000000
vt -1.782812 -196.986971 0.000000
vt -1.380555 -200.234383 0.000000
vt -1.296591 -196.986971 0.000000
vt -0.921725 -200.221937 0.000000
vt -0.648295 -196.986971 0.000000
vt -0.462213 -200.208601 0.000000
vt -0.000000 -193.908996 0.000000
vt -0.002731 -200.194860 0.000000
vt -0.000000 -200.194773 0.000000
vt -0.648295 -187.512613 0.000000
vt -0.000000 -187.623215 0.000000
vt -0.486931 -181.342100 0.000000
vt -0.000000 -181.337436 0.000000
vt -0.973691 -181.355170 0.000000
vt -1.296591 -187.512613 0.000000
vt -1.460207 -181.376230 0.000000
vt -1.946272 -181.404528 0.000000
vt -1.782812 -187.512613 0.000000
vt -2.432037 -181.439030 0.000000
vt -2.269033 -187.512613 0.000000
vt -2.917270 -181.478415 0.000000
vt -2.755255 -187.512613 0.000000
vt -3.402474 -181.521212 0.000000
vt -3.241476 -187.512613 0.000000
vt -3.887391 -181.565739 0.000000
vt -3.889772 -181.565959 0.000000
vt -3.889772 -187.814434 0.000000
vt 0.000000 -5.468627 0.000000
vt 0.000000 -6.814843 0.000000
vt 0.294236 -5.249926 0.000000
vt 0.074035 -7.583751 0.000000
vt 0.294236 -8.290807 0.000000
vt 45.668543 -6.651002 0.000000
vt 45.669981 -6.601975 0.000000
vt 35.804620 -6.147522 0.000000
vt 45.669981 1.171345 0.000000
vt 34.252486 1.174038 0.000000
vt 39.347685 8.205188 0.000000
vt 32.997901 7.700751 0.000000
vt 45.669981 8.944665 0.000000
vt 45.664619 9.015240 0.000000
vt 26.630574 7.503145 0.000000
vt 22.834991 1.176732 0.000000
vt 25.934183 -5.787814 0.000000
vt 16.059403 -5.571957 0.000000
vt 11.417495 1.179425 0.000000
vt 6.182451 -5.500000 0.000000
vt -0.000000 0.270597 0.000000
vt -0.000000 -5.500000 0.000000
vt 15.764364 6.772170 0.000000
vt 4.898155 6.041195 0.000000
vt -0.000000 6.041195 0.000000
vt -5.938051 9.472894 0.000000
vt -5.195794 10.896326 0.000000
vt -5.938051 13.888027 0.000000
vt -5.195794 12.890793 0.000000
vt -5.618974 13.808206 0.000000
vt -4.315233 13.553543 0.000000
vt -4.267974 12.890793 0.000000
vt -3.340154 12.890793 0.000000
vt -3.340154 10.896326 0.000000
vt -2.957356 13.208081 0.000000
vt -2.412333 10.896326 0.000000
vt -2.412333 12.890793 0.000000
vt -1.524103 12.803728 0.000000
vt -5.938051 5.057779 0.000000
vt -5.195794 6.771005 0.000000
vt -5.195794 8.901859 0.000000
vt -4.267974 8.901859 0.000000
vt -4.267974 10.896326 0.000000
vt -3.340154 8.901859 0.000000
vt -2.412333 8.901859 0.000000
vt -1.484513 8.901859 0.000000
vt -1.484513 10.896326 0.000000
vt -0.742256 8.901859 0.000000
vt -0.742256 10.896326 0.000000
vt -0.000000 12.378486 0.000000
vt -0.002320 12.379110 0.000000
vt -3.958872 5.057744 0.000000
vt -4.267974 6.771005 0.000000
vt -3.340154 6.771005 0.000000
vt -1.979434 5.057725 0.000000
vt -2.412333 6.771005 0.000000
vt -1.484513 6.771005 0.000000
vt -0.000000 5.057711 0.000000
vt -0.742256 6.771005 0.000000
vt 18.905605 7.122129 0.000000
vt 18.355955 6.335928 0.000000
vt 19.968457 7.122129 0.000000
vt 19.669007 5.326907 0.000000
vt 17.714262 5.622412 0.000000
vt 16.176446 4.428574 0.000000
vt 19.291209 3.543216 0.000000
vt 14.392570 3.642407 0.000000
vt 13.449759 3.437367 0.000000
vt 18.861157 1.770246 0.000000
vt 12.500000 3.368420 0.000000
vt 12.500000 1.770246 0.000000
vt 6.138843 1.770246 0.000000
vt 6.592336 0.002616 0.000000
vt 11.550241 3.437367 0.000000
vt 5.708791 3.543216 0.000000
vt 10.607430 3.642407 0.000000
vt 8.823554 4.428574 0.000000
vt 5.330993 5.326907 0.000000
vt 7.285738 5.622412 0.000000
vt 6.644045 6.335928 0.000000
vt 6.094395 7.122129 0.000000
vt 5.031543 7.122129 0.000000
vt 6.593010 0.000000 0.000000
vt 12.500000 0.000000 0.000000
vt 18.406990 0.000000 0.000000
vt 18.407664 0.002616 0.000000
vt -0.000000 8.830321 0.000000
vt -0.742256 4.986171 0.000000
vt -0.000000 1.509542 0.000000
vt -0.742256 1.994469 0.000000
vt -0.002320 1.508918 0.000000
vt -1.524103 1.084300 0.000000
vt -1.484513 1.994469 0.000000
vt -2.412333 1.994469 0.000000
vt -2.412333 4.986171 0.000000
vt -3.340154 4.986171 0.000000
vt -3.340154 7.117026 0.000000
vt -4.267974 7.117026 0.000000
vt -3.958872 8.830289 0.000000
vt -5.195794 7.117026 0.000000
vt -5.938051 8.830253 0.000000
vt -5.938051 4.415136 0.000000
vt -0.742256 7.117026 0.000000
vt -1.979434 8.830308 0.000000
vt -1.484513 7.117026 0.000000
vt -2.412333 7.117026 0.000000
vt -1.484513 4.986171 0.000000
vt -5.938051 0.000000 0.000000
vt -5.195794 1.994469 0.000000
vt -5.195794 4.986171 0.000000
vt -4.267974 4.986171 0.000000
vt -5.618974 0.079821 0.000000
vt -4.315233 0.334485 0.000000
vt -4.267974 1.994469 0.000000
vt -3.340154 1.994469 0.000000
vt -2.957356 0.679946 0.000000
vt -3.126420 1.028547 0.000000
vt -3.126420 0.000000 0.000000
vt -2.735618 1.142356 0.000000
vt -2.084280 0.000000 0.000000
vt -1.758611 1.142356 0.000000
vt -1.042140 0.000000 0.000000
vt -0.781605 1.142356 0.000000
vt -0.000000 0.000000 0.000000
vt -0.000000 1.387155 0.000000
vt -0.781605 1.971420 0.000000
vt -0.000000 2.253224 0.000000
vt -0.781605 2.745078 0.000000
vt -0.000000 2.821648 0.000000
vt -0.781605 3.403073 0.000000
vt -0.000000 4.114187 0.000000
vt -1.042140 4.114187 0.000000
vt -1.758611 3.403073 0.000000
vt -2.084280 4.114187 0.000000
vt -2.735618 3.403073 0.000000
vt -3.126420 4.114187 0.000000
vt -3.126420 3.857051 0.000000
vt -3.126420 3.599914 0.000000
vt -3.126420 3.342777 0.000000
vt -3.126420 3.085641 0.000000
vt -2.735618 2.745078 0.000000
vt -3.126420 2.571367 0.000000
vt -2.735618 1.971420 0.000000
vt -3.126420 2.057094 0.000000
vt -1.758611 1.971420 0.000000
vt -1.758611 2.745078 0.000000
vt -0.000000 -1.391542 0.000000
vt -0.000000 0.000000 0.000000
vt -0.781643 -1.062800 0.000000
vt -1.042191 0.000000 0.000000
vt -2.084382 -0.000000 0.000000
vt -3.126573 0.000000 0.000000
vt -2.735751 -1.062800 0.000000
vt -1.758697 -1.062800 0.000000
vt -0.781643 -2.452763 0.000000
vt -0.000000 -2.258067 0.000000
vt -0.000000 -2.827838 0.000000
vt -0.781643 -3.287602 0.000000
vt -0.000000 -4.122441 0.000000
vt -1.042191 -4.122441 0.000000
vt -1.758697 -3.287602 0.000000
vt -2.084382 -4.122441 0.000000
vt -2.735751 -3.287602 0.000000
vt -3.126573 -3.864789 0.000000
vt -3.126573 -3.607136 0.000000
vt -3.126573 -3.349483 0.000000
vt -3.126573 -3.091831 0.000000
vt -3.126573 -2.576526 0.000000
vt -2.735751 -2.452763 0.000000
vt -3.126573 -2.061221 0.000000
vt -3.126573 -1.030610 0.000000
vt -3.126573 -4.122441 0.000000
vt -1.758697 -2.452763 0.000000
vt -0.000000 2.230443 0.000000
vt -1.416289 2.291037 0.000000
vt -0.943977 2.230443 0.000000
vt -1.887954 2.230443 0.000000
vt -2.831930 2.347821 0.000000
vt -2.831930 2.230443 0.000000
vt -2.831931 11.653179 0.000000
vt -2.831931 11.535800 0.000000
vt -1.887954 11.653179 0.000000
vt -1.416286 11.592597 0.000000
vt -0.943977 11.653179 0.000000
vt -0.000000 11.653179 0.000000
vt 6.742195 4.719840 0.000000
vt 4.936757 8.793899 0.000000
vt -0.628902 4.719840 0.000000
vt -0.628902 8.810981 0.000000
vt -8.000000 7.462349 0.000000
vt -8.000000 10.204858 0.000000
vt -0.000000 12.947366 0.000000
vt -8.000000 12.947366 0.000000
vt 3.443606 12.947366 0.000000
vt -8.000000 4.719840 0.000000
vt 1.094395 -3.901054 0.000000
vt 0.493207 -2.674857 0.000000
vt 0.031543 -3.901054 0.000000
vt -0.000000 -3.443606 0.000000
vt 0.124332 -1.359973 0.000000
vt -0.000000 0.000000 0.000000
vt 0.000000 12.947366 0.000000
vt -3.443606 12.947366 0.000000
vt 0.628902 8.810981 0.000000
vt -4.936757 8.793899 0.000000
vt 0.628902 4.719840 0.000000
vt -6.742195 4.719840 0.000000
vt 8.000000 4.719840 0.000000
vt 8.000000 7.462349 0.000000
vt 8.000000 10.204858 0.000000
vt 8.000000 12.947366 0.000000
vt -2.403798 12.636518 0.000000
vt -3.010934 15.310076 0.000000
vt -3.500000 8.699260 0.000000
vt -3.150433 16.011593 0.000000
vt -3.313517 16.708006 0.000000
vt -3.500000 17.398521 0.000000
vt -1.564667 10.026462 0.000000
vt -3.500000 0.000000 0.000000
vt -0.500000 7.500000 0.000000
vt -0.500000 0.000000 0.000000
vt -0.500000 -7.500000 0.000000
vt -1.564667 -10.026462 0.000000
vt -3.500000 -8.699260 0.000000
vt -2.403798 -12.636518 0.000000
vt -3.010934 -15.310076 0.000000
vt -3.150433 -16.011593 0.000000
vt -3.313517 -16.708006 0.000000
vt -3.500000 -17.398521 0.000000
vn -0.000000 0.967617 0.252422
vn -0.000000 0.967617 0.252422
vn -0.000000 0.967617 0.252422
vn -0.000000 0.967617 0.252422
vn -0.000000 0.967617 0.252422
vn -0.000000 0.967617 0.252422
vn -0.000000 0.967617 0.252422
vn -0.000000 0.967617 0.252422
vn -0.000000 0.967617 0.252422
vn -0.000000 0.967617 0.252422
vn -0.000000 0.967617 0.252422
vn -0.000000 0.967617 0.252422
vn -0.000000 0.967617 0.252422
vn -0.000000 0.967982 0.251020
vn -0.000000 0.969093 0.246698
vn -0.000000 0.967994 0.250975
vn -0.000000 0.992249 0.124262
vn -0.000000 0.992240 0.124337
vn 0.721612 -0.174751 0.669879
vn 0.721606 -0.174753 0.669885
vn 0.721612 -0.174751 0.669879
vn 0.721606 -0.174753 0.669885
vn 0.721588 -0.174757 0.669904
vn 0.721588 -0.174757 0.669904
vn 0.721569 -0.174762 0.669922
vn 0.721569 -0.174762 0.669922
vn 0.721562 -0.174764 0.669929
vn 0.721562 -0.174764 0.669929
vn -0.721603 0.174753 -0.669888
vn -0.721605 0.174753 -0.669886
vn -0.721603 0.174753 -0.669888
vn -0.721608 0.174752 -0.669883
vn -0.721605 0.174753 -0.669886
vn -0.721610 0.174752 -0.669881
vn -0.721615 0.174750 -0.669876
vn -0.721616 0.174750 -0.669875
vn -0.721617 0.174750 -0.669874
vn -0.721617 0.174750 -0.669874
vn -0.721615 0.174750 -0.669876
vn -0.721610 0.174752 -0.669881
vn -1.000000 0.000034 -0.000131
vn -1.000000 0.000034 -0.000131
vn -1.000000 0.000034 -0.000131
vn -1.000000 0.000034 -0.000131
vn -0.000133 -0.252422 0.967617
vn -0.000133 -0.252422 0.967617
vn -0.000133 -0.252422 0.967617
vn -0.000133 -0.252422 0.967617
vn 1.000000 -0.000033 0.000127
vn 1.000000 -0.000033 0.000127
vn 1.000000 -0.000033 0.000127
vn 1.000000 -0.000033 0.000127
vn 0.000133 0.252422 -0.967617
vn 0.000133 0.252422 -0.967617
vn 0.000133 0.252422 -0.967617
vn 0.000133 0.252422 -0.967617
vn 0.726274 -0.173516 0.665145
vn 0.721711 -0.174725 0.669779
vn 0.724008 -0.172145 0.667966
vn 0.721712 -0.170762 0.670799
vn 0.726275 -0.169581 0.666158
vn 1.000000 -0.000032 0.000127
vn 1.000000 -0.000033 0.000129
vn 1.000000 -0.000025 0.000129
vn 1.000000 -0.000017 0.000132
vn 1.000000 -0.000016 0.000130
vn 0.000132 0.124262 -0.992249
vn 0.000134 0.124300 -0.992245
vn 0.000133 0.124337 -0.992240
vn 0.000134 0.124319 -0.992242
vn 0.000135 0.124337 -0.992240
vn 0.000134 0.124262 -0.992249
vn 0.000133 0.124281 -0.992247
vn -1.000000 0.000016 -0.000131
vn -1.000000 0.000017 -0.000133
vn -1.000000 0.000025 -0.000131
vn -1.000000 0.000034 -0.000130
vn -1.000000 0.000033 -0.000128
vn -0.000134 -0.250975 0.967994
vn -0.000132 -0.250975 0.967994
vn -0.000133 -0.250997 0.967988
vn -0.000132 -0.251020 0.967982
vn -0.000134 -0.251020 0.967982
vn -0.726204 0.172571 -0.665467
vn -0.721641 0.173773 -0.670103
vn -0.723935 0.173654 -0.667655
vn -0.721641 0.174744 -0.669850
vn -0.726204 0.173535 -0.665217
vn -0.000000 0.967617 0.252422
vn -0.000000 0.967617 0.252422
vn -0.000000 0.967617 0.252422
vn -0.000000 0.967617 0.252422
vn -0.000000 0.967617 0.252422
vn -0.000000 0.967617 0.252422
vn -0.000000 0.967617 0.252422
vn -0.000000 0.967617 0.252422
vn -0.000000 0.967617 0.252422
vn -0.000000 0.967617 0.252422
vn -0.000000 0.967617 0.252422
vn -0.000000 0.967617 0.252422
vn -0.000000 0.967617 0.252422
vn -0.000000 0.967617 0.252422
vn -0.000000 0.967617 0.252422
vn -0.000000 0.967617 0.252422
vn -0.000000 0.967617 0.252422
vn -0.000000 0.967617 0.252422
vn -0.000000 0.967617 0.252422
vn -0.000000 0.967617 0.252422
vn -0.000000 0.967617 0.252422
vn -0.000000 0.967617 0.252422
vn -0.000000 0.967617 0.252422
vn -0.000000 0.967617 0.252422
vn -0.000000 0.967617 0.252422
vn -0.000000 0.967617 0.252422
vn -0.000000 0.967617 0.252422
vn -0.000000 0.967617 0.252422
vn -0.000000 0.967617 0.252422
vn -0.000000 0.967617 0.252422
vn -0.000000 0.967617 0.252422
vn -0.000000 0.967617 0.252422
vn -0.000000 0.967617 0.252422
vn -0.000000 0.967617 0.252422
vn -0.000000 0.967617 0.252422
vn -0.000000 0.967617 0.252422
vn -0.000000 0.967617 0.252422
vn -0.000000 0.967617 0.252422
vn -0.000000 0.967617 0.252422
vn -0.000000 0.967617 0.252422
vn -0.000000 0.967617 0.252422
vn -0.000000 0.967617 0.252422
vn -0.000000 0.967617 0.252422
vn -0.000000 0.967617 0.252422
vn -0.000000 0.967617 0.252422
vn -0.000000 0.967617 0.252422
vn -0.000000 0.967617 0.252422
vn -0.000000 0.967617 0.252422
vn -0.000000 0.967617 0.252422
vn -0.000000 0.967617 0.252422
vn -0.000000 0.967617 0.252422
vn -0.000000 0.967617 0.252422
vn -0.000000 0.967617 0.252422
vn -0.000000 0.967617 0.252422
vn -0.000000 0.967617 0.252422
vn -0.000000 0.967617 0.252422
vn -0.000000 0.967617 0.252422
vn -0.000000 0.967617 0.252422
vn -0.000000 0.967617 0.252422
vn -0.000000 0.967617 0.252422
vn -0.000000 0.967617 0.252422
vn -0.000000 0.967617 0.252422
vn -0.000000 0.967617 0.252422
vn -0.000000 0.967617 0.252422
vn -0.000000 0.967617 0.252422
vn -0.000000 0.967617 0.252422
vn -0.000000 0.967617 0.252422
vn -0.000000 0.967617 0.252422
vn -0.000000 0.967617 0.252422
vn -0.000000 0.967617 0.252422
vn -0.000000 0.967617 0.252422
vn -0.000000 0.967617 0.252422
vn -0.000000 0.967617 0.252422
vn -0.000000 0.967617 0.252422
vn -0.000000 0.967617 0.252422
vn -0.000000 0.967617 0.252422
vn -0.000000 0.967617 0.252422
vn -0.000000 0.967617 0.252422
vn -0.000000 0.967617 0.252422
vn -0.000000 0.967617 0.252422
vn -0.000000 0.967617 0.252422
vn -0.000000 0.967617 0.252422
vn -0.000000 0.967617 0.252422
vn -0.000000 0.967617 0.252422
vn -0.000000 0.967617 0.252422
vn -0.000000 0.967617 0.252422
vn -0.000000 0.967617 0.252422
vn -0.000000 0.967617 0.252422
vn -0.000000 0.967617 0.252422
vn -0.000000 0.967617 0.252422
vn -0.000000 0.967617 0.252422
vn -0.000000 0.967617 0.252422
vn -0.000000 0.967617 0.252422
vn -0.000000 0.967617 0.252422
vn -0.000000 0.967617 0.252422
vn -0.000000 0.967617 0.252422
vn -0.000000 0.967617 0.252422
vn -0.000000 0.967617 0.252422
vn -0.000000 0.967617 0.252422
vn -0.000000 0.967617 0.252422
vn -0.000000 0.967617 0.252422
vn -0.000000 0.967617 0.252422
vn -0.000000 0.967617 0.252422
vn -0.000000 0.967617 0.252422
vn -0.000000 0.967617 0.252422
vn -0.000000 0.967617 0.252422
vn -0.000000 0.967617 0.252422
vn -0.000000 0.967617 0.252422
vn -0.000000 0.967617 0.252422
vn -0.000000 0.967617 0.252422
vn -0.000000 0.967617 0.252422
vn -0.000000 0.967617 0.252422
vn -0.000000 0.967617 0.252422
vn -0.000000 0.967617 0.252422
vn -0.000000 0.967617 0.252422
vn -0.000000 0.967617 0.252422
vn -0.000000 0.967617 0.252422
vn -0.000000 0.967617 0.252422
vn -0.000000 0.967617 0.252422
vn -0.000000 0.967617 0.252422
vn -0.000000 0.967617 0.252422
vn -0.000000 0.967617 0.252422
vn -0.000000 0.967617 0.252422
vn -0.000000 0.967617 0.252422
vn -0.000000 0.967617 0.252422
vn -0.000000 0.967617 0.252422
vn -0.000000 0.967617 0.252422
vn -0.000000 0.967617 0.252422
vn -0.000000 0.967617 0.252422
vn -0.000000 0.967617 0.252422
vn -0.000000 0.967617 0.252422
vn -0.000000 0.967617 0.252422
vn -0.000000 0.967617 0.252422
vn -0.000000 0.967617 0.252422
vn -0.000000 0.967617 0.252422
vn -0.000000 0.967617 0.252422
vn -0.000000 0.967617 0.252422
vn -0.000000 0.967617 0.252422
vn -0.000000 0.967617 0.252422
vn -0.000000 0.967617 0.252422
vn -0.000000 0.967617 0.252422
vn -0.000000 0.967617 0.252422
vn -0.000000 0.967617 0.252422
vn -0.000000 0.967617 0.252422
vn -0.000000 0.967617 0.252422
vn -0.000000 0.967617 0.252422
vn -0.000000 0.967617 0.252422
vn -0.000000 0.975700 0.219112
vn -0.000000 0.968151 0.250366
vn -0.000000 0.975684 0.219182
vn -0.000000 0.981911 0.189342
vn -0.000000 0.981913 0.189331
vn -0.000000 0.986453 0.164044
vn -0.000000 0.986468 0.163952
vn -0.000000 0.989584 0.143957
vn -0.000000 0.989585 0.143951
vn -0.000000 0.991545 0.129765
vn -0.000000 0.991602 0.129325
vn -0.000000 0.992699 0.120618
vn -0.000000 0.992786 0.119897
vn -0.000000 0.993492 0.113898
vn -0.168885 -0.248796 0.953718
vn -0.403415 -0.230970 0.885386
vn -0.168885 -0.248796 0.953718
vn -0.403415 -0.230970 0.885386
vn -0.521577 -0.215367 0.825575
vn -0.521577 -0.215367 0.825575
vn -0.628824 -0.196270 0.752369
vn -0.628824 -0.196270 0.752369
vn -0.726514 -0.173452 0.664900
vn -0.726514 -0.173452 0.664900
vn -0.812644 -0.147101 0.563889
vn -0.812644 -0.147101 0.563889
vn -0.922861 -0.097216 0.372661
vn -0.922861 -0.097216 0.372661
vn -0.974078 -0.057100 0.218885
vn -0.974078 -0.057100 0.218885
vn -0.994375 -0.026736 0.102488
vn -0.994375 -0.026736 0.102488
vn -0.999814 0.004874 -0.018684
vn -0.999814 0.004874 -0.018684
vn -0.977601 0.053126 -0.203651
vn -0.977601 0.053126 -0.203651
vn -0.931513 0.091808 -0.351929
vn -0.931513 0.091808 -0.351929
vn -0.832074 0.140009 -0.536703
vn -0.832074 0.140009 -0.536703
vn -0.752482 0.166248 -0.637285
vn -0.752482 0.166248 -0.637285
vn -0.658538 0.189959 -0.728178
vn -0.658538 0.189959 -0.728178
vn -0.554381 0.210081 -0.805312
vn -0.554381 0.210081 -0.805312
vn -0.438765 0.226827 -0.869503
vn -0.438765 0.226827 -0.869503
vn -0.197267 0.247462 -0.948603
vn -0.197267 0.247462 -0.948603
vn 0.000079 0.252422 -0.967617
vn 0.000079 0.252422 -0.967617
vn 0.196654 0.247493 -0.948722
vn 0.196654 0.247493 -0.948722
vn 0.428871 0.228029 -0.874112
vn 0.428871 0.228029 -0.874112
vn 0.644406 0.193023 -0.739921
vn 0.644406 0.193023 -0.739921
vn 0.740140 0.169742 -0.650677
vn 0.740140 0.169742 -0.650677
vn 0.822668 0.143508 -0.550112
vn 0.822668 0.143508 -0.550112
vn 0.927588 0.094306 -0.361506
vn 0.927588 0.094306 -0.361506
vn 0.977771 0.052926 -0.202884
vn 0.977771 0.052926 -0.202884
vn 0.999872 0.004037 -0.015473
vn 0.999872 0.004037 -0.015473
vn 0.994715 -0.025917 0.099350
vn 0.994715 -0.025917 0.099350
vn 0.978518 -0.052040 0.199485
vn 0.978518 -0.052040 0.199485
vn 0.934101 -0.090117 0.345449
vn 0.934101 -0.090117 0.345449
vn 0.825691 -0.142397 0.545855
vn 0.825691 -0.142397 0.545855
vn 0.734839 -0.171203 0.656278
vn 0.734839 -0.171203 0.656278
vn 0.631838 -0.195652 0.750001
vn 0.631838 -0.195652 0.750001
vn 0.522004 -0.215301 0.825322
vn 0.522004 -0.215301 0.825322
vn 0.404549 -0.230844 0.884902
vn 0.404549 -0.230844 0.884902
vn 0.170236 -0.248737 0.953493
vn 0.170236 -0.248737 0.953493
vn -0.884348 0.117838 -0.451712
vn -0.945939 0.081872 -0.313842
vn -0.884348 0.117838 -0.451712
vn -0.945939 0.081872 -0.313842
vn -0.979509 0.050838 -0.194878
vn -0.979509 0.050838 -0.194878
vn -0.999907 0.003441 -0.013190
vn -0.999907 0.003441 -0.013190
vn -0.986563 -0.041242 0.158093
vn -0.986563 -0.041242 0.158093
vn -0.956979 -0.073242 0.280760
vn -0.956979 -0.073242 0.280760
vn -0.902783 -0.108566 0.416169
vn -0.902783 -0.108566 0.416169
vn -0.823756 -0.143109 0.548586
vn -0.823756 -0.143109 0.548586
vn -0.714553 -0.176590 0.676927
vn -0.714553 -0.176590 0.676927
vn -0.582620 -0.205155 0.786426
vn -0.582620 -0.205155 0.786426
vn -0.448433 -0.225619 0.864872
vn -0.448433 -0.225619 0.864872
vn -0.314321 -0.239628 0.918575
vn -0.314321 -0.239628 0.918575
vn -0.187582 -0.247941 0.950441
vn -0.187582 -0.247941 0.950441
vn 0.000650 -0.252422 0.967617
vn 0.000650 -0.252422 0.967617
vn 0.188916 -0.247877 0.950194
vn 0.188916 -0.247877 0.950194
vn 0.318577 -0.239270 0.917202
vn 0.318577 -0.239270 0.917202
vn 0.455232 -0.224750 0.861540
vn 0.455232 -0.224750 0.861540
vn 0.588205 -0.204137 0.782523
vn 0.588205 -0.204137 0.782523
vn 0.716215 -0.176160 0.675281
vn 0.716215 -0.176160 0.675281
vn 0.822463 -0.143582 0.550398
vn 0.822463 -0.143582 0.550398
vn 0.900154 -0.109948 0.421466
vn 0.900154 -0.109948 0.421466
vn 0.954181 -0.075532 0.289541
vn 0.954181 -0.075532 0.289541
vn 0.984910 -0.043686 0.167464
vn 0.984910 -0.043686 0.167464
vn 0.999939 0.002785 -0.010677
vn 0.999939 0.002785 -0.010677
vn 0.976471 0.054435 -0.208667
vn 0.976471 0.054435 -0.208667
vn 0.938943 0.086852 -0.332932
vn 0.938943 0.086852 -0.332932
vn 0.879412 0.120168 -0.460646
vn 0.879412 0.120168 -0.460646
vn -0.000623 -0.250366 0.968151
vn 0.047998 -0.250262 0.966988
vn 0.170251 -0.248737 0.953491
vn 0.131720 -0.249437 0.959391
vn 0.172454 -0.248640 0.953120
vn -0.000631 -0.250366 0.968151
vn -0.040142 -0.250298 0.967336
vn -0.171087 -0.248700 0.953351
vn -0.168901 -0.248795 0.953716
vn 0.879458 0.120147 -0.460562
vn 0.798928 0.131822 -0.586803
vn 0.882074 0.118919 -0.455854
vn 0.761326 0.133857 -0.634402
vn 0.802732 0.130707 -0.581839
vn 0.699601 0.135291 -0.701608
vn 0.617513 0.135554 -0.774792
vn 0.573460 0.134315 -0.808148
vn 0.430196 0.130376 -0.893271
vn 0.428352 0.130076 -0.894201
vn 0.288622 0.124242 -0.949348
vn 0.250328 0.122530 -0.960376
vn 0.174587 0.118765 -0.977453
vn -0.003346 0.113893 -0.993487
vn 0.005439 0.113897 -0.993478
vn -0.123648 0.116330 -0.985484
vn -0.174677 0.118053 -0.977523
vn -0.294438 0.123226 -0.947693
vn -0.300427 0.123351 -0.945795
vn -0.435217 0.129608 -0.890948
vn -0.464244 0.131094 -0.875952
vn -0.572715 0.134476 -0.808649
vn -0.632037 0.136134 -0.762887
vn -0.696588 0.135840 -0.704495
vn -0.775124 0.133342 -0.617578
vn -0.802364 0.130774 -0.582332
vn -0.884358 0.117833 -0.451693
vn -0.886887 0.116615 -0.447025
vn 0.694856 0.136165 -0.706141
vn 0.568362 0.134896 -0.811645
vn 0.423733 0.130389 -0.896353
vn 0.285135 0.124378 -0.950383
vn 0.172359 0.118812 -0.977843
vn 0.005367 0.113897 -0.993478
vn -0.172448 0.118100 -0.977913
vn -0.296825 0.123497 -0.946913
vn -0.430558 0.129930 -0.893162
vn -0.567618 0.135056 -0.812139
vn -0.691824 0.136709 -0.709006
vn -0.798555 0.131888 -0.587295
vn -0.000000 0.967617 0.252422
vn -0.000000 0.967617 0.252422
vn -0.000000 0.967617 0.252422
vn -0.000000 0.967617 0.252422
vn -0.000000 0.967617 0.252422
vn -0.000000 0.967617 0.252422
vn -0.000000 0.967617 0.252422
vn -0.000000 0.967617 0.252422
vn -0.000000 0.967617 0.252422
vn -0.000000 0.967617 0.252422
vn -0.000000 0.967617 0.252422
vn -0.000000 0.967617 0.252422
vn -0.000000 0.967617 0.252422
vn -0.000000 0.967617 0.252422
vn -0.000000 0.967617 0.252422
vn -0.000000 0.967617 0.252422
vn -0.000000 0.967617 0.252422
vn -0.000000 0.967617 0.252422
vn -0.000000 0.967617 0.252422
vn -0.000000 0.967617 0.252422
vn -0.000000 0.967617 0.252422
vn -0.000000 0.967617 0.252422
vn -0.000000 0.967617 0.252422
vn -0.000000 0.967617 0.252422
vn -0.000000 0.967617 0.252422
vn -0.000000 0.967617 0.252422
vn -0.000000 0.967617 0.252422
vn -0.000000 0.967617 0.252422
vn -0.000000 0.967617 0.252422
vn -0.000000 0.967617 0.252422
vn -0.000000 0.967617 0.252422
vn -0.000000 0.967617 0.252422
vn -0.000000 0.967617 0.252422
vn -0.000000 0.967617 0.252422
vn -0.000000 0.967617 0.252422
vn -0.000000 0.967617 0.252422
vn -0.000000 0.969093 0.246698
vn -0.000000 0.992240 0.124337
vn -0.000000 0.994676 0.103051
vn -0.000000 0.999628 0.027256
vn -0.000000 0.998814 -0.048695
vn -0.000000 0.979935 -0.199319
vn -0.000000 0.979935 -0.199319
vn -0.000000 0.979935 -0.199319
vn -0.000000 0.999628 0.027256
vn -0.000000 0.992259 0.124185
vn -0.000000 0.992261 0.124172
vn -0.000000 0.979935 -0.199319
vn -0.000000 0.999628 0.027256
vn -0.000000 0.992271 0.124088
vn -0.000000 0.981911 0.189342
vn -0.000000 0.975684 0.219182
vn -0.000000 0.979935 -0.199319
vn -0.000000 0.998814 -0.048695
vn -0.000000 0.994676 0.103051
vn -0.000000 0.993492 0.113898
vn -0.000000 0.992699 0.120618
vn -0.000000 0.981913 0.189331
vn -0.000000 0.986453 0.164044
vn -0.000000 0.989584 0.143957
vn -0.000000 0.975700 0.219112
vn -0.000000 0.991602 0.129325
vn -0.000000 0.992786 0.119897
vn -0.000000 0.991545 0.129765
vn -0.000000 0.989585 0.143951
vn -0.000000 0.986468 0.163952
vn -0.000000 0.992267 0.124118
vn -0.000000 0.992264 0.124147
vn -0.000000 0.967617 0.252422
vn -0.000000 0.967617 0.252422
vn -0.000000 0.992251 0.124251
vn -0.000000 0.992249 0.124262
vn -0.000000 0.967994 0.250975
vn -0.000000 0.967982 0.251020
vn -0.000000 0.967617 0.252422
vn -0.000000 0.992251 0.124251
vn -0.000000 0.967617 0.252422
vn -0.000000 0.992259 0.124185
vn -0.000000 0.967617 0.252422
vn -0.000000 0.967617 0.252422
vn -0.000000 0.967617 0.252422
vn -0.000000 0.967617 0.252422
vn -0.000000 0.967617 0.252422
vn -0.000000 0.967617 0.252422
vn -0.000000 0.967617 0.252422
vn -0.000000 0.967617 0.252422
vn -0.000000 0.967617 0.252422
vn -0.000000 0.967617 0.252422
vn -0.000000 0.967617 0.252422
vn -0.000000 0.967617 0.252422
vn -0.000000 0.967617 0.252422
vn 1.000000 -0.000033 0.000126
vn 1.000000 -0.000033 0.000127
vn 1.000000 -0.000025 0.000128
vn 1.000000 -0.000016 0.000131
vn 1.000000 -0.000016 0.000130
vn 0.000135 0.124251 -0.992251
vn 0.000133 0.124251 -0.992251
vn 0.000134 0.124218 -0.992255
vn 0.000133 0.124185 -0.992259
vn 0.000135 0.124185 -0.992259
vn -1.000000 0.000016 -0.000131
vn -1.000000 0.000017 -0.000133
vn -1.000000 0.000025 -0.000130
vn -1.000000 0.000034 -0.000130
vn -1.000000 0.000033 -0.000128
vn 1.000000 -0.000034 0.000129
vn 1.000000 -0.000034 0.000129
vn 1.000000 -0.000034 0.000129
vn 1.000000 -0.000034 0.000129
vn 1.000000 -0.000034 0.000129
vn 1.000000 -0.000034 0.000129
vn 1.000000 -0.000033 0.000128
vn 1.000000 -0.000033 0.000128
vn 1.000000 -0.000033 0.000128
vn 1.000000 -0.000033 0.000128
vn -1.000000 0.000034 -0.000130
vn -1.000000 0.000034 -0.000130
vn -1.000000 0.000034 -0.000130
vn -1.000000 0.000034 -0.000130
vn -0.000133 -0.252422 0.967617
vn -0.000133 -0.252422 0.967617
vn -0.000133 -0.252422 0.967617
vn -0.000133 -0.252422 0.967617
vn -1.000000 0.000034 -0.000129
vn -1.000000 0.000034 -0.000129
vn -1.000000 0.000034 -0.000129
vn -1.000000 0.000034 -0.000129
vn 0.000133 0.252422 -0.967617
vn 0.000133 0.252422 -0.967617
vn 0.000133 0.252422 -0.967617
vn 0.000133 0.252422 -0.967617
vn -1.000000 0.000034 -0.000130
vn -1.000000 0.000034 -0.000130
vn -1.000000 0.000034 -0.000130
vn -1.000000 0.000034 -0.000130
vn -0.000133 -0.252422 0.967617
vn -0.000133 -0.252422 0.967617
vn -0.000133 -0.252422 0.967617
vn -0.000133 -0.252422 0.967617
vn -1.000000 0.000034 -0.000129
vn -1.000000 0.000034 -0.000129
vn -1.000000 0.000034 -0.000129
vn -1.000000 0.000034 -0.000129
vn 0.000133 0.252422 -0.967617
vn 0.000133 0.252422 -0.967617
vn 0.000133 0.252422 -0.967617
vn 0.000133 0.252422 -0.967617
vn -1.000000 0.000034 -0.000129
vn -1.000000 0.000034 -0.000129
vn -1.000000 0.000034 -0.000129
vn -1.000000 0.000034 -0.000129
vn -0.000133 -0.252422 0.967617
vn -0.000133 -0.252422 0.967617
vn -0.000133 -0.252422 0.967617
vn -0.000133 -0.252422 0.967617
vn -0.000000 0.968151 0.250366
vn -0.000000 0.967617 0.252422
vn -0.000000 0.992261 0.124172
vn -0.000000 0.967617 0.252422
vn -0.000000 0.992264 0.124147
vn -0.000000 0.967617 0.252422
vn -0.000000 0.992267 0.124118
vn -0.000000 0.967617 0.252422
vn -0.000000 0.992271 0.124088
vn -0.000000 0.967617 0.252422
vn -0.000000 0.967617 0.252422
vn -0.000000 0.967617 0.252422
vn -0.000000 0.967617 0.252422
vn -0.000000 0.967617 0.252422
vn -0.000000 0.967617 0.252422
vn -0.000000 0.967617 0.252422
vn -0.000000 0.967617 0.252422
vn -0.000000 0.967617 0.252422
vn -0.000000 0.967617 0.252422
vn -0.000000 0.967617 0.252422
vn 1.000000 -0.000033 0.000126
vn 1.000000 -0.000033 0.000128
vn 1.000000 -0.000025 0.000129
vn 1.000000 -0.000017 0.000132
vn 1.000000 -0.000016 0.000130
vn 0.000134 0.124172 -0.992261
vn 0.000132 0.124172 -0.992261
vn 0.000133 0.124159 -0.992262
vn 0.000132 0.124147 -0.992264
vn 0.000134 0.124147 -0.992264
vn -1.000000 0.000016 -0.000130
vn -1.000000 0.000017 -0.000132
vn -1.000000 0.000025 -0.000129
vn -1.000000 0.000034 -0.000129
vn -1.000000 0.000033 -0.000127
vn 0.892920 0.113644 -0.435636
vn 0.890501 0.114847 -0.440248
vn 0.891902 0.085514 -0.444070
vn 0.889280 0.056767 -0.453827
vn 0.891721 0.056174 -0.449085
vn 0.000134 0.124118 -0.992267
vn 0.000132 0.124118 -0.992267
vn 0.000133 0.124103 -0.992269
vn 0.000132 0.124088 -0.992271
vn 0.000134 0.124088 -0.992271
vn -0.855668 -0.064219 0.513526
vn -0.852608 -0.064842 0.518512
vn -0.855096 -0.097649 0.509191
vn -0.852916 -0.131777 0.505143
vn -0.855970 -0.130508 0.500282
vn 1.000000 -0.000034 0.000128
vn 1.000000 -0.000034 0.000128
vn 1.000000 -0.000034 0.000128
vn 1.000000 -0.000034 0.000128
vn -1.000000 0.000034 -0.000129
vn -1.000000 0.000034 -0.000129
vn -1.000000 0.000034 -0.000129
vn -1.000000 0.000034 -0.000129
vn -0.723236 0.174323 -0.668237
vn -0.723236 0.174323 -0.668237
vn -0.723236 0.174323 -0.668237
vn -0.723236 0.174323 -0.668237
vn 0.889634 0.115274 -0.441885
vn 0.889634 0.115274 -0.441885
vn 0.889634 0.115274 -0.441885
vn 0.889634 0.115274 -0.441885
vn -0.852426 -0.131978 0.505916
vn -0.852623 -0.131897 0.505605
vn -0.852426 -0.131978 0.505916
vn -0.852623 -0.131897 0.505605
vn -0.852810 -0.131820 0.505311
vn -0.852810 -0.131820 0.505311
vn -0.852921 -0.131774 0.505135
vn -0.852921 -0.131774 0.505135
vn -0.852958 -0.131759 0.505076
vn -0.852958 -0.131759 0.505076
vn -0.718841 0.175477 -0.672663
vn -0.718841 0.175477 -0.672663
vn -0.718841 0.175477 -0.672663
vn -0.718841 0.175477 -0.672663
vn -0.000133 -0.252422 0.967617
vn -0.000133 -0.252422 0.967617
vn -0.000133 -0.252422 0.967617
vn -0.000133 -0.252422 0.967617
vn 0.759402 -0.164231 0.629553
vn 0.759402 -0.164231 0.629553
vn 0.759402 -0.164231 0.629553
vn 0.759402 -0.164231 0.629553
vn -1.000000 0.000034 -0.000129
vn -1.000000 0.000034 -0.000129
vn -1.000000 0.000034 -0.000129
vn -1.000000 0.000034 -0.000129
vn -0.000133 -0.252422 0.967617
vn -0.000133 -0.252422 0.967617
vn -0.000133 -0.252422 0.967617
vn -0.000133 -0.252422 0.967617
vn -0.000000 0.967617 0.252422
vn -0.000000 0.967617 0.252422
vn -0.000000 1.000000 0.000000
vn -0.000000 1.000000 0.000000
vn 0.000000 0.977609 -0.210431
vn 0.000000 0.970232 -0.242176
vn 0.000000 0.911438 -0.411438
vn 0.000000 0.882702 -0.469933
vn 0.000000 0.804450 -0.594020
vn 0.000000 0.742619 -0.669714
vn 0.000000 0.661438 -0.750000
vn 0.000000 0.603020 -0.797726
vn 0.000000 0.624988 -0.780635
vn 0.000000 0.496125 -0.868251
vn 0.000000 0.438153 -0.898901
vn 0.000000 0.353162 -0.935562
vn 0.000000 0.344452 -0.938804
vn 0.000000 0.236987 -0.971513
vn 0.000000 0.183578 -0.983005
vn 0.000000 0.120064 -0.992766
vn 0.000000 0.091467 -0.995808
vn 0.000000 0.000000 -1.000000
vn 0.000000 0.000000 -1.000000
vn 0.000000 0.882702 -0.469933
vn 0.000000 0.804450 -0.594020
vn 0.000000 0.742619 -0.669714
vn 0.000000 0.661438 -0.750000
vn 0.000000 0.603020 -0.797726
vn 0.000000 0.624988 -0.780635
vn 0.000000 0.496125 -0.868251
vn 0.000000 0.911438 -0.411438
vn 0.000000 0.970232 -0.242176
vn 0.000000 0.977609 -0.210431
vn -0.000000 1.000000 0.000000
vn -0.000000 1.000000 0.000000
vn 0.000000 0.438153 -0.898901
vn 0.000000 0.353162 -0.935562
vn 0.000000 0.344452 -0.938804
vn 0.000000 0.183578 -0.983005
vn 0.000000 0.236987 -0.971513
vn 0.000000 0.120064 -0.992766
vn 0.000000 0.091467 -0.995808
vn 0.000000 0.000000 -1.000000
vn 0.000000 0.000000 -1.000000
vn -0.000000 1.000000 0.000000
vn -0.000000 1.000000 0.000000
vn 0.000000 -0.000000 1.000000
vn 0.000000 -0.000000 1.000000
vn -0.000000 0.258819 0.965926
vn -0.000000 0.258819 0.965926
vn -0.000000 0.500000 0.866025
vn -0.000000 0.500000 0.866025
vn -0.000000 0.707107 0.707107
vn -0.000000 0.707107 0.707107
vn -0.000000 0.866025 0.500000
vn -0.000000 0.866025 0.500000
vn -0.000000 0.965926 0.258819
vn -0.000000 0.965926 0.258819
vn -0.000000 -0.000000 -1.000000
vn -0.000000 -0.000000 -1.000000
vn -0.000000 -0.000000 -1.000000
vn -0.000000 -0.000000 -1.000000
vn -0.000000 0.000000 1.000000
vn -0.000000 0.000000 1.000000
vn 0.000000 -0.091467 -0.995808
vn 0.000000 -0.120064 -0.992766
vn 0.000000 -0.183578 -0.983005
vn 0.000000 -0.236987 -0.971513
vn 0.000000 -0.344452 -0.938804
vn 0.000000 -0.353162 -0.935562
vn 0.000000 -0.438153 -0.898901
vn 0.000000 -0.496125 -0.868251
vn 0.000000 -0.603020 -0.797726
vn 0.000000 -0.624988 -0.780635
vn 0.000000 -0.661438 -0.750000
vn 0.000000 -0.742619 -0.669714
vn 0.000000 -0.765159 -0.643841
vn 0.000000 -0.811928 -0.583757
vn 0.000000 -0.852026 -0.523500
vn 0.000000 -0.871338 -0.490684
vn 0.000000 -0.920124 -0.391628
vn 0.000000 -0.920124 -0.391628
vn 0.000000 -0.967617 -0.252422
vn 0.000000 -0.967617 -0.252422
vn 0.000000 -0.994177 -0.107755
vn 0.000000 -0.997411 -0.071914
vn 0.000000 -0.997411 -0.071914
vn 0.000000 -0.994177 -0.107755
vn 0.000000 -0.999352 -0.035981
vn 0.000000 -0.999352 -0.035981
vn 0.000000 -1.000000 0.000000
vn 0.000000 -1.000000 0.000000
vn 0.000000 -0.603020 -0.797726
vn 0.000000 -0.661438 -0.750000
vn 0.000000 -0.742619 -0.669714
vn 0.000000 -0.765159 -0.643841
vn 0.000000 -0.811928 -0.583757
vn 0.000000 -0.852026 -0.523500
vn 0.000000 -0.871338 -0.490684
vn 0.000000 -0.920124 -0.391628
vn 0.000000 -0.920124 -0.391628
vn 0.000000 -0.967617 -0.252422
vn 0.000000 -0.967617 -0.252422
vn 0.000000 -0.994177 -0.107755
vn 0.000000 -0.994177 -0.107755
vn 0.000000 -0.997411 -0.071914
vn 0.000000 -0.997411 -0.071914
vn 0.000000 -0.999352 -0.035981
vn 0.000000 -0.999352 -0.035981
vn 0.000000 -1.000000 0.000000
vn 0.000000 -1.000000 0.000000
vn 0.000000 -0.438153 -0.898901
vn 0.000000 -0.496125 -0.868251
vn 0.000000 -0.624988 -0.780635
vn 0.000000 -0.353162 -0.935562
vn 0.000000 -0.344452 -0.938804
vn 0.000000 -0.236987 -0.971513
vn 0.000000 -0.183578 -0.983005
vn 0.000000 -0.120064 -0.992766
vn 0.000000 -0.091467 -0.995808
vn 0.000000 -1.000000 0.000000
vn 0.000000 -1.000000 0.000000
vn 0.000000 -0.965926 0.258819
vn 0.000000 -0.965926 0.258819
vn 0.000000 -0.866025 0.500000
vn 0.000000 -0.866025 0.500000
vn 0.000000 -0.707107 0.707107
vn 0.000000 -0.707107 0.707107
vn 0.000000 -0.500000 0.866025
vn 0.000000 -0.500000 0.866025
vn 0.000000 -0.258819 0.965926
vn 0.000000 -0.258819 0.965926
vn 0.000000 -1.000000 -0.000000
vn 0.000000 -1.000000 -0.000000
vn 0.000000 -0.000000 1.000000
vn 0.000000 -0.000000 1.000000
vn 0.000000 -0.258819 0.965926
vn 0.000000 -0.258819 0.965926
vn 0.000000 -0.500000 0.866025
vn 0.000000 -0.500000 0.866025
vn 0.000000 -0.707107 0.707107
vn 0.000000 -0.707107 0.707107
vn 0.000000 -0.866025 0.500000
vn 0.000000 -0.866025 0.500000
vn 0.000000 -0.965926 0.258819
vn 0.000000 -0.965926 0.258819
vn -0.000000 0.000000 1.000000
vn -0.000000 0.000000 1.000000
vn -0.000000 1.000000 0.000000
vn -0.000000 1.000000 0.000000
vn -0.000000 0.965926 0.258819
vn -0.000000 0.965926 0.258819
vn -0.000000 0.866025 0.500000
vn -0.000000 0.866025 0.500000
vn -0.000000 0.707107 0.707107
vn -0.000000 0.707107 0.707107
vn -0.000000 0.500000 0.866025
vn -0.000000 0.500000 0.866025
vn -0.000000 0.258819 0.965926
vn -0.000000 0.258819 0.965926
vn 0.565713 0.000000 -0.824602
vn 0.596235 0.000000 -0.802810
vn 0.617490 0.000000 -0.786579
vn 0.604046 0.000000 -0.796950
vn 0.610087 0.000000 -0.792335
vn 0.519198 0.000000 -0.854654
vn 0.537591 0.000000 -0.843206
vn 0.564394 0.000000 -0.825506
vn 0.586835 0.000000 -0.809706
vn 0.507395 0.000000 -0.861713
vn 0.499166 0.000000 -0.866507
vn 0.475593 0.000000 -0.879665
vn 0.481908 0.000000 -0.876222
vn 0.470247 0.000000 -0.882535
vn 0.466192 0.000000 -0.884684
vn 0.444223 0.000000 -0.895916
vn 0.466192 0.000000 -0.884684
vn 0.418524 0.000000 -0.908206
vn 0.392485 0.000000 -0.919758
vn 0.334867 0.000000 -0.942265
vn 0.357368 0.000000 -0.933964
vn 0.343152 0.000000 -0.939280
vn 0.323973 0.000000 -0.946066
vn 0.300451 0.000000 -0.953797
vn 0.243815 0.000000 -0.969822
vn 0.178461 0.000000 -0.983947
vn 0.306051 0.000000 -0.952015
vn 0.178461 0.000000 -0.983947
vn 0.178461 0.000000 -0.983947
vn 0.428347 0.000000 -0.903615
vn 0.470247 0.000000 -0.882535
vn 0.481908 0.000000 -0.876222
vn 0.499166 0.000000 -0.866507
vn 0.543232 0.000000 -0.839582
vn 0.519198 0.000000 -0.854654
vn 0.565713 0.000000 -0.824602
vn 0.617490 0.000000 -0.786579
vn 0.593554 0.000000 -0.804794
vn 0.582121 0.000000 -0.813102
vn 0.569451 0.000000 -0.822025
vn 0.617490 0.000000 -0.786579
vn 0.615925 0.000000 -0.787805
vn 0.613903 0.000000 -0.789382
vn 0.611071 0.000000 -0.791576
vn 0.603287 0.000000 -0.797524
vn 0.556230 0.000000 -0.831028
vn 0.366128 0.000000 -0.930564
vn 0.614308 0.000000 -0.789066
vn 0.617490 0.000000 -0.786579
vn 1.000000 -0.000000 -0.000000
vn 1.000000 -0.000000 -0.000000
vn 1.000000 -0.000000 -0.000000
vn 1.000000 -0.000000 -0.000000
vn 1.000000 -0.000000 -0.000000
vn 0.999064 -0.041867 -0.010922
vn 0.978927 -0.197596 -0.051547
vn 1.000000 0.000000 -0.000000
vn 0.965926 -0.250438 -0.065332
vn 0.965926 -0.250438 -0.065332
vn 0.866025 -0.483809 -0.126211
vn 0.866025 -0.483809 -0.126211
vn 0.707107 -0.684209 -0.178489
vn 0.707107 -0.684209 -0.178489
vn 0.500000 -0.837981 -0.218604
vn 0.500000 -0.837981 -0.218604
vn 0.258819 -0.934647 -0.243821
vn 0.258819 -0.934647 -0.243821
vn 0.000000 -0.967617 -0.252422
vn -0.000000 -0.967617 -0.252422
vn 1.000000 -0.000000 -0.000000
vn -0.000000 -0.967617 -0.252422
vn 0.175048 -0.952677 -0.248524
vn 0.353088 -0.905293 -0.236163
vn 0.523776 -0.824270 -0.215027
vn 0.677706 -0.711521 -0.185614
vn 0.808748 -0.569109 -0.148463
vn 0.913562 -0.393529 -0.102660
vn 0.951707 -0.297066 -0.077496
vn -1.000000 0.000000 -0.000000
vn -1.000000 0.000000 -0.000000
vn -1.000000 0.000000 -0.000000
vn -1.000000 0.000000 -0.000000
vn -1.000000 0.000000 -0.000000
vn -1.000000 0.000000 -0.000000
vn -1.000000 0.000000 -0.000000
vn -1.000000 0.000000 -0.000000
vn -1.000000 0.000000 -0.000000
vn -1.000000 0.000000 -0.000000
vn -1.000000 0.000000 -0.000000
vn -1.000000 0.000000 -0.000000
vn -1.000000 0.000000 -0.000000
vn -1.000000 0.000000 -0.000000
vn -1.000000 0.000000 -0.000000
vn -1.000000 0.000000 -0.000000
vn -1.000000 0.000000 -0.000000
vn -1.000000 0.000000 -0.000000
vn -1.000000 0.000000 -0.000000
vn -1.000000 0.000000 -0.000000
vn -1.000000 0.000000 -0.000000
vn -1.000000 0.000000 -0.000000
vn -1.000000 0.000000 -0.000000
vn -1.000000 0.000000 -0.000000
vn -1.000000 0.000000 -0.000000
vn -1.000000 0.000000 -0.000000
vn -1.000000 0.000000 -0.000000
vn -1.000000 0.000000 -0.000000
vn -1.000000 0.000000 -0.000000
vn -1.000000 0.000000 -0.000000
vn -1.000000 0.000000 -0.000000
vn -1.000000 0.000000 -0.000000
vn -1.000000 0.000000 -0.000000
vn -1.000000 0.000000 -0.000000
vn -1.000000 0.000000 -0.000000
vn -1.000000 0.000000 -0.000000
vn -1.000000 0.000000 -0.000000
vn -1.000000 0.000000 -0.000000
vn -1.000000 0.000000 -0.000000
vn -1.000000 0.000000 -0.000000
vn -1.000000 0.000000 -0.000000
vn 0.624695 -0.000000 0.780869
vn 0.624695 -0.000000 0.780869
vn 0.611054 -0.000000 0.791589
vn 0.592370 -0.000000 0.805666
vn 0.592439 -0.000000 0.805616
vn 0.570147 -0.000000 0.821542
vn 0.565548 -0.000000 0.824716
vn 0.544541 -0.000000 0.838734
vn 0.545451 -0.000000 0.838143
vn 0.539841 -0.000000 0.841767
vn 0.515907 -0.000000 0.856645
vn 0.537987 -0.000000 0.842953
vn 0.537987 -0.000000 0.842953
vn 0.539841 -0.000000 0.841767
vn 0.517608 -0.000000 0.855618
vn 0.487858 -0.000000 0.872923
vn 0.485323 -0.000000 0.874335
vn 0.453990 -0.000000 0.891007
vn 0.423269 -0.000000 0.906004
vn 0.337753 -0.000000 0.941235
vn 0.404963 -0.000000 0.914333
vn 0.367592 -0.000000 0.929987
vn 0.386493 -0.000000 0.922292
vn 0.368561 -0.000000 0.929604
vn 0.367867 -0.000000 0.929878
vn 0.545451 -0.000000 0.838143
vn 0.548766 -0.000000 0.835976
vn 0.565548 -0.000000 0.824716
vn 0.579112 -0.000000 0.815248
vn 0.592370 -0.000000 0.805666
vn 0.592813 -0.000000 0.805340
vn 0.604999 -0.000000 0.796226
vn 0.615765 -0.000000 0.787930
vn 0.624695 -0.000000 0.780869
vn 0.624695 -0.000000 0.780869
vn 0.440584 -0.000000 0.897711
vn 0.360166 -0.000000 0.932888
vn 0.276972 -0.000000 0.960878
vn 0.311304 -0.000000 0.950310
vn 0.244401 -0.000000 0.969674
vn 0.178461 -0.000000 0.983947
vn 0.211551 -0.000000 0.977367
vn 0.178461 -0.000000 0.983947
vn 0.178461 -0.000000 0.983947
vn 0.250721 -0.000000 0.968059
vn 0.335217 -0.000000 0.942141
vn 0.353293 -0.000000 0.935513
vn 0.359886 -0.000000 0.932996
vn 0.364689 -0.000000 0.931130
vn 0.624695 -0.000000 0.780869
vn 0.624695 -0.000000 0.780869
vn 0.624695 -0.000000 0.780869
vn 0.624695 -0.000000 0.780869
vn 0.624695 -0.000000 0.780869
vn 0.624695 -0.000000 0.780869
vn 0.624695 -0.000000 0.780869
vn 0.624695 -0.000000 0.780869
vn 1.000000 -0.000000 0.000000
vn 1.000000 -0.000000 0.000000
vn 1.000000 -0.000000 0.000000
vn 1.000000 -0.000000 0.000000
vn 1.000000 -0.000000 0.000000
vn 0.999663 0.025120 0.006553
vn 0.994171 0.104319 0.027214
vn 1.000000 0.000000 0.000000
vn 0.965926 0.250438 0.065332
vn 0.965926 0.250438 0.065332
vn 0.866025 0.483809 0.126211
vn 0.866025 0.483809 0.126211
vn 0.707107 0.684209 0.178489
vn 0.707107 0.684209 0.178489
vn 0.500000 0.837981 0.218604
vn 0.500000 0.837981 0.218604
vn 0.258819 0.934647 0.243821
vn 0.258819 0.934647 0.243821
vn 1.000000 0.000000 0.000000
vn 0.264221 0.933230 0.243451
vn 0.521555 0.825588 0.215371
vn 0.637746 0.745304 0.194427
vn 0.741076 0.649679 0.169481
vn 0.832374 0.536267 0.139896
vn 0.908096 0.405201 0.105705
vn 0.947950 0.308108 0.080376
vn 0.976754 0.207422 0.054110
vn -0.624695 0.000000 0.780869
vn -0.624695 0.000000 0.780869
vn -0.624695 0.000000 0.780869
vn -0.624695 0.000000 0.780869
vn -0.624695 0.000000 0.780869
vn -0.624695 0.000000 0.780869
vn -0.624695 0.000000 0.780869
vn -1.000000 0.000000 0.000000
vn -1.000000 0.000000 0.000000
vn -1.000000 0.000000 0.000000
vn -1.000000 0.000000 0.000000
vn -1.000000 0.000000 0.000000
vn -1.000000 0.000000 0.000000
vn -1.000000 0.000000 0.000000
vn -1.000000 0.000000 0.000000
vn -1.000000 0.000000 0.000000
vn -1.000000 0.000000 0.000000
vn -1.000000 0.000000 0.000000
vn -1.000000 0.000000 0.000000
vn -1.000000 0.000000 0.000000
vn -1.000000 0.000000 0.000000
vn -1.000000 0.000000 0.000000
vn -1.000000 0.000000 0.000000
vn -1.000000 0.000000 0.000000
vn -1.000000 0.000000 0.000000
vn -1.000000 0.000000 0.000000
vn -1.000000 0.000000 0.000000
vn -1.000000 0.000000 0.000000
vn -1.000000 0.000000 0.000000
vn -1.000000 0.000000 0.000000
vn -1.000000 0.000000 0.000000
vn -1.000000 0.000000 0.000000
vn -1.000000 0.000000 0.000000
vn -1.000000 0.000000 0.000000
vn -1.000000 0.000000 0.000000
vn -1.000000 0.000000 0.000000
vn -1.000000 0.000000 0.000000
vn -1.000000 0.000000 0.000000
vn -1.000000 0.000000 0.000000
vn -1.000000 0.000000 0.000000
vn -1.000000 0.000000 0.000000
vn -1.000000 0.000000 0.000000
vn -1.000000 0.000000 0.000000
vn -1.000000 0.000000 0.000000
vn -1.000000 0.000000 0.000000
vn -1.000000 0.000000 0.000000
vn -1.000000 0.000000 0.000000
vn -1.000000 0.000000 0.000000
vn -1.000000 0.000000 0.000000
vn 0.000000 0.000000 1.000000
vn 0.000000 0.000000 1.000000
vn 0.000000 0.000000 1.000000
vn 0.000000 0.000000 1.000000
vn 0.780801 0.624780 0.000000
vn 0.854081 0.520141 0.000000
vn 0.854081 0.520141 0.000000
vn 0.902094 0.431539 0.000000
vn 0.934239 0.356648 0.000000
vn 0.940946 0.338556 0.000000
vn 0.970243 0.242134 0.000000
vn 0.778264 0.627937 0.000000
vn 0.695241 0.718777 0.000000
vn 0.693443 0.720511 0.000000
vn 0.490195 0.871613 0.000000
vn 0.489360 0.872082 0.000000
vn 0.252343 0.967638 0.000000
vn 0.251790 0.967782 0.000000
vn 0.126637 0.991949 0.000000
vn 0.126227 0.992001 0.000000
vn -0.000000 1.000000 0.000000
vn 0.000000 1.000000 0.000000
vn -0.126227 0.992001 0.000000
vn -0.126637 0.991949 0.000000
vn -0.251790 0.967782 0.000000
vn -0.252343 0.967638 0.000000
vn -0.489360 0.872082 0.000000
vn -0.490195 0.871613 0.000000
vn -0.693443 0.720511 0.000000
vn -0.695241 0.718777 0.000000
vn -0.778264 0.627937 0.000000
vn -0.780801 0.624780 0.000000
vn -0.854081 0.520141 0.000000
vn -0.854081 0.520141 0.000000
vn -0.902094 0.431539 0.000000
vn -0.934239 0.356648 0.000000
vn -0.940946 0.338556 0.000000
vn -0.970243 0.242134 0.000000
vn -0.983422 0.181330 0.000000
vn -0.992679 0.120784 0.000000
vn -1.000000 0.000000 0.000000
vn -1.000000 0.000000 0.000000
vn -0.992679 -0.120784 -0.000000
vn -0.965926 -0.258819 -0.000000
vn -0.970243 -0.242134 -0.000000
vn -0.884992 -0.465607 -0.000000
vn -0.866025 -0.500000 -0.000000
vn -0.749112 -0.662444 -0.000000
vn -0.707107 -0.707107 -0.000000
vn -0.570376 -0.821383 -0.000000
vn -0.500000 -0.866025 -0.000000
vn -0.359011 -0.933333 -0.000000
vn -0.258819 -0.965926 -0.000000
vn -0.359011 -0.933333 -0.000000
vn -0.122097 -0.992518 -0.000000
vn 0.000000 -1.000000 0.000000
vn 0.122097 -0.992518 0.000000
vn 0.258819 -0.965926 0.000000
vn 0.359011 -0.933333 0.000000
vn 0.359011 -0.933333 0.000000
vn 0.500000 -0.866025 0.000000
vn 0.570376 -0.821383 0.000000
vn 0.707107 -0.707107 0.000000
vn 0.749112 -0.662444 0.000000
vn 0.866025 -0.500000 0.000000
vn 0.884992 -0.465607 0.000000
vn 0.965926 -0.258819 0.000000
vn 0.970243 -0.242134 0.000000
vn 0.992679 -0.120784 0.000000
vn 1.000000 -0.000000 0.000000
vn 1.000000 0.000000 0.000000
vn 0.992679 0.120784 0.000000
vn 0.983422 0.181330 0.000000
vn -0.000000 -1.000000 -0.000000
vn -0.000000 -1.000000 -0.000000
vn -0.000000 -1.000000 -0.000000
vn -0.000000 -1.000000 -0.000000
vn -0.000000 -1.000000 -0.000000
vn -0.000000 -1.000000 -0.000000
vn -0.000000 -1.000000 -0.000000
vn -0.000000 -1.000000 -0.000000
vn -0.000000 -1.000000 -0.000000
vn -0.000000 -1.000000 -0.000000
vn -0.000000 -1.000000 -0.000000
vn -0.000000 -1.000000 -0.000000
vn -0.000000 -1.000000 -0.000000
vn -0.000000 -1.000000 -0.000000
vn 0.422020 -0.000000 -0.906586
vn 0.422020 -0.000000 -0.906586
vn 0.365527 -0.000000 -0.930801
vn 0.416807 -0.000000 -0.908995
vn 0.415100 -0.000000 -0.909776
vn 0.416807 -0.000000 -0.908995
vn 0.301585 -0.000000 -0.953439
vn 0.302075 -0.000000 -0.953284
vn 0.307653 -0.000000 -0.951499
vn 0.248617 -0.000000 -0.968602
vn 0.215839 -0.000000 -0.976429
vn 0.203412 -0.000000 -0.979093
vn 0.190952 -0.000000 -0.981599
vn 0.422020 -0.000000 -0.906586
vn 0.422020 -0.000000 -0.906586
vn 0.000000 0.000000 -1.000000
vn 0.000000 0.000000 -1.000000
vn 0.000000 0.000000 -1.000000
vn 0.000000 0.000000 -1.000000
vn 0.000000 0.000000 -1.000000
vn 0.000000 0.000000 -1.000000
vn 0.000000 0.000000 -1.000000
vn 0.000000 0.000000 -1.000000
vn 0.000000 0.000000 -1.000000
vn 0.000000 0.000000 -1.000000
vn 0.000000 0.000000 -1.000000
vn 0.000000 0.000000 -1.000000
vn 0.000000 0.000000 -1.000000
vn 0.000000 0.000000 -1.000000
vn 0.000000 0.000000 -1.000000
vn 0.000000 0.000000 -1.000000
vn 0.000000 0.000000 -1.000000
vn 0.000000 0.000000 -1.000000
vn -0.000000 -0.967617 -0.252422
vn -0.000000 -0.967617 -0.252422
vn -0.000000 -0.967617 -0.252422
vn -0.000000 -0.967617 -0.252422
vn -0.000000 -0.997665 0.068302
vn 0.003749 -0.998816 0.048505
vn 0.000000 -0.997665 0.068302
vn 0.003005 -0.999304 0.037184
vn -0.000000 -0.998857 0.047796
vn 0.005628 -0.999954 0.007723
vn -0.000000 -0.999629 0.027251
vn -0.000000 -0.999978 0.006657
vn 0.007501 -0.999561 0.028669
vn 0.011255 -0.999898 0.008787
vn 0.016118 -0.999726 -0.017001
vn 0.012648 -0.999919 0.001405
vn 0.267808 -0.963026 0.029332
vn 0.200026 -0.978499 0.050295
vn 0.383615 -0.919756 0.082999
vn 0.256814 -0.962309 0.089491
vn 0.492629 -0.860894 0.127196
vn 0.008622 -0.999704 0.022734
vn 0.004547 -0.999008 0.044289
vn 0.550791 -0.827169 0.111444
vn 0.695131 -0.702040 0.154704
vn 0.698676 -0.702559 0.135141
vn 0.820820 -0.550304 0.153036
vn 0.702873 -0.702818 0.109616
vn 0.857176 -0.496056 0.138483
vn 0.909881 -0.381040 0.164088
vn 0.953063 -0.259243 0.156411
vn 0.950335 -0.258784 0.172901
vn 0.966247 -0.194975 0.168377
vn 0.986720 -0.000797 0.162431
vn 0.851826 -0.495350 0.170355
vn 0.502396 -0.861641 0.071931
vn -0.000000 -0.998962 0.045555
vn -0.000000 -0.997665 0.068302
vn -0.000000 -1.000000 0.000000
vn -0.000000 -1.000000 0.000000
vn -0.000000 -0.999740 0.022783
vn -0.000000 -1.000000 0.000000
vn -0.000000 -1.000000 0.000000
vn -0.000000 -0.999740 0.022783
vn -0.000000 -0.997665 0.068302
vn -0.000000 -0.998962 0.045555
vn -0.000000 -0.997665 0.068302
vn -0.011255 -0.999898 0.008787
vn -0.007501 -0.999561 0.028669
vn -0.005628 -0.999954 0.007723
vn -0.003749 -0.998816 0.048505
vn -0.002881 -0.999305 0.037173
vn 0.000000 -0.997665 0.068302
vn -0.000000 -0.998857 0.047796
vn -0.000000 -0.999629 0.027251
vn -0.000000 -0.999978 0.006657
vn -0.012648 -0.999919 0.001405
vn -0.016118 -0.999726 -0.017001
vn -0.201186 -0.978250 0.050506
vn -0.269758 -0.962470 0.029688
vn -0.383870 -0.919645 0.083050
vn -0.501504 -0.862173 0.071775
vn -0.549802 -0.827849 0.111283
vn -0.702898 -0.702793 0.109620
vn -0.698700 -0.702534 0.135145
vn -0.820159 -0.551315 0.152942
vn -0.695155 -0.702015 0.154708
vn -0.851312 -0.496255 0.170289
vn -0.909994 -0.380767 0.164094
vn -0.950868 -0.256794 0.172934
vn -0.953596 -0.257254 0.156445
vn -0.966479 -0.193821 0.168381
vn -0.986720 -0.000797 0.162431
vn -0.856662 -0.496961 0.138422
vn -0.491735 -0.861427 0.127046
vn -0.258766 -0.961753 0.089841
vn -0.008622 -0.999704 0.022734
vn -0.004547 -0.999008 0.044289
vn 0.000000 -0.994676 -0.103051
vn 0.000000 -0.967617 -0.252422
vn 0.000000 -0.999628 -0.027256
vn 0.000000 -0.999628 -0.027256
vn 0.000000 -0.979935 0.199319
vn 0.000000 -0.979935 0.199319
vn 0.000000 -0.998814 0.048695
vn 0.000000 -0.979935 0.199319
vn 0.000000 -0.979935 0.199319
vn 0.000000 -0.979935 0.199319
vn 0.000000 -0.998814 0.048695
vn 0.000000 -0.999628 -0.027256
vn 0.000000 -0.967617 -0.252422
vn 0.000000 -0.994676 -0.103051
vn 0.000000 -0.967617 -0.252422
vn 0.000000 -0.967617 -0.252422
vn 0.000000 -0.967617 -0.252422
vn 0.000000 -0.967617 -0.252422
vn 0.000000 -0.967617 -0.252422
vn 0.000000 -0.967617 -0.252422
vn 0.000000 -0.967617 -0.252422
vn 0.000000 -0.967617 -0.252422
vn 0.000000 -0.967617 -0.252422
vn 0.000000 -0.967617 -0.252422
vn 0.000000 -0.967617 -0.252422
vn 0.000000 -0.967617 -0.252422
vn 0.000000 -0.967617 -0.252422
vn 0.000000 -0.967617 -0.252422
vn 0.000000 -0.967617 -0.252422
vn 0.000000 -0.967617 -0.252422
vn 0.000000 -0.967617 -0.252422
vn 0.000000 -0.967617 -0.252422
vn 0.000000 -0.967617 -0.252422
vn -0.470247 0.000000 -0.882535
vn -0.444223 0.000000 -0.895916
vn -0.466192 0.000000 -0.884684
vn -0.418524 0.000000 -0.908206
vn -0.392485 0.000000 -0.919758
vn -0.475642 0.000000 -0.879639
vn -0.481908 0.000000 -0.876222
vn -0.499166 0.000000 -0.866507
vn -0.507529 0.000000 -0.861635
vn -0.519198 0.000000 -0.854654
vn -0.537769 0.000000 -0.843093
vn -0.565713 0.000000 -0.824602
vn -0.564506 0.000000 -0.825429
vn -0.586974 0.000000 -0.809606
vn -0.596345 0.000000 -0.802729
vn -0.604116 0.000000 -0.796897
vn -0.610121 0.000000 -0.792308
vn -0.617490 0.000000 -0.786579
vn -0.614320 0.000000 -0.789057
vn -0.617490 0.000000 -0.786579
vn -0.334867 0.000000 -0.942265
vn -0.366128 0.000000 -0.930564
vn -0.357539 0.000000 -0.933898
vn -0.343283 0.000000 -0.939232
vn -0.324030 0.000000 -0.946047
vn -0.300541 0.000000 -0.953769
vn -0.243957 0.000000 -0.969786
vn -0.178461 0.000000 -0.983947
vn -0.306051 0.000000 -0.952015
vn -0.178461 0.000000 -0.983947
vn -0.178461 0.000000 -0.983947
vn -0.428347 0.000000 -0.903615
vn -0.543232 0.000000 -0.839582
vn -0.481908 0.000000 -0.876222
vn -0.470247 0.000000 -0.882535
vn -0.466192 0.000000 -0.884684
vn -0.556230 0.000000 -0.831028
vn -0.565713 0.000000 -0.824602
vn -0.519198 0.000000 -0.854654
vn -0.499166 0.000000 -0.866507
vn -0.569451 0.000000 -0.822025
vn -0.582121 0.000000 -0.813102
vn -0.593554 0.000000 -0.804794
vn -0.603287 0.000000 -0.797524
vn -0.617490 0.000000 -0.786579
vn -0.611071 0.000000 -0.791576
vn -0.613903 0.000000 -0.789382
vn -0.615925 0.000000 -0.787805
vn -0.617490 0.000000 -0.786579
vn -0.422020 0.000000 -0.906586
vn -0.422020 0.000000 -0.906586
vn -0.301585 0.000000 -0.953439
vn -0.416807 0.000000 -0.908995
vn -0.415100 0.000000 -0.909776
vn -0.302075 0.000000 -0.953284
vn -0.416807 0.000000 -0.908995
vn -0.365527 0.000000 -0.930801
vn -0.422020 0.000000 -0.906586
vn -0.422020 0.000000 -0.906586
vn -0.307653 0.000000 -0.951499
vn -0.248617 0.000000 -0.968602
vn -0.215839 0.000000 -0.976429
vn -0.203412 0.000000 -0.979093
vn -0.190952 0.000000 -0.981599
vn 0.000000 0.000000 -1.000000
vn 0.000000 0.000000 -1.000000
vn 0.000000 0.000000 -1.000000
vn 0.000000 0.000000 -1.000000
vn 0.000000 0.000000 -1.000000
vn 0.000000 0.000000 -1.000000
vn 0.366156 0.001763 -0.930552
vn 0.357236 0.000460 -0.934014
vn 0.209118 0.056174 -0.976276
vn 0.256005 0.049619 -0.965401
vn 0.169730 0.099083 -0.980497
vn 0.166538 0.109447 -0.979942
vn 0.094458 0.175589 -0.979921
vn 0.153558 0.146694 -0.977190
vn 0.136070 0.176896 -0.974778
vn 0.230706 0.074123 -0.970196
vn 0.204344 0.089187 -0.974828
vn 0.299861 -0.000652 -0.953983
vn 0.244125 -0.000188 -0.969744
vn 0.342492 -0.000854 -0.939520
vn 0.323381 -0.000744 -0.946269
vn 0.251181 0.054827 -0.966386
vn 0.102533 0.197283 -0.974970
vn 0.022439 0.384602 -0.922810
vn -0.366146 0.001687 -0.930556
vn -0.209700 0.055679 -0.976179
vn -0.357175 0.000371 -0.934037
vn -0.256988 0.048500 -0.965197
vn -0.342480 -0.000874 -0.939525
vn -0.253603 0.052269 -0.965895
vn -0.323491 -0.000654 -0.946231
vn -0.235797 0.070871 -0.969215
vn -0.299782 -0.000856 -0.954007
vn -0.218971 0.080700 -0.972388
vn -0.201654 0.090604 -0.975257
vn -0.145703 0.160447 -0.976231
vn -0.134322 0.179660 -0.974515
vn -0.095887 0.173244 -0.980200
vn -0.022439 0.384602 -0.922810
vn -0.170401 0.096843 -0.980604
vn -0.168154 0.104372 -0.980220
vn -0.156988 0.139956 -0.977633
vn -0.102533 0.197283 -0.974970
vn -0.244363 -0.000180 -0.969684
vn -0.007219 0.805963 -0.591922
vn -0.025183 0.453135 -0.891086
vn -0.022393 0.385211 -0.922557
vn -0.076307 0.344065 -0.935840
vn -0.109719 0.267536 -0.957281
vn -0.129334 0.307361 -0.942763
vn -0.167199 0.217168 -0.961708
vn -0.192571 0.246184 -0.949900
vn -0.240196 0.123713 -0.962809
vn -0.271325 0.139303 -0.952354
vn -0.302140 -0.001458 -0.953262
vn -0.320089 0.164590 -0.932981
vn -0.422089 0.000006 -0.906554
vn -0.406359 0.058159 -0.911861
vn -0.331545 0.280454 -0.900790
vn -0.260710 0.323273 -0.909684
vn -0.235033 0.487043 -0.841159
vn -0.203901 0.452604 -0.868086
vn -0.142767 0.571642 -0.807987
vn -0.118443 0.495103 -0.860723
vn -0.038952 0.638135 -0.768939
vn -0.034161 0.578412 -0.815030
vn -0.029651 0.516546 -0.855746
vn -0.090027 0.394395 -0.914521
vn -0.047241 0.724703 -0.687440
vn -0.123629 0.664760 -0.736757
vn -0.209404 0.108937 -0.971742
vn -0.178784 0.094828 -0.979308
vn -0.102741 0.196976 -0.975010
vn -0.142154 0.188881 -0.971656
vn -0.218630 0.276040 -0.935950
vn -0.169885 0.388787 -0.905530
vn -0.149242 0.347773 -0.925624
vn -0.103927 0.444797 -0.889581
vn -0.000000 0.124379 -0.992235
vn -0.000000 0.233457 -0.972367
vn -0.000000 0.231189 -0.972909
vn -0.000000 0.406079 -0.913838
vn -0.000000 0.452891 -0.891566
vn -0.000000 0.516502 -0.856286
vn -0.000000 0.646490 -0.762923
vn -0.000000 0.544420 -0.838813
vn -0.000000 0.553684 -0.832727
vn -0.000000 0.544420 -0.838813
vn -0.000000 0.646490 -0.762923
vn -0.000000 0.646490 -0.762923
vn -0.000000 0.804700 -0.593681
vn -0.000000 0.804700 -0.593681
vn -0.000000 0.804700 -0.593681
vn -0.000000 0.516502 -0.856286
vn -0.000000 0.452891 -0.891566
vn -0.000000 0.406079 -0.913838
vn -0.000000 0.233457 -0.972367
vn -0.000000 0.231189 -0.972909
vn -0.000000 0.124379 -0.992235
vn 0.422089 0.000006 -0.906554
vn 0.406359 0.058159 -0.911861
vn 0.319309 0.164183 -0.933320
vn 0.331545 0.280454 -0.900790
vn 0.260023 0.322518 -0.910148
vn 0.235033 0.487043 -0.841159
vn 0.203337 0.451594 -0.868745
vn 0.142359 0.570446 -0.808904
vn 0.185641 0.419032 -0.888791
vn 0.129640 0.531636 -0.836992
vn 0.168871 0.386806 -0.906567
vn 0.117726 0.492694 -0.862203
vn 0.128862 0.306399 -0.943141
vn 0.089698 0.393186 -0.915073
vn 0.102741 0.196976 -0.975010
vn 0.022393 0.385211 -0.922557
vn 0.029545 0.515041 -0.856656
vn 0.007219 0.805963 -0.591922
vn 0.038713 0.635324 -0.771275
vn 0.042730 0.680124 -0.731851
vn 0.123629 0.664760 -0.736757
vn 0.047100 0.723392 -0.688829
vn 0.208668 0.108592 -0.971939
vn 0.166596 0.216482 -0.961967
vn 0.302140 -0.001458 -0.953262
vn 0.269822 0.138537 -0.952892
vn 0.217359 0.274589 -0.936673
vn 0.238269 0.298317 -0.924248
vn 0.294337 0.151155 -0.943673
vn 0.982591 -0.000000 0.185782
vn 0.982591 -0.000000 0.185782
vn 0.982591 -0.000000 0.185782
vn 0.982591 -0.000000 0.185782
vn 0.982591 -0.000000 0.185782
vn 0.982591 -0.000000 0.185782
vn 0.982591 -0.000000 0.185782
vn 0.982591 -0.000000 0.185782
vn 0.982591 -0.000000 0.185782
vn 0.982591 -0.000000 0.185782
vn 0.982591 -0.000000 0.185782
vn 0.982591 -0.000000 0.185782
vn 0.982591 -0.000000 0.185782
vn 0.982591 -0.000000 0.185782
vn 0.982591 -0.000000 0.185782
vn 0.982591 -0.000000 0.185782
vn 0.982591 -0.000000 0.185782
vn 0.982591 -0.000000 0.185782
vn 0.982591 -0.000000 0.185782
vn 0.982591 -0.000000 0.185782
vn 1.000000 -0.000000 -0.000000
vn 1.000000 -0.000000 -0.000000
vn 1.000000 -0.000000 -0.000000
vn 1.000000 -0.000000 -0.000000
vn 1.000000 -0.000000 -0.000000
vn 1.000000 -0.000000 -0.000000
vn 1.000000 -0.000000 -0.000000
vn 1.000000 -0.000000 -0.000000
vn 1.000000 -0.000000 -0.000000
vn 1.000000 -0.000000 -0.000000
vn 1.000000 -0.000000 -0.000000
vn 1.000000 -0.000000 -0.000000
vn 1.000000 -0.000000 -0.000000
vn 1.000000 -0.000000 -0.000000
vn 1.000000 -0.000000 -0.000000
vn 1.000000 -0.000000 -0.000000
vn 1.000000 -0.000000 -0.000000
vn 1.000000 -0.000000 -0.000000
vn 1.000000 -0.000000 -0.000000
vn 1.000000 -0.000000 -0.000000
vn 1.000000 -0.000000 -0.000000
vn 1.000000 -0.000000 -0.000000
vn 1.000000 -0.000000 -0.000000
vn 1.000000 -0.000000 -0.000000
vn 1.000000 -0.000000 -0.000000
vn 1.000000 -0.000000 -0.000000
vn 1.000000 -0.000000 -0.000000
vn 1.000000 -0.000000 -0.000000
vn 1.000000 -0.000000 -0.000000
vn 1.000000 -0.000000 -0.000000
vn 1.000000 -0.000000 -0.000000
vn 1.000000 -0.000000 -0.000000
vn 1.000000 -0.000000 -0.000000
vn 1.000000 -0.000000 -0.000000
vn 0.000000 -0.996838 0.079462
vn 0.152502 -0.983659 0.095695
vn 0.043768 -0.998932 0.014822
vn 0.301310 -0.945785 0.121256
vn 0.264195 -0.962832 0.056169
vn 0.442809 -0.884997 0.143878
vn 0.434156 -0.896538 0.087912
vn 0.573582 -0.802764 0.163014
vn 0.690461 -0.701076 0.178201
vn 0.688907 -0.698110 0.195063
vn 0.789057 -0.579804 0.203016
vn 0.684929 -0.689328 0.236005
vn 0.807381 -0.540663 0.236262
vn 0.152068 -0.981079 0.119830
vn 0.000000 -0.988389 0.151947
vn 0.001310 -0.988350 0.152191
vn 0.188976 -0.964547 0.184218
vn 0.300474 -0.942805 0.144337
vn 0.370271 -0.904988 0.209513
vn 0.441635 -0.881824 0.165365
vn 0.537161 -0.812376 0.226943
vn 0.572160 -0.799599 0.182411
vn 0.870198 -0.447535 0.206078
vn 0.899700 -0.372393 0.227734
vn 0.930376 -0.304489 0.204177
vn 0.959017 -0.189497 0.210660
vn 0.968144 -0.154100 0.197356
vn 0.968765 -0.154846 0.193693
vn 0.931464 -0.305942 0.196911
vn 0.915192 -0.362794 0.175510
vn 0.833921 -0.527812 0.161217
vn 0.965512 -0.184373 0.183828
vn 0.871596 -0.449617 0.195357
vn 0.723788 -0.675394 0.141326
vn 0.790609 -0.582401 0.189070
vn 0.589240 -0.799493 0.116650
vn 0.000000 -0.988389 0.151947
vn 0.000000 -0.985824 0.167783
vn 0.001323 -0.988388 0.151946
vn 0.192431 -0.969948 0.148902
vn 0.258819 -0.946544 0.192528
vn 0.500000 -0.848648 0.172616
vn 0.000000 -0.983006 0.183575
vn 0.376531 -0.915706 0.140385
vn 0.707107 -0.692918 0.140940
vn 0.546725 -0.827666 0.126729
vn 0.696883 -0.708940 0.108431
vn 0.866025 -0.489967 0.099660
vn 0.821330 -0.563908 0.086171
vn 0.965926 -0.253626 0.051588
vn 0.915440 -0.397842 0.060753
vn 0.975624 -0.216935 0.033113
vn 0.999602 -0.027904 0.004259
vn 0.258819 -0.965567 -0.026327
vn 0.500000 -0.865704 -0.023605
vn 0.707107 -0.706844 -0.019273
vn 0.866025 -0.499814 -0.013628
vn 0.965926 -0.258723 -0.007054
vn -0.000000 -0.997665 0.068302
vn -0.000000 -0.997665 0.068302
vn -0.000000 -0.997665 0.068302
vn -0.000000 -0.997665 0.068302
vn -0.000000 -0.997665 0.068302
vn -0.000000 -0.997665 0.068302
vn -0.000000 -0.997665 0.068302
vn -0.000000 -0.997665 0.068302
vn -0.000000 -0.997665 0.068302
vn -0.000000 -0.997665 0.068302
vn -0.000000 -0.997665 0.068302
vn 0.949646 -0.256776 0.179553
vn 0.949110 -0.258819 0.179452
vn 0.853019 -0.496332 0.161283
vn 0.850949 -0.500000 0.160892
vn 0.699191 -0.702606 0.132199
vn 0.694797 -0.707107 0.131368
vn 0.498477 -0.861765 0.094249
vn 0.491295 -0.866025 0.092891
vn 0.264335 -0.963135 0.049979
vn 0.254313 -0.965926 0.048084
vn 0.012468 -0.999919 0.002357
vn -0.000000 -1.000000 -0.000000
vn 0.006234 -0.999980 0.001179
vn 0.963381 -0.184292 0.194767
vn 0.946444 -0.256197 0.196487
vn 0.911061 -0.362131 0.197050
vn 0.846830 -0.495213 0.194017
vn 0.827561 -0.527314 0.192571
vn 0.690430 -0.701022 0.178536
vn 0.715886 -0.674211 0.181513
vn 0.579676 -0.798123 0.164243
vn 0.487731 -0.859821 0.151082
vn 0.423558 -0.894774 0.141342
vn 0.252925 -0.960793 0.113600
vn 0.253226 -0.960708 0.113651
vn 0.032257 -0.996711 0.074336
vn 0.252624 -0.960879 0.113548
vn 0.252326 -0.960963 0.113498
vn 0.946444 -0.256197 0.196487
vn 0.946444 -0.256197 0.196487
vn 0.846830 -0.495213 0.194017
vn 0.846830 -0.495213 0.194017
vn 0.690430 -0.701022 0.178536
vn 0.690430 -0.701022 0.178536
vn 0.487731 -0.859821 0.151082
vn 0.487731 -0.859821 0.151082
vn -0.999602 -0.027904 0.004259
vn -0.975624 -0.216935 0.033113
vn -0.965926 -0.253626 0.051588
vn -0.915440 -0.397842 0.060753
vn -0.866025 -0.489967 0.099660
vn -0.821330 -0.563908 0.086171
vn -0.707107 -0.692918 0.140940
vn -0.696883 -0.708940 0.108431
vn -0.546725 -0.827666 0.126729
vn -0.500000 -0.848648 0.172616
vn -0.376531 -0.915706 0.140385
vn -0.258819 -0.946544 0.192528
vn -0.192431 -0.969948 0.148902
vn -0.000000 -0.985824 0.167783
vn -0.001323 -0.988388 0.151946
vn -0.000000 -0.988389 0.151947
vn -0.000000 -0.983006 0.183575
vn -0.965926 -0.258723 -0.007054
vn -0.866025 -0.499814 -0.013628
vn -0.866025 -0.483809 -0.126211
vn -0.707107 -0.684209 -0.178489
vn -0.965926 -0.250438 -0.065332
vn -0.707107 -0.706844 -0.019273
vn -0.500000 -0.837981 -0.218604
vn -0.500000 -0.865704 -0.023605
vn -0.258819 -0.934647 -0.243821
vn -0.258819 -0.965567 -0.026327
vn -0.999064 -0.041867 -0.010922
vn -0.978927 -0.197596 -0.051547
vn -0.965926 -0.250438 -0.065332
vn -0.866025 -0.483809 -0.126211
vn -0.707107 -0.684209 -0.178489
vn -0.500000 -0.837981 -0.218604
vn -0.258819 -0.934647 -0.243821
vn -0.175048 -0.952677 -0.248524
vn -0.951707 -0.297066 -0.077496
vn -0.913562 -0.393529 -0.102660
vn -0.808748 -0.569109 -0.148463
vn -0.677706 -0.711521 -0.185614
vn -0.523776 -0.824270 -0.215027
vn -0.353088 -0.905293 -0.236163
vn 0.000000 -1.000000 -0.000000
vn 0.000000 -1.000000 -0.000000
vn 0.000000 -1.000000 -0.000000
vn -0.006234 -0.999980 0.001179
vn -0.012468 -0.999919 0.002357
vn -0.254313 -0.965926 0.048084
vn -0.264335 -0.963135 0.049979
vn -0.491295 -0.866025 0.092891
vn -0.498477 -0.861765 0.094249
vn -0.694797 -0.707107 0.131368
vn -0.699191 -0.702606 0.132199
vn -0.850949 -0.500000 0.160892
vn -0.853019 -0.496332 0.161283
vn -0.949110 -0.258819 0.179452
vn -0.949646 -0.256776 0.179553
vn -0.982591 0.000000 0.185782
vn -0.982591 0.000000 0.185782
vn -0.946444 -0.256197 0.196487
vn -0.946444 -0.256197 0.196487
vn -0.982591 -0.000000 0.185782
vn -0.946444 -0.256197 0.196487
vn -0.982591 0.000000 0.185782
vn -0.963423 -0.184076 0.194760
vn -0.911213 -0.361748 0.197052
vn -0.846830 -0.495213 0.194017
vn -0.846830 -0.495213 0.194017
vn -0.690430 -0.701022 0.178536
vn -0.690430 -0.701022 0.178536
vn -0.487731 -0.859821 0.151082
vn -0.487731 -0.859821 0.151082
vn -0.252724 -0.960850 0.113566
vn -0.253127 -0.960736 0.113634
vn -0.032275 -0.996711 0.074340
vn -0.253530 -0.960622 0.113702
vn -0.423991 -0.894559 0.141409
vn -0.487731 -0.859821 0.151082
vn -0.580143 -0.797770 0.164307
vn -0.690430 -0.701022 0.178536
vn -0.716297 -0.673762 0.181560
vn -0.827851 -0.526850 0.192594
vn -0.252326 -0.960963 0.113498
vn -0.846830 -0.495213 0.194017
vn -0.000000 -0.996838 0.079462
vn -0.000000 -0.999979 0.006455
vn -0.000000 -0.997467 0.071131
vn -0.000000 -0.999978 0.006607
vn -0.000000 -0.997467 0.071131
vn -0.000000 -0.999978 0.006607
vn -0.000000 -0.999978 0.006607
vn -0.000000 -0.999978 0.006687
vn -0.000000 -0.998463 0.055425
vn -0.000000 -0.997467 0.071131
vn -0.000000 -0.990776 0.135509
vn -0.000000 -0.990776 0.135509
vn -0.000000 -0.994597 0.103809
vn -0.000000 -0.990776 0.135509
vn -0.965469 -0.184588 0.183838
vn -0.968765 -0.154846 0.193693
vn -0.982591 -0.000000 0.185782
vn -0.968144 -0.154100 0.197356
vn -0.982591 -0.000000 0.185782
vn -0.959017 -0.189497 0.210660
vn -0.899700 -0.372393 0.227734
vn -0.930376 -0.304489 0.204177
vn -0.931464 -0.305942 0.196911
vn -0.871596 -0.449617 0.195357
vn -0.915034 -0.363176 0.175544
vn -0.790609 -0.582401 0.189070
vn -0.833613 -0.528274 0.161293
vn -0.690461 -0.701076 0.178201
vn -0.723347 -0.675839 0.141460
vn -0.573582 -0.802764 0.163014
vn -0.588721 -0.799845 0.116856
vn -0.442809 -0.884997 0.143878
vn -0.301310 -0.945785 0.121256
vn -0.300474 -0.942805 0.144337
vn -0.152068 -0.981079 0.119830
vn -0.001310 -0.988350 0.152191
vn -0.000000 -0.994597 0.103808
vn -0.000000 -0.988389 0.151947
vn -0.807381 -0.540663 0.236262
vn -0.870198 -0.447535 0.206078
vn -0.684929 -0.689328 0.236005
vn -0.789057 -0.579804 0.203016
vn -0.688907 -0.698110 0.195063
vn -0.537161 -0.812376 0.226943
vn -0.572160 -0.799599 0.182411
vn -0.370271 -0.904988 0.209513
vn -0.441635 -0.881824 0.165365
vn -0.188976 -0.964547 0.184218
vn -0.152502 -0.983659 0.095695
vn 0.000000 -0.998463 0.055426
vn -0.263813 -0.962915 0.056537
vn -0.043691 -0.998932 0.015039
vn -0.433661 -0.896749 0.088200
vn 0.000000 0.997539 0.070107
vn 0.000000 0.998073 0.062045
vn 0.000000 0.998279 0.058649
vn 0.000000 0.998916 0.046547
vn 0.000000 0.999032 0.043998
vn 0.000000 0.999518 0.031038
vn 0.000000 0.999570 0.029337
vn 0.000000 0.999880 0.015521
vn 0.000000 0.999892 0.014670
vn 0.000000 1.000000 -0.000000
vn 0.000000 1.000000 -0.000000
vn 0.000000 0.999880 0.015521
vn 0.000000 1.000000 -0.000000
vn 0.000000 0.999880 0.015521
vn 0.000000 0.999892 0.014670
vn 0.000000 0.999570 0.029337
vn 0.000000 0.999518 0.031038
vn 0.000000 0.999032 0.043998
vn 0.000000 0.998916 0.046547
vn 0.000000 0.998279 0.058649
vn 0.000000 0.998073 0.062045
vn 0.000000 0.997539 0.070107
vn 0.000000 0.996990 0.077529
vn 0.000000 0.996669 0.081556
vn 0.000000 0.995667 0.092993
vn 0.000000 0.995667 0.092993
vn 0.000000 0.996990 0.077529
vn 0.000000 0.996669 0.081556
vn 0.000000 0.995667 0.092993
vn 0.000000 0.995667 0.092993
vn 0.000000 0.995667 0.092993
vn 0.000000 0.996990 0.077529
vn 0.000000 0.998073 0.062045
vn 0.000000 0.998916 0.046547
vn 0.000000 0.999518 0.031038
vn 0.000000 1.000000 -0.000000
vn -0.000000 0.910176 -0.414221
vn -0.000000 0.910176 -0.414221
vn -0.000000 0.910176 -0.414221
vn -0.000000 0.910176 -0.414221
vn -0.000000 0.910176 -0.414221
vn -0.000000 0.910176 -0.414221
vn -0.000000 0.910176 -0.414221
vn -0.000000 0.910176 -0.414221
vn -0.000000 0.910176 -0.414221
vn -0.000000 0.910176 -0.414221
vn -0.000000 0.910176 -0.414221
vn -0.000000 0.910176 -0.414221
vn -0.000000 0.910176 -0.414221
vn -0.000000 0.910176 -0.414221
vn -0.000000 0.910176 -0.414221
vn -0.000000 0.910176 -0.414221
vn -0.000000 0.910176 -0.414221
vn -0.000000 0.910176 -0.414221
vn -0.000000 0.910176 -0.414221
vn -0.000000 0.910176 -0.414221
vn -0.000000 0.910176 -0.414221
vn -0.000000 0.910176 -0.414221
vn 0.000000 1.000000 0.000000
vn 0.254313 0.965926 0.048084
vn 0.254313 0.965926 0.048084
vn 0.491295 0.866025 0.092891
vn 0.491295 0.866025 0.092891
vn 0.694797 0.707107 0.131368
vn 0.694797 0.707107 0.131368
vn 0.850949 0.500000 0.160892
vn 0.850949 0.500000 0.160892
vn 0.949110 0.258819 0.179452
vn 0.949110 0.258819 0.179452
vn 0.197764 0.976005 0.091129
vn 0.258819 0.963163 0.073007
vn 0.387360 0.917943 0.085631
vn 0.500000 0.863548 0.065456
vn 0.560829 0.824363 0.076789
vn 0.707107 0.705084 0.053445
vn 0.711845 0.699321 0.065015
vn 0.834579 0.548534 0.050877
vn 0.866025 0.498570 0.037791
vn 0.925318 0.377581 0.034928
vn 0.965926 0.258079 0.019562
vn 0.981028 0.193045 0.017806
vn 0.999999 0.001721 0.000158
vn 0.000889 0.998278 0.058649
vn 0.194142 0.979290 0.057437
vn 0.380108 0.923360 0.054070
vn 0.551863 0.832513 0.048679
vn 0.702838 0.710141 0.041469
vn 0.827337 0.560752 0.032711
vn 0.920528 0.390014 0.022733
vn 0.978825 0.204351 0.011905
vn 0.999941 0.010877 0.000634
vn 0.999999 0.001573 -0.000716
vn 0.981639 0.173616 -0.079012
vn 0.981028 0.176451 -0.080303
vn 0.957293 0.263150 -0.119759
vn 0.925318 0.345132 -0.157070
vn 0.922413 0.351514 -0.159974
vn 0.877348 0.436752 -0.198766
vn 0.834579 0.501405 -0.228189
vn 0.823086 0.516904 -0.235243
vn 0.711845 0.639250 -0.290922
vn 0.693564 0.655687 -0.298403
vn 0.560829 0.753564 -0.342946
vn 0.538869 0.766723 -0.348935
vn 0.387360 0.839118 -0.381882
vn 0.364597 0.847525 -0.385708
vn 0.197764 0.892200 -0.406040
vn 0.181052 0.895134 -0.407375
vn 0.000877 0.998269 0.058815
vn 0.000000 0.998279 0.058649
vn 0.217464 0.972207 0.086734
vn 0.000000 0.999032 0.043998
vn 0.217773 0.973124 0.074859
vn 0.000000 0.999570 0.029337
vn 0.218022 0.973757 0.065293
vn 0.000000 0.999892 0.014670
vn 0.218334 0.974416 0.053323
vn 0.254398 0.965903 0.048100
vn 0.425750 0.900190 0.091623
vn 0.491356 0.865990 0.092902
vn 0.611881 0.780955 0.125341
vn 0.694797 0.707107 0.131368
vn 0.767418 0.622675 0.152793
vn 0.850914 0.500061 0.160885
vn 0.884586 0.433260 0.172606
vn 0.949087 0.258905 0.179447
vn 0.957526 0.222186 0.183789
vn 0.957097 0.221817 0.186445
vn 0.956756 0.221498 0.188564
vn 0.956333 0.221074 0.191190
vn 0.961840 0.193619 0.193327
vn 0.904559 0.379900 0.193520
vn 0.882649 0.431182 0.187117
vn 0.812972 0.551680 0.186349
vn 0.765192 0.619909 0.173765
vn 0.690599 0.702466 0.172088
vn 0.609788 0.777893 0.151795
vn 0.542202 0.826514 0.151300
vn 0.424142 0.897300 0.122297
vn 0.373402 0.919240 0.124779
vn 0.190684 0.977183 0.093557
vn 0.424712 0.898448 0.111401
vn 0.425173 0.899276 0.102619
vn 0.610530 0.779086 0.142402
vn 0.611129 0.779963 0.134829
vn 0.765981 0.620975 0.166321
vn 0.766619 0.621767 0.160317
vn 0.883336 0.431978 0.181968
vn 0.883891 0.432574 0.177813
vn -0.000000 1.000000 -0.000000
vn -0.000000 1.000000 -0.000000
vn -0.000000 1.000000 -0.000000
vn -0.000000 -0.000000 1.000000
vn -0.000000 -0.000000 1.000000
vn -0.000000 -0.000000 1.000000
vn -0.000000 -0.000000 1.000000
vn -0.000000 -0.000000 1.000000
vn -0.000000 -0.000000 1.000000
vn -0.000000 -0.000000 1.000000
vn -0.000000 -0.000000 1.000000
vn -0.000000 -0.000000 1.000000
vn -0.000000 -0.000000 1.000000
vn -0.000000 -0.000000 1.000000
vn -0.000000 -0.000000 1.000000
vn -0.000000 -0.000000 1.000000
vn -0.000000 -0.000000 1.000000
vn -0.000000 -0.000000 1.000000
vn -0.000000 -0.000000 1.000000
vn -0.000000 -0.000000 1.000000
vn -0.000000 -0.000000 1.000000
vn -0.000000 -0.000000 1.000000
vn -0.000000 -0.000000 1.000000
vn -0.000000 -0.000000 1.000000
vn -0.000000 -0.000000 1.000000
vn -0.000000 -0.000000 1.000000
vn -0.000000 -0.000000 1.000000
vn -0.000000 -0.000000 1.000000
vn -0.000000 -0.000000 1.000000
vn -0.000000 -0.000000 1.000000
vn -0.000000 -0.000000 1.000000
vn -0.000000 -0.000000 1.000000
vn -0.000000 -0.000000 1.000000
vn -0.000000 -0.000000 1.000000
vn -0.000000 -0.000000 1.000000
vn -0.000000 -0.000000 1.000000
vn -0.000000 -0.000000 1.000000
vn -0.000000 -0.000000 1.000000
vn -0.000000 -0.000000 1.000000
vn -0.982591 -0.000000 0.185782
vn -0.982591 -0.000000 0.185782
vn -0.982591 -0.000000 0.185782
vn -0.982591 -0.000000 0.185782
vn -0.982591 -0.000000 0.185782
vn -0.982591 -0.000000 0.185782
vn -0.982591 -0.000000 0.185782
vn -0.982591 -0.000000 0.185782
vn -0.982591 -0.000000 0.185782
vn -0.982591 -0.000000 0.185782
vn -0.982591 -0.000000 0.185782
vn -0.982591 -0.000000 0.185782
vn -0.982591 -0.000000 0.185782
vn -0.961840 0.193619 0.193327
vn -0.956333 0.221074 0.191190
vn -0.904559 0.379900 0.193520
vn -0.882649 0.431182 0.187117
vn -0.812972 0.551680 0.186349
vn -0.765192 0.619909 0.173765
vn -0.690599 0.702466 0.172088
vn -0.609788 0.777893 0.151795
vn -0.542202 0.826514 0.151300
vn -0.424142 0.897300 0.122297
vn -0.373402 0.919240 0.124779
vn -0.217464 0.972207 0.086734
vn -0.190684 0.977183 0.093557
vn -0.000877 0.998269 0.058815
vn -0.000000 0.998279 0.058649
vn -0.000000 0.999032 0.043998
vn -0.217773 0.973124 0.074859
vn -0.000000 0.999570 0.029337
vn -0.218022 0.973757 0.065293
vn -0.000000 0.999892 0.014670
vn -0.218334 0.974416 0.053323
vn -0.191620 0.980800 0.036230
vn -0.375940 0.923914 0.071080
vn -0.425750 0.900190 0.091623
vn -0.545853 0.831500 0.103206
vn -0.611881 0.780955 0.125341
vn -0.694797 0.707107 0.131368
vn -0.767418 0.622675 0.152793
vn -0.817025 0.555524 0.154478
vn -0.884586 0.433260 0.172606
vn -0.907829 0.382601 0.171647
vn -0.957526 0.222186 0.183789
vn -0.963725 0.195015 0.182215
vn -0.956756 0.221498 0.188564
vn -0.957097 0.221817 0.186445
vn -0.883336 0.431978 0.181968
vn -0.883891 0.432574 0.177813
vn -0.765981 0.620975 0.166321
vn -0.766619 0.621767 0.160317
vn -0.610530 0.779086 0.142402
vn -0.611129 0.779963 0.134829
vn -0.424712 0.898448 0.111401
vn -0.425173 0.899276 0.102619
vn -0.963711 0.195091 0.182212
vn -0.949110 0.258819 0.179452
vn -0.907796 0.382684 0.171640
vn -0.850949 0.500000 0.160892
vn -0.816994 0.555571 0.154472
vn -0.694797 0.707107 0.131368
vn -0.694797 0.707107 0.131368
vn -0.545899 0.831469 0.103215
vn -0.491295 0.866025 0.092891
vn -0.376022 0.923879 0.071096
vn -0.254313 0.965926 0.048084
vn -0.191694 0.980785 0.036244
vn -0.999999 0.001573 -0.000716
vn -0.981707 0.173298 -0.078868
vn -0.981028 0.176451 -0.080303
vn -0.957493 0.262545 -0.119484
vn -0.925318 0.345132 -0.157070
vn -0.922813 0.350644 -0.159578
vn -0.877983 0.435695 -0.198284
vn -0.834579 0.501405 -0.228189
vn -0.823879 0.515857 -0.234766
vn -0.711845 0.639250 -0.290922
vn -0.694207 0.655122 -0.298146
vn -0.560829 0.753564 -0.342946
vn -0.539894 0.766125 -0.348663
vn -0.387360 0.839118 -0.381882
vn -0.365367 0.847250 -0.385583
vn -0.197764 0.892200 -0.406040
vn -0.181334 0.895087 -0.407353
vn -0.000889 0.998278 0.058649
vn -0.258819 0.963163 0.073007
vn -0.197764 0.976005 0.091129
vn -0.387360 0.917943 0.085631
vn -0.500000 0.863548 0.065456
vn -0.380108 0.923360 0.054070
vn -0.551863 0.832513 0.048679
vn -0.707107 0.705084 0.053445
vn -0.702838 0.710141 0.041469
vn -0.827337 0.560752 0.032711
vn -0.866025 0.498570 0.037791
vn -0.920528 0.390014 0.022733
vn -0.965926 0.258079 0.019562
vn -0.978825 0.204351 0.011905
vn -0.999941 0.010877 0.000634
vn -0.560829 0.824363 0.076789
vn -0.711845 0.699321 0.065015
vn -0.834579 0.548534 0.050877
vn -0.925318 0.377581 0.034928
vn -0.981028 0.193045 0.017806
vn -0.999999 0.001721 0.000158
vn -0.194142 0.979290 0.057437
vn -0.000000 -0.000000 1.000000
vn -0.000000 -0.000000 1.000000
vn -0.000000 -0.000000 1.000000
vn -0.000000 -0.000000 1.000000
vn -0.000000 -0.000000 1.000000
vn -0.000000 -0.000000 1.000000
vn -0.000000 -0.000000 1.000000
vn -0.000000 -0.000000 1.000000
vn -0.000000 -0.000000 1.000000
vn -0.000000 -0.000000 1.000000
vn -0.000000 -0.000000 1.000000
vn -0.000000 -0.000000 1.000000
vn -0.000000 -0.000000 1.000000
vn -0.000000 -0.000000 1.000000
vn -0.000000 -0.000000 1.000000
vn -0.000000 -0.000000 1.000000
vn -0.000000 -0.000000 1.000000
vn -0.000000 -0.000000 1.000000
vn -0.000000 -0.000000 1.000000
vn -0.000000 -0.000000 1.000000
vn -0.000000 -0.000000 1.000000
vn 1.000000 -0.000000 -0.000000
vn 1.000000 -0.000000 -0.000000
vn 0.999941 -0.010877 -0.000632
vn 0.978822 -0.204370 -0.011877
vn 0.965926 -0.258076 -0.019596
vn 0.920514 -0.390051 -0.022683
vn 0.866025 -0.498565 -0.037857
vn 0.827307 -0.560801 -0.032647
vn 0.707107 -0.705077 -0.053538
vn 0.702785 -0.710196 -0.041400
vn 0.551787 -0.832567 -0.048615
vn 0.500000 -0.863539 -0.065571
vn 0.380007 -0.923405 -0.054022
vn 0.258819 -0.963153 -0.073135
vn 0.194017 -0.979317 -0.057412
vn 0.000000 -0.997530 -0.070243
vn 0.000744 -0.998278 -0.058648
vn 0.000000 -0.998279 -0.058649
vn 1.000000 -0.000000 -0.000000
vn 0.981186 -0.192247 -0.017748
vn 0.925568 -0.376967 -0.034929
vn 1.000000 0.000000 0.000000
vn 1.000000 -0.000750 -0.000069
vn 0.834905 -0.548030 -0.050954
vn 0.712169 -0.698975 -0.065185
vn 0.561136 -0.824130 -0.077049
vn 0.387596 -0.917812 -0.085967
vn 0.197894 -0.975942 -0.091518
vn 0.000000 -0.996647 -0.081827
vn 0.000000 -0.995629 -0.093401
vn 1.000000 -0.000000 0.000000
vn 1.000000 -0.000685 0.000312
vn 0.987153 -0.145426 0.066183
vn 0.981186 -0.175722 0.079971
vn 0.948942 -0.287115 0.130666
vn 0.925568 -0.344577 0.156817
vn 0.884700 -0.424288 0.193093
vn 0.834905 -0.500955 0.227984
vn 0.796989 -0.549741 0.250187
vn 0.712169 -0.638951 0.290786
vn 0.691963 -0.657087 0.299040
vn 0.561136 -0.753375 0.342860
vn 0.571328 -0.747002 0.339960
vn 0.436431 -0.818920 0.372690
vn 0.387596 -0.839027 0.381841
vn 0.292344 -0.870414 0.396125
vn 0.197894 -0.892176 0.406029
vn 0.144733 -0.900593 0.409859
vn -0.000000 -0.910176 0.414221
vn -0.000000 -0.910176 0.414221
vn 0.000000 -1.000000 -0.000000
vn 0.254313 -0.965926 -0.048084
vn 0.000000 -1.000000 -0.000000
vn 0.254313 -0.965926 -0.048084
vn 0.491295 -0.866025 -0.092891
vn 0.491295 -0.866025 -0.092891
vn 0.694797 -0.707107 -0.131368
vn 0.694797 -0.707107 -0.131368
vn 0.850949 -0.500000 -0.160892
vn 0.850949 -0.500000 -0.160892
vn 0.949110 -0.258819 -0.179452
vn 0.949110 -0.258819 -0.179452
vn 0.982591 -0.000000 -0.185782
vn 0.982591 -0.000000 -0.185782
vn -0.000000 -0.998279 -0.058650
vn 0.000000 -0.999032 -0.043997
vn 0.000734 -0.998270 -0.058789
vn 0.217421 -0.972067 -0.088398
vn 0.190556 -0.977208 -0.093562
vn 0.373292 -0.919280 -0.124811
vn 0.424062 -0.897128 -0.123823
vn 0.542116 -0.826561 -0.151352
vn 0.609684 -0.777717 -0.153110
vn 0.690535 -0.702514 -0.172150
vn 0.765081 -0.619753 -0.174807
vn 0.812930 -0.551722 -0.186408
vn 0.882553 -0.431066 -0.187838
vn 0.904536 -0.379930 -0.193568
vn 0.956274 -0.221012 -0.191558
vn 0.961832 -0.193634 -0.193354
vn 0.982591 0.000000 -0.185782
vn 0.982591 0.000000 -0.185782
vn 0.956692 -0.221436 -0.188962
vn 0.982591 -0.000000 -0.185782
vn 0.957112 -0.221830 -0.186357
vn 0.982591 -0.000000 -0.185782
vn 0.957533 -0.222191 -0.183745
vn 0.949087 -0.258905 -0.179447
vn 0.884598 -0.433271 -0.172520
vn 0.850914 -0.500061 -0.160885
vn 0.767431 -0.622689 -0.152669
vn 0.694797 -0.707107 -0.131368
vn 0.611893 -0.780971 -0.125185
vn 0.491356 -0.865990 -0.092902
vn 0.425760 -0.900204 -0.091441
vn 0.254398 -0.965903 -0.048100
vn 0.218339 -0.974426 -0.053126
vn -0.000000 -0.999892 -0.014671
vn 0.218032 -0.973781 -0.064897
vn 0.000000 -0.999570 -0.029337
vn 0.217726 -0.972995 -0.076654
vn 0.424626 -0.898283 -0.113049
vn 0.425192 -0.899309 -0.102255
vn 0.610418 -0.778913 -0.143823
vn 0.611154 -0.779998 -0.134515
vn 0.765862 -0.620820 -0.167447
vn 0.766645 -0.621799 -0.160068
vn 0.883232 -0.431862 -0.182747
vn 0.883914 -0.432597 -0.177641
vn 1.000000 -0.000000 0.000000
vn 1.000000 -0.000000 0.000000
vn 1.000000 -0.000000 0.000000
vn 1.000000 -0.000000 0.000000
vn 1.000000 -0.000000 0.000000
vn 1.000000 -0.000000 0.000000
vn 1.000000 -0.000000 0.000000
vn 1.000000 -0.000000 0.000000
vn 1.000000 -0.000000 0.000000
vn 1.000000 -0.000000 0.000000
vn 1.000000 -0.000000 0.000000
vn 1.000000 -0.000000 0.000000
vn 1.000000 -0.000000 0.000000
vn 1.000000 -0.000000 0.000000
vn 1.000000 -0.000000 0.000000
vn 1.000000 -0.000000 0.000000
vn 1.000000 -0.000000 0.000000
vn 1.000000 -0.000000 0.000000
vn 1.000000 -0.000000 0.000000
vn 1.000000 -0.000000 0.000000
vn 1.000000 -0.000000 0.000000
vn 1.000000 -0.000000 0.000000
vn 1.000000 -0.000000 0.000000
vn 1.000000 -0.000000 0.000000
vn 1.000000 -0.000000 0.000000
vn 1.000000 -0.000000 0.000000
vn 1.000000 -0.000000 0.000000
vn 1.000000 -0.000000 0.000000
vn 1.000000 -0.000000 0.000000
vn 1.000000 -0.000000 0.000000
vn 0.982591 0.000000 -0.185782
vn 0.982591 0.000000 -0.185782
vn 0.982591 0.000000 -0.185782
vn 0.982591 0.000000 -0.185782
vn 0.982591 0.000000 -0.185782
vn 0.982591 0.000000 -0.185782
vn 0.982591 0.000000 -0.185782
vn 0.982591 0.000000 -0.185782
vn 0.982591 0.000000 -0.185782
vn 0.982591 0.000000 -0.185782
vn 0.982591 0.000000 -0.185782
vn 0.982591 0.000000 -0.185782
vn 0.982591 0.000000 -0.185782
vn 0.982591 0.000000 -0.185782
vn 0.000000 0.000000 -1.000000
vn 0.000000 0.000000 -1.000000
vn 0.000000 0.000000 -1.000000
vn 0.000000 0.000000 -1.000000
vn 0.000000 0.000000 -1.000000
vn 0.000000 0.000000 -1.000000
vn 0.000000 0.000000 -1.000000
vn 0.000000 0.000000 -1.000000
vn 0.000000 0.000000 -1.000000
vn 0.000000 0.000000 -1.000000
vn 0.000000 0.000000 -1.000000
vn 0.000000 0.000000 -1.000000
vn 0.000000 0.000000 -1.000000
vn 0.000000 0.000000 -1.000000
vn 0.000000 0.000000 -1.000000
vn 0.000000 0.000000 -1.000000
vn 0.000000 0.000000 -1.000000
vn 0.000000 0.000000 -1.000000
vn 0.000000 0.000000 -1.000000
vn 0.000000 0.000000 -1.000000
vn 0.000000 0.000000 -1.000000
vn 0.000000 0.000000 -1.000000
vn 0.000000 0.000000 -1.000000
vn 0.000000 0.000000 -1.000000
vn 0.000000 0.000000 -1.000000
vn 0.000000 0.000000 -1.000000
vn 0.000000 0.000000 -1.000000
vn 0.000000 0.000000 -1.000000
vn 0.000000 0.000000 -1.000000
vn 0.000000 0.000000 -1.000000
vn 0.000000 0.000000 -1.000000
vn 0.000000 0.000000 -1.000000
vn 0.000000 0.000000 -1.000000
vn 0.000000 0.000000 -1.000000
vn 0.000000 0.000000 -1.000000
vn 0.000000 0.000000 -1.000000
vn 0.000000 -1.000000 0.000000
vn 0.000000 -1.000000 0.000000
vn 0.000000 -1.000000 0.000000
vn 0.000000 -1.000000 0.000000
vn 0.000000 -1.000000 0.000000
vn 0.000000 -1.000000 0.000000
vn -0.982591 -0.000000 -0.185782
vn -0.982591 -0.000000 -0.185782
vn -0.961831 -0.193637 -0.193353
vn -0.956201 -0.220934 -0.192012
vn -0.904534 -0.379935 -0.193567
vn -0.882434 -0.430920 -0.188728
vn -0.812926 -0.551728 -0.186407
vn -0.764945 -0.619557 -0.176094
vn -0.690528 -0.702521 -0.172148
vn -0.609555 -0.777496 -0.154734
vn -0.542106 -0.826568 -0.151349
vn -0.423964 -0.896913 -0.125708
vn -0.373280 -0.919285 -0.124808
vn -0.217368 -0.971890 -0.090454
vn -0.190541 -0.977211 -0.093558
vn -0.000716 -0.998270 -0.058784
vn 0.000000 -0.999032 -0.043998
vn -0.000000 -0.998279 -0.058649
vn -0.956495 -0.221241 -0.190182
vn -0.982591 -0.000000 -0.185782
vn -0.956836 -0.221575 -0.188067
vn -0.957178 -0.221889 -0.185947
vn -0.884021 -0.432707 -0.176837
vn -0.884652 -0.433322 -0.172117
vn -0.767493 -0.622755 -0.152086
vn -0.850914 -0.500061 -0.160885
vn -0.694797 -0.707107 -0.131368
vn -0.982591 -0.000000 -0.185782
vn -0.957566 -0.222219 -0.183539
vn -0.949087 -0.258905 -0.179447
vn -0.982591 -0.000000 -0.185782
vn -0.611952 -0.781042 -0.124450
vn -0.491356 -0.865990 -0.092902
vn -0.425805 -0.900269 -0.090589
vn -0.254398 -0.965903 -0.048100
vn -0.218364 -0.974470 -0.052199
vn -0.000000 -1.000000 0.000000
vn 0.000000 -0.999892 -0.014670
vn -0.218080 -0.973892 -0.063047
vn -0.000000 -0.999570 -0.029337
vn -0.217831 -0.973281 -0.072614
vn -0.217583 -0.972577 -0.082171
vn -0.882913 -0.431496 -0.185140
vn -0.883466 -0.432122 -0.180993
vn -0.765495 -0.620330 -0.170906
vn -0.766131 -0.621166 -0.164913
vn -0.766769 -0.621944 -0.158906
vn -0.610073 -0.778365 -0.148187
vn -0.610671 -0.779298 -0.140626
vn -0.611270 -0.780158 -0.133049
vn -0.424361 -0.897757 -0.118111
vn -0.424820 -0.898650 -0.109340
vn -0.425281 -0.899458 -0.100556
vn -0.000000 -0.910176 0.414221
vn -0.144617 -0.900609 0.409866
vn 0.000000 -0.910176 0.414221
vn -0.197894 -0.892176 0.406029
vn -0.291909 -0.870535 0.396180
vn -0.387596 -0.839027 0.381841
vn -0.435717 -0.819235 0.372833
vn -0.561136 -0.753375 0.342860
vn -0.570594 -0.747466 0.340171
vn -0.691653 -0.657357 0.299163
vn -0.712169 -0.638951 0.290786
vn -0.796522 -0.550301 0.250442
vn -0.834905 -0.500955 0.227984
vn -0.884408 -0.424793 0.193323
vn -0.925568 -0.344577 0.156817
vn -0.948942 -0.287115 0.130666
vn -0.981186 -0.175722 0.079971
vn -0.987153 -0.145426 0.066183
vn -1.000000 -0.000685 0.000312
vn 0.000000 -0.998279 -0.058649
vn 0.000000 -0.997530 -0.070243
vn -0.000726 -0.998278 -0.058648
vn -0.194001 -0.979320 -0.057412
vn -0.258819 -0.963153 -0.073135
vn -0.379994 -0.923410 -0.054023
vn -0.500000 -0.863539 -0.065571
vn -0.551777 -0.832573 -0.048616
vn -0.707107 -0.705077 -0.053538
vn -0.702779 -0.710203 -0.041401
vn -0.827303 -0.560807 -0.032647
vn -0.866025 -0.498565 -0.037857
vn -0.920512 -0.390055 -0.022683
vn -0.965926 -0.258076 -0.019596
vn -0.978821 -0.204372 -0.011878
vn -0.999941 -0.010877 -0.000632
vn 0.000000 -0.996647 -0.081827
vn -0.197894 -0.975942 -0.091518
vn -0.387596 -0.917812 -0.085967
vn 0.000000 -0.995629 -0.093401
vn -0.561136 -0.824130 -0.077049
vn -0.712169 -0.698975 -0.065185
vn -0.834905 -0.548030 -0.050954
vn -0.925568 -0.376967 -0.034929
vn -0.981186 -0.192247 -0.017748
vn -1.000000 -0.000750 -0.000069
vn -0.982591 -0.000000 -0.185782
vn -0.949110 -0.258819 -0.179452
vn -0.949110 -0.258819 -0.179452
vn -0.850949 -0.500000 -0.160892
vn -0.850949 -0.500000 -0.160892
vn -0.694797 -0.707107 -0.131368
vn -0.694797 -0.707107 -0.131368
vn -0.491295 -0.866025 -0.092891
vn -0.491295 -0.866025 -0.092891
vn -0.254313 -0.965926 -0.048084
vn -0.254313 -0.965926 -0.048084
vn -0.539841 -0.000000 0.841767
vn -0.544385 -0.000000 0.838835
vn -0.537987 -0.000000 0.842953
vn -0.515755 -0.000000 0.856736
vn -0.487858 -0.000000 0.872923
vn -0.485230 -0.000000 0.874386
vn -0.453966 -0.000000 0.891019
vn -0.545451 -0.000000 0.838143
vn -0.565548 -0.000000 0.824716
vn -0.570081 -0.000000 0.821589
vn -0.592370 -0.000000 0.805666
vn -0.592339 -0.000000 0.805689
vn -0.610993 -0.000000 0.791636
vn -0.624695 -0.000000 0.780869
vn -0.624695 -0.000000 0.780869
vn -0.423269 -0.000000 0.906004
vn -0.404963 -0.000000 0.914333
vn -0.359884 -0.000000 0.932997
vn -0.364688 -0.000000 0.931130
vn -0.386493 -0.000000 0.922292
vn -0.367589 -0.000000 0.929989
vn -0.368561 -0.000000 0.929604
vn -0.367867 -0.000000 0.929878
vn -0.337753 -0.000000 0.941235
vn -0.353275 -0.000000 0.935520
vn -0.335198 -0.000000 0.942148
vn -0.311275 -0.000000 0.950320
vn -0.250650 -0.000000 0.968078
vn -0.178461 -0.000000 0.983947
vn -0.178461 -0.000000 0.983947
vn -0.178461 -0.000000 0.983947
vn -0.211551 -0.000000 0.977367
vn -0.244401 -0.000000 0.969674
vn -0.276972 -0.000000 0.960878
vn -0.360166 -0.000000 0.932888
vn -0.440584 -0.000000 0.897711
vn -0.517608 -0.000000 0.855618
vn -0.537987 -0.000000 0.842953
vn -0.548766 -0.000000 0.835976
vn -0.539841 -0.000000 0.841767
vn -0.545451 -0.000000 0.838143
vn -0.565548 -0.000000 0.824716
vn -0.579112 -0.000000 0.815248
vn -0.592370 -0.000000 0.805666
vn -0.592813 -0.000000 0.805340
vn -0.604999 -0.000000 0.796226
vn -0.615765 -0.000000 0.787930
vn 0.000000 -0.910176 0.414221
vn 0.000000 -0.910176 0.414221
vn 0.000000 -0.910176 0.414221
vn 0.000000 -0.910176 0.414221
vn 0.000000 -0.910176 0.414221
vn 0.000000 -0.910176 0.414221
vn 0.000000 -0.910176 0.414221
vn 0.000000 -0.910176 0.414221
vn 0.000000 -0.910176 0.414221
vn 0.000000 -0.910176 0.414221
vn 0.000000 -0.910176 0.414221
vn 0.000000 -0.910176 0.414221
vn 0.000000 -0.910176 0.414221
vn 0.000000 -0.910176 0.414221
vn 0.000000 -0.910176 0.414221
vn 0.000000 -0.910176 0.414221
vn 0.000000 -0.910176 0.414221
vn 0.000000 -0.910176 0.414221
vn 0.000000 -0.910176 0.414221
vn 0.000000 -0.910176 0.414221
vn 0.000000 -0.910176 0.414221
vn 0.000000 -0.910176 0.414221
vn 0.000000 -0.910176 0.414221
vn 0.000000 -0.910176 0.414221
vn -0.000000 -0.998056 -0.062318
vn -0.000000 -0.998907 -0.046752
vn -0.000000 -0.999032 -0.043998
vn -0.000000 -0.999514 -0.031174
vn -0.000000 -0.999570 -0.029337
vn -0.000000 -0.999878 -0.015589
vn -0.000000 -0.999892 -0.014670
vn -0.000000 -0.999878 -0.015589
vn -0.000000 -0.999878 -0.015589
vn -0.000000 -0.999892 -0.014670
vn -0.000000 -0.999570 -0.029337
vn -0.000000 -0.999514 -0.031174
vn -0.000000 -0.999032 -0.043998
vn -0.000000 -0.998907 -0.046752
vn -0.000000 -0.998056 -0.062318
vn -0.000000 -0.996964 -0.077869
vn -0.000000 -0.995629 -0.093401
vn -0.000000 -0.996964 -0.077869
vn -0.000000 -0.995629 -0.093401
vn -0.000000 -0.995629 -0.093401
vn -0.000000 -0.996964 -0.077869
vn -0.000000 -0.998056 -0.062318
vn -0.000000 -0.998907 -0.046752
vn -0.000000 -0.999514 -0.031174
vn 0.000001 0.994626 -0.103538
vn -0.000001 0.988388 -0.151953
vn 0.251195 0.956053 -0.151208
vn 0.000932 0.988361 -0.152127
vn 0.188644 0.964595 -0.184308
vn 0.369747 0.905159 -0.209701
vn 0.485698 0.854429 -0.184522
vn 0.252515 0.961630 -0.107261
vn 0.488067 0.860585 -0.145544
vn 0.085950 0.996042 -0.022647
vn 0.264329 0.962795 -0.056179
vn 0.433955 0.896640 -0.087859
vn 0.643912 0.746440 -0.167945
vn 0.588719 0.799893 -0.116541
vn 0.775570 0.603846 -0.184013
vn 0.723584 0.675623 -0.141278
vn 0.877816 0.438349 -0.193102
vn 0.833295 0.528836 -0.161096
vn 0.946696 0.256499 -0.194870
vn 0.914921 0.363502 -0.175458
vn 0.965331 0.185351 -0.183798
vn 0.982589 0.001171 -0.185790
vn 0.537188 0.812267 -0.227270
vn 0.641083 0.740535 -0.201546
vn 0.684729 0.689411 -0.236343
vn 0.772652 0.598725 -0.211039
vn 0.807053 0.541010 -0.236587
vn 0.875239 0.434455 -0.212615
vn 0.899715 0.372217 -0.227964
vn 0.944921 0.254153 -0.206230
vn 0.958981 0.189527 -0.210795
vn 0.000003 0.999981 -0.006097
vn -0.000001 0.998492 -0.054900
vn 0.000000 0.985824 -0.167783
vn 0.000000 0.988389 -0.151947
vn 0.000000 0.990792 -0.135396
vn 0.000000 0.994625 -0.103544
vn 0.000000 0.997483 -0.070904
vn 0.000000 0.998492 -0.054894
vn 0.000000 0.999981 -0.006113
vn 0.000000 0.999981 -0.006113
vn 0.000000 0.997483 -0.070904
vn 0.000000 0.999981 -0.006113
vn 0.000000 0.999981 -0.006113
vn 0.000000 0.999981 -0.006113
vn 0.000000 0.998492 -0.054894
vn 0.000000 0.997483 -0.070904
vn 0.000000 0.990792 -0.135396
vn 0.000000 0.983006 -0.183575
vn 0.000000 0.994625 -0.103544
vn 0.000000 0.990792 -0.135396
vn 0.000000 0.988389 -0.151947
vn 0.000000 0.985824 -0.167783
vn 0.000000 0.983006 -0.183575
vn -0.000000 -0.000000 -1.000000
vn -0.000000 -0.000000 -1.000000
vn -0.000000 -0.000000 -1.000000
vn -0.000000 -0.000000 -1.000000
vn -0.000000 -0.000000 -1.000000
vn -0.000000 -0.000000 -1.000000
vn -0.000000 -0.000000 -1.000000
vn -0.000000 -0.000000 -1.000000
vn -0.000000 -0.000000 -1.000000
vn -0.000000 -0.000000 -1.000000
vn -0.000000 -0.000000 -1.000000
vn -0.000000 -0.000000 -1.000000
vn -0.000000 -0.000000 -1.000000
vn -0.000000 -0.000000 -1.000000
vn -0.000000 -0.000000 -1.000000
vn -0.000000 -0.000000 -1.000000
vn -0.000000 -0.000000 -1.000000
vn -0.000000 -0.000000 -1.000000
vn -0.000000 -0.000000 -1.000000
vn -0.000000 -0.000000 -1.000000
vn -0.000000 -0.000000 -1.000000
vn -0.000000 -0.000000 -1.000000
vn 0.253399 0.960659 -0.113680
vn 0.252860 0.960812 -0.113589
vn 0.074588 0.993826 -0.082142
vn 0.000000 0.997665 -0.068302
vn 0.049752 0.995744 -0.077578
vn 0.024884 0.997024 -0.072963
vn 0.013558 0.997395 -0.070848
vn 0.011430 0.997450 -0.070449
vn 0.011103 0.997458 -0.070388
vn 0.011054 0.997459 -0.070378
vn 0.011047 0.997459 -0.070377
vn -0.000000 0.997665 -0.068302
vn 0.423956 0.894576 -0.141404
vn 0.487731 0.859821 -0.151082
vn 0.487731 0.859821 -0.151082
vn 0.690430 0.701022 -0.178536
vn 0.690430 0.701022 -0.178536
vn 0.846830 0.495213 -0.194017
vn 0.846830 0.495213 -0.194017
vn 0.946444 0.256197 -0.196487
vn 0.946444 0.256197 -0.196487
vn 0.579666 0.798130 -0.164241
vn 0.715875 0.674223 -0.181512
vn 0.827409 0.527557 -0.192559
vn 0.910856 0.362648 -0.197047
vn 0.963225 0.185078 -0.194791
vn 0.982576 0.001175 -0.185860
vn 0.252326 0.960963 -0.113498
vn 0.000000 0.997665 -0.068302
vn 0.949646 0.256776 -0.179553
vn 0.949110 0.258819 -0.179452
vn 0.853019 0.496332 -0.161283
vn 0.850949 0.500000 -0.160892
vn 0.699191 0.702606 -0.132199
vn 0.694797 0.707107 -0.131368
vn 0.498477 0.861765 -0.094249
vn 0.491295 0.866025 -0.092891
vn 0.264335 0.963135 -0.049979
vn 0.254313 0.965926 -0.048084
vn 0.012468 0.999919 -0.002357
vn -0.000000 1.000000 0.000000
vn -0.000000 1.000000 0.000000
vn -0.000000 1.000000 0.000000
vn -0.000000 1.000000 0.000000
vn -0.000000 1.000000 0.000000
vn -0.000000 1.000000 0.000000
vn -0.000000 1.000000 0.000000
vn -0.000000 1.000000 0.000000
vn 0.965926 0.253626 -0.051588
vn 0.965926 0.258723 0.007054
vn 0.866025 0.489967 -0.099660
vn 0.866025 0.499814 0.013628
vn 0.707107 0.706844 0.019273
vn 0.500000 0.865704 0.023605
vn 0.258819 0.965567 0.026327
vn 0.707107 0.692918 -0.140940
vn 0.500000 0.848648 -0.172616
vn 0.258819 0.946544 -0.192528
vn 0.999602 0.027906 -0.004238
vn 0.975614 0.217002 -0.032965
vn 0.915402 0.397968 -0.060498
vn 0.821248 0.564076 -0.085846
vn 0.696745 0.709129 -0.108085
vn 0.546523 0.827848 -0.126412
vn 0.376263 0.915853 -0.140144
vn 0.192104 0.970032 -0.148772
vn 0.000944 0.988388 -0.151946
vn -0.982591 0.000000 -0.185782
vn -0.982591 0.000000 -0.185782
vn -0.946444 0.256197 -0.196487
vn -0.946444 0.256197 -0.196487
vn -0.846830 0.495213 -0.194017
vn -0.846830 0.495213 -0.194017
vn -0.690430 0.701022 -0.178536
vn -0.690430 0.701022 -0.178536
vn -0.487731 0.859821 -0.151082
vn -0.487731 0.859821 -0.151082
vn -0.252860 0.960812 -0.113589
vn -0.423956 0.894576 -0.141404
vn -0.253399 0.960659 -0.113680
vn -0.982591 0.000000 -0.185782
vn -0.982576 0.001175 -0.185860
vn -0.963225 0.185078 -0.194791
vn -0.910856 0.362648 -0.197047
vn -0.827409 0.527557 -0.192559
vn -0.715875 0.674223 -0.181512
vn -0.579666 0.798130 -0.164241
vn -0.074588 0.993826 -0.082142
vn -0.000000 0.997665 -0.068302
vn -0.252326 0.960963 -0.113498
vn -0.000000 0.997665 -0.068302
vn -0.049752 0.995744 -0.077578
vn -0.024884 0.997024 -0.072963
vn -0.000000 0.997665 -0.068302
vn -0.012468 0.999919 -0.002357
vn -0.254313 0.965926 -0.048084
vn -0.264335 0.963135 -0.049979
vn -0.491295 0.866025 -0.092891
vn -0.498477 0.861765 -0.094249
vn -0.694797 0.707107 -0.131368
vn -0.699191 0.702606 -0.132199
vn -0.850949 0.500000 -0.160892
vn -0.853019 0.496332 -0.161283
vn -0.949110 0.258819 -0.179452
vn -0.949646 0.256776 -0.179553
vn -0.982591 -0.000000 -0.185782
vn 0.000000 0.997665 -0.068302
vn 0.000000 0.997665 -0.068302
vn 0.000000 0.997665 -0.068302
vn 0.000000 0.997665 -0.068302
vn 0.000000 0.997665 -0.068302
vn 0.000000 0.997665 -0.068302
vn 0.000000 0.997665 -0.068302
vn 0.000000 0.997665 -0.068302
vn 0.000000 0.997665 -0.068302
vn 0.000000 0.997665 -0.068302
vn -0.999663 0.025120 0.006553
vn -0.965926 0.250438 0.065332
vn -0.965926 0.250438 0.065332
vn -0.866025 0.483809 0.126211
vn -0.866025 0.483809 0.126211
vn -0.707107 0.684209 0.178489
vn -0.707107 0.684209 0.178489
vn -0.500000 0.837981 0.218604
vn -0.500000 0.837981 0.218604
vn -0.258819 0.934647 0.243821
vn -0.258819 0.934647 0.243821
vn -0.264221 0.933230 0.243451
vn -0.521555 0.825588 0.215371
vn -0.637746 0.745304 0.194427
vn -0.741076 0.649679 0.169481
vn -0.832374 0.536267 0.139896
vn -0.908096 0.405201 0.105705
vn -0.947950 0.308108 0.080376
vn -0.976754 0.207422 0.054110
vn -0.994171 0.104319 0.027214
vn -0.258819 0.946544 -0.192528
vn -0.258819 0.965567 0.026327
vn -0.500000 0.848648 -0.172616
vn -0.500000 0.865704 0.023605
vn -0.707107 0.706844 0.019273
vn -0.866025 0.499814 0.013628
vn -0.965926 0.258723 0.007054
vn -0.707107 0.692918 -0.140940
vn -0.866025 0.489967 -0.099660
vn -0.965926 0.253626 -0.051588
vn -0.999602 0.027906 -0.004238
vn -0.975614 0.217002 -0.032965
vn -0.915402 0.397968 -0.060498
vn -0.821248 0.564076 -0.085846
vn -0.696745 0.709129 -0.108085
vn -0.546523 0.827848 -0.126412
vn -0.376263 0.915853 -0.140144
vn -0.192104 0.970032 -0.148772
vn -0.000944 0.988388 -0.151946
vn -0.264341 0.962791 -0.056197
vn -0.253380 0.964150 -0.078827
vn -0.085952 0.996041 -0.022663
vn -0.000005 0.998494 -0.054866
vn -0.042586 0.998990 -0.014320
vn 0.000001 0.999981 -0.006113
vn -0.432943 0.894617 -0.110547
vn -0.433975 0.896629 -0.087878
vn -0.588745 0.799871 -0.116559
vn -0.596240 0.790840 -0.138095
vn -0.723612 0.675590 -0.141294
vn -0.736762 0.656859 -0.160367
vn -0.833321 0.528791 -0.161109
vn -0.849008 0.498031 -0.176496
vn -0.914941 0.363448 -0.175467
vn -0.947853 0.257734 -0.187479
vn -0.965341 0.185291 -0.183802
vn -0.982591 -0.000000 -0.185782
vn -0.982589 0.001108 -0.185789
vn -0.944996 0.254264 -0.205750
vn -0.982591 -0.000000 -0.185782
vn -0.958980 0.189534 -0.210795
vn -0.982591 -0.000000 -0.185782
vn -0.899712 0.372224 -0.227963
vn -0.844596 0.491625 -0.212044
vn -0.807050 0.541016 -0.236585
vn -0.684726 0.689416 -0.236340
vn -0.732036 0.648894 -0.207509
vn -0.537186 0.812270 -0.227265
vn -0.591868 0.782045 -0.195186
vn -0.369745 0.905161 -0.209696
vn -0.429486 0.885849 -0.175538
vn -0.188643 0.964596 -0.184303
vn -0.251250 0.956332 -0.149344
vn -0.000933 0.988361 -0.152122
vn 0.000000 0.988389 -0.151948
vn 0.000000 0.994625 -0.103546
vn -0.624695 0.000000 0.780869
vn -0.624695 0.000000 0.780869
vn -0.624695 0.000000 0.780869
vn -0.982591 0.000000 -0.185782
vn -0.982591 0.000000 -0.185782
vn -0.982591 0.000000 -0.185782
vn -0.982591 0.000000 -0.185782
vn -0.982591 0.000000 -0.185782
vn -0.982591 0.000000 -0.185782
vn -0.982591 0.000000 -0.185782
vn -0.304867 0.000019 0.952395
vn -0.312029 -0.106704 0.944062
vn -0.428383 0.000000 0.903597
vn -0.367008 -0.125573 0.921703
vn -0.412821 -0.057998 0.908964
vn -0.336598 -0.285333 0.897378
vn -0.316057 -0.279343 0.906684
vn -0.256755 -0.425692 0.867677
vn -0.213378 -0.364749 0.906327
vn -0.236875 -0.493866 0.836652
vn -0.157297 -0.484314 0.860638
vn -0.190666 -0.560783 0.805710
vn -0.121641 -0.672591 0.729949
vn -0.178464 0.000010 0.983946
vn -0.202254 -0.070363 0.976802
vn -0.258417 -0.088660 0.961956
vn -0.217433 -0.198322 0.955715
vn -0.265291 -0.238062 0.934316
vn -0.173460 -0.305247 0.936342
vn -0.127098 -0.407976 0.904103
vn -0.078980 -0.505111 0.859433
vn -0.098140 -0.594439 0.798130
vn -0.039667 -0.577875 0.815161
vn -0.049379 -0.674267 0.736835
vn -0.000000 -0.813220 0.581956
vn -0.000180 -0.813044 0.582202
vn -0.121657 -0.149909 0.981187
vn -0.168641 -0.157745 0.972973
vn -0.133563 -0.243742 0.960599
vn -0.061657 -0.295978 0.953203
vn -0.097325 -0.327607 0.939788
vn -0.060248 -0.408612 0.910718
vn -0.000000 -0.434412 0.900714
vn -0.030202 -0.470870 0.881685
vn 0.000000 -0.104635 0.994511
vn 0.000000 -0.237084 0.971489
vn 0.000000 -0.198632 0.980074
vn 0.000000 -0.351470 0.936199
vn 0.000000 -0.459284 0.888290
vn 0.000000 -0.447496 0.894286
vn 0.000000 -0.471774 0.881720
vn 0.000000 -0.654548 0.756021
vn 0.000000 -0.479859 0.877345
vn 0.000000 -0.654548 0.756021
vn 0.000000 -0.654548 0.756021
vn 0.000000 -0.812990 0.582278
vn 0.000000 -0.471774 0.881720
vn 0.000000 -0.459284 0.888290
vn 0.000000 -0.447496 0.894286
vn 0.000000 -0.351470 0.936199
vn 0.000000 -0.237084 0.971489
vn 0.000000 -0.198632 0.980074
vn 0.000000 -0.104635 0.994511
vn -0.000000 0.000000 1.000000
vn -0.000000 0.000000 1.000000
vn 0.000000 -0.813193 0.581994
vn 0.000000 -0.813193 0.581994
vn 0.000000 -0.813193 0.581994
vn 0.000000 -0.812990 0.582278
vn -0.000000 -0.434412 0.900714
vn 0.039667 -0.577875 0.815161
vn 0.000000 -0.813220 0.581956
vn 0.054694 -0.720331 0.691470
vn 0.000180 -0.813044 0.582202
vn 0.121641 -0.672591 0.729949
vn 0.108581 -0.638238 0.762143
vn 0.173605 -0.522625 0.834700
vn 0.127098 -0.407976 0.904103
vn 0.173460 -0.305247 0.936342
vn 0.133563 -0.243742 0.960599
vn 0.168641 -0.157745 0.972973
vn 0.121657 -0.149909 0.981187
vn 0.202254 -0.070363 0.976802
vn 0.178464 0.000010 0.983946
vn 0.304867 0.000019 0.952395
vn 0.030202 -0.470870 0.881685
vn 0.061657 -0.295978 0.953203
vn 0.060248 -0.408612 0.910718
vn 0.097325 -0.327607 0.939788
vn 0.078980 -0.505111 0.859433
vn 0.428383 0.000000 0.903597
vn 0.339361 -0.116033 0.933472
vn 0.258417 -0.088660 0.961956
vn 0.217433 -0.198322 0.955715
vn 0.412821 -0.057998 0.908964
vn 0.336598 -0.285333 0.897378
vn 0.290320 -0.258528 0.921346
vn 0.234647 -0.395090 0.888169
vn 0.236875 -0.493866 0.836652
vn 0.250804 -0.000048 0.968038
vn 0.227710 -0.046420 0.972622
vn 0.121586 -0.149896 0.981197
vn 0.148613 -0.161435 0.975629
vn 0.061584 -0.295941 0.953219
vn 0.066615 -0.273302 0.959619
vn -0.000000 -0.434374 0.900733
vn 0.000000 -0.338225 0.941065
vn 0.078865 -0.213965 0.973653
vn 0.000000 -0.250566 0.968099
vn 0.087632 -0.144973 0.985547
vn -0.000000 -0.181319 0.983424
vn 0.092384 -0.077799 0.992679
vn -0.000000 -0.000000 -1.000000
vn 0.125488 -0.000000 0.992095
vn 0.206596 -0.045786 0.977354
vn 0.248994 0.000000 0.968505
vn 0.317855 -0.013125 0.948049
vn 0.367589 0.000018 0.929988
vn 0.364693 -0.000025 0.931128
vn 0.359879 0.000022 0.932999
vn 0.353315 -0.000062 0.935504
vn 0.301107 -0.024477 0.953276
vn 0.335195 0.000036 0.942149
vn 0.270406 -0.036278 0.962063
vn 0.311326 -0.000009 0.950303
vn 0.176144 -0.126201 0.976241
vn 0.195871 -0.085378 0.976906
vn -0.000000 -0.338196 0.941076
vn -0.000000 -0.434374 0.900733
vn -0.065056 -0.278163 0.958328
vn -0.061584 -0.295941 0.953219
vn -0.121586 -0.149896 0.981197
vn -0.222505 -0.046844 0.973806
vn -0.145192 -0.164106 0.975699
vn -0.084623 -0.172918 0.981294
vn -0.000000 -0.250564 0.968100
vn -0.000000 -0.181309 0.983426
vn -0.091738 -0.090918 0.991624
vn 0.000000 0.000000 -1.000000
vn -0.125488 0.000000 0.992095
vn -0.205098 -0.053539 0.977276
vn -0.248994 -0.000000 0.968505
vn -0.315492 -0.015379 0.948804
vn -0.367587 -0.000045 0.929989
vn -0.364667 0.000096 0.931138
vn -0.359892 -0.000033 0.932994
vn -0.353264 0.000024 0.935524
vn -0.335197 0.000004 0.942148
vn -0.290573 -0.029252 0.956406
vn -0.311233 0.000054 0.950334
vn -0.250234 0.000416 0.968185
vn -0.189106 -0.101894 0.976656
vn 0.187562 0.008379 0.982217
vn 0.125488 -0.000000 0.992095
vn 0.248994 0.000000 0.968505
vn 0.367864 -0.000005 0.929880
vn -0.367865 -0.000009 0.929879
vn -0.248994 -0.000000 0.968505
vn -0.187562 0.008366 0.982217
vn -0.125488 0.000000 0.992095
vn 0.000000 -0.000000 -1.000000
vn -0.304860 0.000000 0.952397
vn -0.305381 0.000000 0.952230
vn -0.264015 0.000000 0.964519
vn -0.347537 0.000000 0.937666
vn -0.428383 0.000000 0.903597
vn -0.428383 0.000000 0.903597
vn -0.000000 -0.000000 1.000000
vn -0.000000 -0.000000 1.000000
vn -0.000000 -0.000000 1.000000
vn 0.428383 -0.000000 0.903597
vn 0.305381 -0.000000 0.952230
vn 0.304860 -0.000000 0.952397
vn 0.264015 -0.000000 0.964519
vn 0.347537 -0.000000 0.937666
vn 0.428383 -0.000000 0.903597
vn 0.000000 1.000000 0.000000
vn 0.000000 1.000000 0.000000
vn 0.000000 1.000000 0.000000
vn 0.000000 1.000000 0.000000
vn 0.000000 1.000000 0.000000
vn 0.000000 1.000000 0.000000
vn 0.000000 1.000000 0.000000
vn 0.000000 1.000000 0.000000
vn 0.000000 1.000000 0.000000
vn 0.000000 1.000000 0.000000
vn 0.000000 1.000000 0.000000
vn 0.000000 1.000000 0.000000
vn 0.000000 1.000000 0.000000
vn 0.000000 1.000000 0.000000
vn 0.000000 1.000000 0.000000
vn 0.000000 1.000000 0.000000
vn 0.000000 1.000000 0.000000
vn 0.000000 1.000000 0.000000
usemtl ABS_(White)
f 2/1/1 8/2/2 1/3/3
f 1/3/3 8/2/2 9/4/4
f 1/3/3 9/4/4 10/5/5
f 8/2/2 2/1/1 7/6/6
f 7/6/6 2/1/1 3/7/7
f 7/6/6 3/7/7 6/8/8
f 6/8/8 3/7/7 4/9/9
f 6/8/8 4/9/9 5/10/10
f 10/5/5 11/11/11 1/3/3
f 1/3/3 11/11/11 12/12/12
f 1/3/3 12/12/12 13/13/13
f 6/14/8 5/15/10 18/16/14
f 18/16/14 5/15/10 14/17/15
f 18/16/14 14/17/15 17/18/16
f 17/18/16 14/17/15 16/19/17
f 16/19/17 14/17/15 15/20/18
f 19/21/19 20/22/20 1/23/21
f 1/23/21 20/22/20 2/24/22
f 2/24/22 20/22/20 21/25/23
f 2/24/22 21/25/23 3/26/24
f 3/26/24 21/25/23 22/27/25
f 3/26/24 22/27/25 4/28/26
f 4/28/26 22/27/25 23/29/27
f 4/28/26 23/29/27 5/30/28
f 24/31/29 25/32/30 6/33/31
f 6/33/31 25/32/30 30/34/32
f 6/33/31 30/34/32 7/35/33
f 7/35/33 30/34/32 8/36/34
f 8/36/34 30/34/32 9/37/35
f 9/37/35 30/34/32 29/38/36
f 9/37/35 29/38/36 10/39/37
f 10/39/37 29/38/36 28/40/38
f 28/40/38 29/38/36 27/41/39
f 27/41/39 29/38/36 30/34/32
f 27/41/39 30/34/32 26/42/40
f 26/42/40 30/34/32 25/32/30
f 31/43/41 11/44/42 28/45/43
f 28/45/43 11/44/42 10/46/44
f 32/47/45 12/48/46 31/49/47
f 31/49/47 12/48/46 11/50/48
f 32/51/49 33/52/50 12/53/51
f 12/53/51 33/52/50 13/54/52
f 33/55/53 19/56/54 13/57/55
f 13/57/55 19/56/54 1/58/56
f 5/59/57 23/60/58 35/61/59
f 35/61/59 23/60/58 34/62/60
f 35/61/59 34/62/60 14/63/61
f 14/63/61 5/59/57 35/61/59
f 14/64/62 34/65/63 37/66/64
f 37/66/64 34/65/63 36/67/65
f 37/66/64 36/67/65 15/68/66
f 15/68/66 14/64/62 37/66/64
f 38/69/67 40/70/68 36/71/69
f 36/71/69 40/70/68 41/72/70
f 36/71/69 41/72/70 15/73/71
f 15/73/71 41/72/70 40/70/68
f 15/73/71 40/70/68 16/74/72
f 16/74/72 40/70/68 39/75/73
f 16/74/72 39/75/73 38/69/67
f 38/69/67 39/75/73 40/70/68
f 16/76/74 38/77/75 43/78/76
f 43/78/76 38/77/75 42/79/77
f 43/78/76 42/79/77 17/80/78
f 17/80/78 16/76/74 43/78/76
f 17/81/79 42/82/80 45/83/81
f 45/83/81 42/82/80 44/84/82
f 45/83/81 44/84/82 18/85/83
f 18/85/83 17/81/79 45/83/81
f 18/86/84 44/87/85 46/88/86
f 46/88/86 44/87/85 24/89/87
f 46/88/86 24/89/87 6/90/88
f 6/90/88 18/86/84 46/88/86
f 23/91/89 22/92/90 114/93/91
f 114/93/91 22/92/90 33/94/92
f 114/93/91 33/94/92 113/95/93
f 113/95/93 33/94/92 32/96/94
f 113/95/93 32/96/94 112/97/95
f 112/97/95 32/96/94 111/98/96
f 111/98/96 32/96/94 110/99/97
f 110/99/97 32/96/94 116/100/98
f 110/99/97 116/100/98 109/101/99
f 109/101/99 116/100/98 108/102/100
f 108/102/100 116/100/98 115/103/101
f 108/102/100 115/103/101 107/104/102
f 107/104/102 115/103/101 106/105/103
f 106/105/103 115/103/101 66/106/104
f 106/105/103 66/106/104 117/107/105
f 117/107/105 66/106/104 67/108/106
f 117/107/105 67/108/106 83/109/107
f 83/109/107 67/108/106 82/110/108
f 82/110/108 67/108/106 81/111/109
f 81/111/109 67/108/106 80/112/110
f 80/112/110 67/108/106 79/113/111
f 79/113/111 67/108/106 68/114/112
f 79/113/111 68/114/112 78/115/113
f 78/115/113 68/114/112 77/116/114
f 77/116/114 68/114/112 69/117/115
f 77/116/114 69/117/115 76/118/116
f 76/118/116 69/117/115 70/119/117
f 76/118/116 70/119/117 71/120/118
f 22/92/90 21/121/119 33/94/92
f 33/94/92 21/121/119 20/122/120
f 33/94/92 20/122/120 19/123/121
f 32/96/94 31/124/122 116/100/98
f 116/100/98 31/124/122 51/125/123
f 116/100/98 51/125/123 115/103/101
f 115/103/101 51/125/123 52/126/124
f 115/103/101 52/126/124 63/127/125
f 63/127/125 52/126/124 53/128/126
f 63/127/125 53/128/126 62/129/127
f 62/129/127 53/128/126 56/130/128
f 62/129/127 56/130/128 57/131/129
f 51/125/123 31/124/122 50/132/130
f 50/132/130 31/124/122 28/133/131
f 50/132/130 28/133/131 49/134/132
f 49/134/132 28/133/131 27/135/133
f 49/134/132 27/135/133 48/136/134
f 48/136/134 27/135/133 26/137/135
f 48/136/134 26/137/135 47/138/136
f 47/138/136 26/137/135 25/139/137
f 47/138/136 25/139/137 24/140/138
f 53/128/126 54/141/139 56/130/128
f 56/130/128 54/141/139 55/142/140
f 58/143/141 59/144/142 57/131/129
f 57/131/129 59/144/142 60/145/143
f 57/131/129 60/145/143 62/129/127
f 62/129/127 60/145/143 61/146/144
f 63/127/125 64/147/145 115/103/101
f 115/103/101 64/147/145 66/106/104
f 64/147/145 65/148/146 66/106/104
f 76/118/116 71/120/118 75/149/147
f 75/149/147 71/120/118 72/150/148
f 75/149/147 72/150/148 74/151/149
f 74/151/149 72/150/148 73/152/150
f 83/109/107 84/153/151 117/107/105
f 117/107/105 84/153/151 85/154/152
f 117/107/105 85/154/152 86/155/153
f 117/107/105 86/155/153 104/156/154
f 104/156/154 86/155/153 87/157/155
f 104/156/154 87/157/155 103/158/156
f 103/158/156 87/157/155 102/159/157
f 102/159/157 87/157/155 88/160/158
f 102/159/157 88/160/158 101/161/159
f 101/161/159 88/160/158 89/162/160
f 101/161/159 89/162/160 90/163/161
f 90/163/161 91/164/162 101/161/159
f 101/161/159 91/164/162 92/165/163
f 101/161/159 92/165/163 93/166/164
f 93/166/164 94/167/165 101/161/159
f 101/161/159 94/167/165 95/168/166
f 101/161/159 95/168/166 100/169/167
f 100/169/167 95/168/166 96/170/168
f 100/169/167 96/170/168 97/171/169
f 97/171/169 98/172/170 100/169/167
f 100/169/167 98/172/170 99/173/171
f 104/156/154 105/174/172 117/107/105
f 117/107/105 105/174/172 106/105/103
f 118/175/173 119/176/174 180/177/175
f 180/177/175 119/176/174 120/178/176
f 180/177/175 120/178/176 121/179/177
f 121/179/177 122/180/178 180/177/175
f 180/177/175 122/180/178 123/181/179
f 180/177/175 123/181/179 124/182/180
f 180/177/175 124/182/180 179/183/181
f 179/183/181 124/182/180 125/184/182
f 179/183/181 125/184/182 178/185/183
f 178/185/183 125/184/182 126/186/184
f 178/185/183 126/186/184 177/187/185
f 177/187/185 126/186/184 127/188/186
f 177/187/185 127/188/186 176/189/187
f 176/189/187 127/188/186 128/190/188
f 176/189/187 128/190/188 175/191/189
f 175/191/189 128/190/188 129/192/190
f 175/191/189 129/192/190 174/193/191
f 174/193/191 129/192/190 130/194/192
f 174/193/191 130/194/192 173/195/193
f 173/195/193 130/194/192 131/196/194
f 173/195/193 131/196/194 172/197/195
f 172/197/195 131/196/194 132/198/196
f 172/197/195 132/198/196 171/199/197
f 171/199/197 132/198/196 133/200/198
f 171/199/197 133/200/198 170/201/199
f 170/201/199 133/200/198 134/202/200
f 170/201/199 134/202/200 169/203/201
f 169/203/201 134/202/200 135/204/202
f 169/203/201 135/204/202 168/205/203
f 168/205/203 135/204/202 167/206/204
f 167/206/204 135/204/202 136/207/205
f 167/206/204 136/207/205 137/208/206
f 138/209/207 165/210/208 137/208/206
f 137/208/206 165/210/208 166/211/209
f 137/208/206 166/211/209 167/206/204
f 139/212/210 163/213/211 138/209/207
f 138/209/207 163/213/211 164/214/212
f 138/209/207 164/214/212 165/210/208
f 163/213/211 139/212/210 162/215/213
f 162/215/213 139/212/210 140/216/214
f 162/215/213 140/216/214 161/217/215
f 161/217/215 140/216/214 141/218/216
f 161/217/215 141/218/216 160/219/217
f 160/219/217 141/218/216 142/220/218
f 160/219/217 142/220/218 159/221/219
f 159/221/219 142/220/218 143/222/220
f 159/221/219 143/222/220 158/223/221
f 158/223/221 143/222/220 144/224/222
f 158/223/221 144/224/222 157/225/223
f 157/225/223 144/224/222 145/226/224
f 157/225/223 145/226/224 156/227/225
f 156/227/225 145/226/224 146/228/226
f 156/227/225 146/228/226 155/229/227
f 155/229/227 146/228/226 147/230/228
f 155/229/227 147/230/228 154/231/229
f 154/231/229 147/230/228 148/232/230
f 154/231/229 148/232/230 149/233/231
f 149/233/231 150/234/232 154/231/229
f 154/231/229 150/234/232 151/235/233
f 154/231/229 151/235/233 152/236/234
f 152/236/234 153/237/235 154/231/229
f 154/238/229 153/239/235 194/240/236
f 194/240/236 153/239/235 181/241/237
f 194/240/236 181/241/237 182/242/238
f 182/242/238 181/241/237 180/243/175
f 180/243/175 181/241/237 118/244/173
f 182/242/238 183/245/239 194/240/236
f 194/240/236 183/245/239 193/246/240
f 193/246/240 183/245/239 192/247/241
f 192/247/241 183/245/239 184/248/242
f 192/247/241 184/248/242 191/249/243
f 191/249/243 184/248/242 185/250/244
f 191/249/243 185/250/244 186/251/245
f 191/249/243 186/251/245 190/252/246
f 190/252/246 186/251/245 187/253/247
f 190/252/246 187/253/247 189/254/248
f 189/254/248 187/253/247 188/255/249
f 195/256/250 196/257/251 118/258/252
f 118/258/252 196/257/251 119/259/253
f 119/259/253 196/257/251 197/260/254
f 119/259/253 197/260/254 120/261/255
f 120/261/255 197/260/254 198/262/256
f 120/261/255 198/262/256 121/263/257
f 121/263/257 198/262/256 199/264/258
f 121/263/257 199/264/258 122/265/259
f 122/265/259 199/264/258 200/266/260
f 122/265/259 200/266/260 123/267/261
f 123/267/261 200/266/260 201/268/262
f 123/267/261 201/268/262 124/269/263
f 124/269/263 201/268/262 202/270/264
f 124/269/263 202/270/264 125/271/265
f 125/271/265 202/270/264 203/272/266
f 125/271/265 203/272/266 126/273/267
f 126/273/267 203/272/266 204/274/268
f 126/273/267 204/274/268 127/275/269
f 127/275/269 204/274/268 205/276/270
f 127/275/269 205/276/270 128/277/271
f 128/277/271 205/276/270 206/278/272
f 128/277/271 206/278/272 129/279/273
f 129/279/273 206/278/272 207/280/274
f 129/279/273 207/280/274 130/281/275
f 130/281/275 207/280/274 208/282/276
f 130/281/275 208/282/276 131/283/277
f 131/283/277 208/282/276 209/284/278
f 131/283/277 209/284/278 132/285/279
f 132/285/279 209/284/278 210/286/280
f 132/285/279 210/286/280 133/287/281
f 133/287/281 210/286/280 211/288/282
f 133/287/281 211/288/282 134/289/283
f 134/289/283 211/288/282 212/290/284
f 134/289/283 212/290/284 135/291/285
f 135/291/285 212/290/284 213/292/286
f 135/291/285 213/292/286 136/293/287
f 136/293/287 213/292/286 214/294/288
f 136/293/287 214/294/288 137/295/289
f 137/295/289 214/294/288 215/296/290
f 137/295/289 215/296/290 138/297/291
f 138/297/291 215/296/290 216/298/292
f 138/297/291 216/298/292 139/299/293
f 139/299/293 216/298/292 217/300/294
f 139/299/293 217/300/294 140/301/295
f 140/301/295 217/300/294 218/302/296
f 140/301/295 218/302/296 141/303/297
f 141/303/297 218/302/296 219/304/298
f 141/303/297 219/304/298 142/305/299
f 142/305/299 219/304/298 220/306/300
f 142/305/299 220/306/300 143/307/301
f 143/307/301 220/306/300 221/308/302
f 143/307/301 221/308/302 144/309/303
f 144/309/303 221/308/302 222/310/304
f 144/309/303 222/310/304 145/311/305
f 145/311/305 222/310/304 223/312/306
f 145/311/305 223/312/306 146/313/307
f 146/313/307 223/312/306 224/314/308
f 146/313/307 224/314/308 147/315/309
f 147/315/309 224/314/308 225/316/310
f 147/315/309 225/316/310 148/317/311
f 148/317/311 225/316/310 226/318/312
f 148/317/311 226/318/312 149/319/313
f 149/319/313 226/318/312 227/320/314
f 149/319/313 227/320/314 150/321/315
f 150/321/315 227/320/314 228/322/316
f 150/321/315 228/322/316 151/323/317
f 151/323/317 228/322/316 229/324/318
f 151/323/317 229/324/318 152/325/319
f 152/325/319 229/324/318 230/326/320
f 152/325/319 230/326/320 153/327/321
f 99/328/322 98/329/323 154/330/324
f 154/330/324 98/329/323 155/331/325
f 155/331/325 98/329/323 97/332/326
f 155/331/325 97/332/326 156/333/327
f 156/333/327 97/332/326 96/334/328
f 156/333/327 96/334/328 157/335/329
f 157/335/329 96/334/328 95/336/330
f 157/335/329 95/336/330 158/337/331
f 158/337/331 95/336/330 94/338/332
f 158/337/331 94/338/332 159/339/333
f 159/339/333 94/338/332 93/340/334
f 159/339/333 93/340/334 160/341/335
f 160/341/335 93/340/334 92/342/336
f 160/341/335 92/342/336 161/343/337
f 161/343/337 92/342/336 91/344/338
f 161/343/337 91/344/338 162/345/339
f 162/345/339 91/344/338 90/346/340
f 162/345/339 90/346/340 163/347/341
f 163/347/341 90/346/340 89/348/342
f 163/347/341 89/348/342 164/349/343
f 164/349/343 89/348/342 88/350/344
f 164/349/343 88/350/344 165/351/345
f 165/351/345 88/350/344 87/352/346
f 165/351/345 87/352/346 166/353/347
f 166/353/347 87/352/346 86/354/348
f 166/353/347 86/354/348 167/355/349
f 167/355/349 86/354/348 85/356/350
f 167/355/349 85/356/350 168/357/351
f 168/357/351 85/356/350 84/358/352
f 168/357/351 84/358/352 169/359/353
f 169/359/353 84/358/352 83/360/354
f 169/359/353 83/360/354 170/361/355
f 170/361/355 83/360/354 82/362/356
f 170/361/355 82/362/356 171/363/357
f 171/363/357 82/362/356 81/364/358
f 171/363/357 81/364/358 172/365/359
f 172/365/359 81/364/358 80/366/360
f 172/365/359 80/366/360 173/367/361
f 173/367/361 80/366/360 79/368/362
f 173/367/361 79/368/362 174/369/363
f 174/369/363 79/368/362 78/370/364
f 174/369/363 78/370/364 175/371/365
f 175/371/365 78/370/364 77/372/366
f 175/371/365 77/372/366 176/373/367
f 176/373/367 77/372/366 76/374/368
f 176/373/367 76/374/368 177/375/369
f 177/375/369 76/374/368 75/376/370
f 177/375/369 75/376/370 178/377/371
f 178/377/371 75/376/370 74/378/372
f 178/377/371 74/378/372 179/379/373
f 179/379/373 74/378/372 73/380/374
f 179/379/373 73/380/374 180/381/375
f 231/382/376 233/383/377 230/384/378
f 230/384/378 233/383/377 234/385/379
f 230/384/378 234/385/379 153/386/380
f 153/386/380 234/385/379 233/383/377
f 153/386/380 233/383/377 181/387/381
f 181/387/381 233/383/377 232/388/382
f 181/387/381 232/388/382 118/389/383
f 118/389/383 232/388/382 195/390/384
f 195/390/384 232/388/382 231/382/376
f 231/382/376 232/388/382 233/383/377
f 73/391/385 235/392/386 180/393/387
f 180/393/387 235/392/386 257/394/388
f 180/393/387 257/394/388 182/395/389
f 182/395/389 257/394/388 183/396/390
f 183/396/390 257/394/388 256/397/391
f 183/396/390 256/397/391 184/398/392
f 184/398/392 256/397/391 255/399/393
f 184/398/392 255/399/393 185/400/394
f 185/400/394 255/399/393 186/401/395
f 186/401/395 255/399/393 254/402/396
f 186/401/395 254/402/396 187/403/397
f 187/403/397 254/402/396 253/404/398
f 187/403/397 253/404/398 188/405/399
f 188/405/399 253/404/398 252/406/400
f 188/405/399 252/406/400 189/407/401
f 189/407/401 252/406/400 251/408/402
f 189/407/401 251/408/402 190/409/403
f 190/409/403 251/408/402 191/410/404
f 191/410/404 251/408/402 250/411/405
f 191/410/404 250/411/405 192/412/406
f 192/412/406 250/411/405 249/413/407
f 192/412/406 249/413/407 193/414/408
f 193/414/408 249/413/407 248/415/409
f 193/414/408 248/415/409 194/416/410
f 194/416/410 248/415/409 99/417/411
f 194/416/410 99/417/411 154/418/412
f 235/392/386 236/419/413 257/394/388
f 257/394/388 236/419/413 256/397/391
f 236/419/413 237/420/414 256/397/391
f 256/397/391 237/420/414 255/399/393
f 237/420/414 238/421/415 255/399/393
f 255/399/393 238/421/415 239/422/416
f 255/399/393 239/422/416 254/402/396
f 254/402/396 239/422/416 240/423/417
f 254/402/396 240/423/417 253/404/398
f 253/404/398 240/423/417 241/424/418
f 253/404/398 241/424/418 252/406/400
f 252/406/400 241/424/418 242/425/419
f 252/406/400 242/425/419 251/408/402
f 251/408/402 242/425/419 243/426/420
f 251/408/402 243/426/420 244/427/421
f 251/408/402 244/427/421 250/411/405
f 250/411/405 244/427/421 245/428/422
f 250/411/405 245/428/422 249/413/407
f 249/413/407 245/428/422 246/429/423
f 249/413/407 246/429/423 248/415/409
f 248/415/409 246/429/423 247/430/424
f 248/415/409 247/430/424 99/417/411
f 229/431/425 223/432/426 230/433/427
f 230/433/427 223/432/426 222/434/428
f 230/433/427 222/434/428 221/435/429
f 229/431/425 228/436/430 223/432/426
f 223/432/426 228/436/430 227/437/431
f 223/432/426 227/437/431 226/438/432
f 226/438/432 225/439/433 223/432/426
f 223/432/426 225/439/433 224/440/434
f 220/441/435 215/442/436 221/435/429
f 221/435/429 215/442/436 214/443/437
f 221/435/429 214/443/437 213/444/438
f 220/441/435 219/445/439 215/442/436
f 215/442/436 219/445/439 216/446/440
f 216/446/440 219/445/439 217/447/441
f 217/447/441 219/445/439 218/448/442
f 212/449/443 204/450/444 213/444/438
f 213/444/438 204/450/444 195/451/445
f 213/444/438 195/451/445 230/433/427
f 212/449/443 211/452/446 204/450/444
f 204/450/444 211/452/446 205/453/447
f 205/453/447 211/452/446 210/454/448
f 205/453/447 210/454/448 209/455/449
f 209/455/449 208/456/450 205/453/447
f 205/453/447 208/456/450 207/457/451
f 205/453/447 207/457/451 206/458/452
f 204/450/444 203/459/453 195/451/445
f 195/451/445 203/459/453 196/460/454
f 196/460/454 203/459/453 197/461/455
f 197/461/455 203/459/453 202/462/456
f 197/461/455 202/462/456 198/463/457
f 198/463/457 202/462/456 199/464/458
f 199/464/458 202/462/456 200/465/459
f 200/465/459 202/462/456 201/466/460
f 221/435/429 213/444/438 230/433/427
f 23/467/89 114/468/91 34/469/461
f 34/469/461 114/468/91 36/470/462
f 36/470/462 114/468/91 258/471/463
f 36/470/462 258/471/463 275/472/464
f 275/472/464 258/471/463 259/473/465
f 275/472/464 259/473/465 261/474/466
f 261/474/466 259/473/465 260/475/467
f 261/474/466 262/476/468 275/472/464
f 275/472/464 262/476/468 276/477/469
f 275/472/464 276/477/469 273/478/470
f 273/478/470 276/477/469 272/479/471
f 273/478/470 272/479/471 62/480/127
f 262/476/468 263/481/472 276/477/469
f 276/477/469 263/481/472 277/482/473
f 276/477/469 277/482/473 267/483/474
f 267/483/474 277/482/473 236/484/475
f 267/483/474 236/484/475 72/485/148
f 72/485/148 236/484/475 235/486/476
f 72/485/148 235/486/476 73/487/150
f 264/488/477 265/489/478 263/481/472
f 263/481/472 265/489/478 277/482/473
f 265/489/478 266/490/479 277/482/473
f 277/482/473 266/490/479 241/491/480
f 277/482/473 241/491/480 240/492/481
f 100/493/167 246/494/482 266/490/479
f 266/490/479 246/494/482 245/495/483
f 266/490/479 245/495/483 244/496/484
f 99/497/171 247/498/485 100/493/167
f 100/493/167 247/498/485 246/494/482
f 244/496/484 243/499/486 266/490/479
f 266/490/479 243/499/486 242/500/487
f 266/490/479 242/500/487 241/491/480
f 240/492/481 239/501/488 277/482/473
f 277/482/473 239/501/488 238/502/489
f 277/482/473 238/502/489 237/503/490
f 237/503/490 236/484/475 277/482/473
f 267/483/474 268/504/491 276/477/469
f 276/477/469 268/504/491 271/505/492
f 276/477/469 271/505/492 272/479/471
f 268/504/491 269/506/493 271/505/492
f 271/505/492 269/506/493 270/507/494
f 62/480/127 61/508/144 273/478/470
f 273/478/470 274/509/495 275/472/464
f 275/472/464 274/509/495 38/510/496
f 275/472/464 38/510/496 36/470/462
f 38/510/496 274/509/495 42/511/497
f 42/511/497 274/509/495 47/512/136
f 42/511/497 47/512/136 24/513/138
f 24/513/138 44/514/498 42/511/497
f 278/515/499 279/516/500 281/517/501
f 281/517/501 279/516/500 280/518/502
f 294/519/503 282/520/504 292/521/505
f 292/521/505 282/520/504 283/522/506
f 292/521/505 283/522/506 291/523/507
f 291/523/507 283/522/506 284/524/508
f 291/523/507 284/524/508 288/525/509
f 288/525/509 284/524/508 285/526/510
f 288/525/509 285/526/510 287/527/511
f 287/527/511 285/526/510 278/528/499
f 287/527/511 278/528/499 281/529/501
f 281/529/501 286/530/512 287/527/511
f 289/531/513 290/532/514 288/525/509
f 288/525/509 290/532/514 291/523/507
f 292/521/505 293/533/515 294/519/503
f 278/534/516 47/535/517 295/536/518
f 295/536/518 47/535/517 274/537/519
f 295/536/518 274/537/519 279/538/520
f 279/538/520 278/534/516 295/536/518
f 279/539/521 274/540/522 296/541/523
f 296/541/523 274/540/522 273/542/524
f 296/541/523 273/542/524 280/543/525
f 280/543/525 279/539/521 296/541/523
f 280/544/526 273/545/527 297/546/528
f 297/546/528 273/545/527 61/547/529
f 297/546/528 61/547/529 281/548/530
f 281/548/530 280/544/526 297/546/528
f 51/549/531 50/550/532 282/551/533
f 282/551/533 50/550/532 283/552/534
f 283/552/534 50/550/532 49/553/535
f 283/552/534 49/553/535 284/554/536
f 284/554/536 49/553/535 48/555/537
f 284/554/536 48/555/537 285/556/538
f 285/556/538 48/555/537 47/557/539
f 285/556/538 47/557/539 278/558/540
f 61/559/541 60/560/542 281/561/543
f 281/561/543 60/560/542 286/562/544
f 59/563/545 287/564/546 60/565/547
f 60/565/547 287/564/546 286/566/548
f 58/567/549 288/568/550 59/569/551
f 59/569/551 288/568/550 287/570/552
f 58/571/553 57/572/554 288/573/555
f 288/573/555 57/572/554 289/574/556
f 56/575/557 290/576/558 57/577/559
f 57/577/559 290/576/558 289/578/560
f 55/579/561 291/580/562 56/581/563
f 56/581/563 291/580/562 290/582/564
f 54/583/565 292/584/566 55/585/567
f 55/585/567 292/584/566 291/586/568
f 54/587/569 53/588/570 292/589/571
f 292/589/571 53/588/570 293/590/572
f 52/591/573 294/592/574 53/593/575
f 53/593/575 294/592/574 293/594/576
f 51/595/577 282/596/578 52/597/579
f 52/597/579 282/596/578 294/598/580
f 195/599/445 231/600/581 230/601/427
f 298/602/582 299/603/583 301/604/584
f 301/604/584 299/603/583 300/605/585
f 302/606/586 303/607/587 305/608/588
f 305/608/588 303/607/587 304/609/589
f 316/610/590 306/611/591 315/612/592
f 315/612/592 306/611/591 298/613/582
f 315/612/592 298/613/582 307/614/593
f 307/614/593 298/613/582 301/615/584
f 307/614/593 308/616/594 315/612/592
f 315/612/592 308/616/594 312/617/595
f 315/612/592 312/617/595 314/618/596
f 314/618/596 312/617/595 313/619/597
f 302/620/586 310/621/598 308/616/594
f 308/616/594 310/621/598 311/622/599
f 308/616/594 311/622/599 312/617/595
f 305/623/588 309/624/600 302/620/586
f 302/620/586 309/624/600 310/621/598
f 298/625/601 62/626/602 317/627/603
f 317/627/603 62/626/602 272/628/604
f 317/627/603 272/628/604 299/629/605
f 299/629/605 298/625/601 317/627/603
f 299/630/606 272/631/607 318/632/608
f 318/632/608 272/631/607 271/633/609
f 318/632/608 271/633/609 300/634/610
f 300/634/610 299/630/606 318/632/608
f 300/635/611 271/636/612 319/637/613
f 319/637/613 271/636/612 270/638/614
f 319/637/613 270/638/614 301/639/615
f 301/639/615 300/635/611 319/637/613
f 302/640/616 269/641/617 320/642/618
f 320/642/618 269/641/617 268/643/619
f 320/642/618 268/643/619 303/644/620
f 303/644/620 302/640/616 320/642/618
f 303/645/621 268/646/622 321/647/623
f 321/647/623 268/646/622 267/648/624
f 321/647/623 267/648/624 304/649/625
f 304/649/625 303/645/621 321/647/623
f 304/650/626 267/651/627 322/652/628
f 322/652/628 267/651/627 72/653/629
f 322/652/628 72/653/629 305/654/630
f 305/654/630 304/650/626 322/652/628
f 63/655/631 62/656/632 306/657/633
f 306/657/633 62/656/632 298/658/634
f 323/659/635 307/660/636 270/661/637
f 270/661/637 307/660/636 301/662/638
f 324/663/639 308/664/640 323/665/641
f 323/665/641 308/664/640 307/666/642
f 324/667/643 269/668/644 308/669/645
f 308/669/645 269/668/644 302/670/646
f 72/671/647 71/672/648 305/673/649
f 305/673/649 71/672/648 309/674/650
f 309/674/650 71/672/648 70/675/651
f 309/674/650 70/675/651 310/676/652
f 310/676/652 70/675/651 69/677/653
f 310/676/652 69/677/653 311/678/654
f 311/678/654 69/677/653 68/679/655
f 311/678/654 68/679/655 312/680/656
f 67/681/657 313/682/658 68/683/659
f 68/683/659 313/682/658 312/684/660
f 66/685/661 314/686/662 67/687/663
f 67/687/663 314/686/662 313/688/664
f 66/689/665 65/690/666 314/691/667
f 314/691/667 65/690/666 315/692/668
f 64/693/669 316/694/670 65/695/671
f 65/695/671 316/694/670 315/696/672
f 63/697/673 306/698/674 64/699/675
f 64/699/675 306/698/674 316/700/676
f 270/701/494 269/702/493 323/703/677
f 323/703/677 269/702/493 324/704/678
f 345/705/679 325/706/680 344/707/681
f 344/707/681 325/706/680 326/708/682
f 344/707/681 326/708/682 343/709/683
f 343/709/683 326/708/682 327/710/684
f 343/709/683 327/710/684 342/711/685
f 342/711/685 327/710/684 328/712/686
f 342/711/685 328/712/686 341/713/687
f 341/713/687 328/712/686 329/714/688
f 341/713/687 329/714/688 340/715/689
f 340/715/689 329/714/688 339/716/690
f 339/716/690 329/714/688 330/717/691
f 339/716/690 330/717/691 338/718/692
f 338/718/692 330/717/691 331/719/693
f 338/718/692 331/719/693 332/720/694
f 338/718/692 332/720/694 337/721/695
f 337/721/695 332/720/694 333/722/696
f 337/721/695 333/722/696 336/723/697
f 336/723/697 333/722/696 334/724/698
f 336/723/697 334/724/698 335/725/699
f 347/726/700 353/727/701 346/728/702
f 346/728/702 353/727/701 354/729/703
f 346/728/702 354/729/703 366/730/704
f 366/730/704 354/729/703 355/731/705
f 366/730/704 355/731/705 356/732/706
f 353/727/701 347/726/700 352/733/707
f 352/733/707 347/726/700 348/734/708
f 352/733/707 348/734/708 351/735/709
f 351/735/709 348/734/708 349/736/710
f 351/735/709 349/736/710 350/737/711
f 366/730/704 356/732/706 365/738/712
f 365/738/712 356/732/706 357/739/713
f 365/738/712 357/739/713 364/740/714
f 364/740/714 357/739/713 358/741/715
f 364/740/714 358/741/715 363/742/716
f 363/742/716 358/741/715 362/743/717
f 362/743/717 358/741/715 359/744/718
f 362/743/717 359/744/718 361/745/719
f 361/745/719 359/744/718 360/746/720
f 367/747/721 325/748/680 368/749/722
f 368/749/722 325/748/680 345/750/679
f 380/751/723 369/752/724 379/753/725
f 379/753/725 369/752/724 370/754/726
f 379/753/725 370/754/726 378/755/727
f 378/755/727 370/754/726 371/756/728
f 378/755/727 371/756/728 377/757/729
f 377/757/729 371/756/728 372/758/730
f 377/757/729 372/758/730 376/759/731
f 376/759/731 372/758/730 373/760/732
f 376/759/731 373/760/732 375/761/733
f 375/761/733 373/760/732 374/762/734
f 375/761/733 374/762/734 368/763/722
f 368/763/722 374/762/734 367/764/721
f 334/765/698 381/766/735 335/767/699
f 335/767/699 381/766/735 382/768/736
f 383/769/737 361/770/719 384/771/738
f 384/771/738 361/770/719 360/772/720
f 385/773/739 369/774/724 386/775/740
f 386/775/740 369/774/724 380/776/723
f 382/777/736 381/778/735 414/779/741
f 414/779/741 381/778/735 387/780/742
f 414/779/741 387/780/742 413/781/743
f 413/781/743 387/780/742 388/782/744
f 413/781/743 388/782/744 389/783/745
f 413/781/743 389/783/745 412/784/746
f 412/784/746 389/783/745 390/785/747
f 412/784/746 390/785/747 411/786/748
f 411/786/748 390/785/747 391/787/749
f 411/786/748 391/787/749 410/788/750
f 410/788/750 391/787/749 409/789/751
f 409/789/751 391/787/749 392/790/752
f 409/789/751 392/790/752 408/791/753
f 408/791/753 392/790/752 393/792/754
f 408/791/753 393/792/754 407/793/755
f 407/793/755 393/792/754 394/794/756
f 407/793/755 394/794/756 406/795/757
f 406/795/757 394/794/756 395/796/758
f 406/795/757 395/796/758 405/797/759
f 405/797/759 395/796/758 396/798/760
f 405/797/759 396/798/760 397/799/761
f 398/800/762 403/801/763 397/799/761
f 397/799/761 403/801/763 404/802/764
f 397/799/761 404/802/764 405/797/759
f 403/801/763 398/800/762 402/803/765
f 402/803/765 398/800/762 399/804/766
f 402/803/765 399/804/766 401/805/767
f 401/805/767 399/804/766 400/806/768
f 416/807/769 426/808/770 415/809/771
f 415/809/771 426/808/770 427/810/772
f 415/809/771 427/810/772 442/811/773
f 442/811/773 427/810/772 428/812/774
f 442/811/773 428/812/774 441/813/775
f 441/813/775 428/812/774 429/814/776
f 441/813/775 429/814/776 440/815/777
f 440/815/777 429/814/776 430/816/778
f 440/815/777 430/816/778 439/817/779
f 439/817/779 430/816/778 438/818/780
f 438/818/780 430/816/778 431/819/781
f 438/818/780 431/819/781 437/820/782
f 437/820/782 431/819/781 432/821/783
f 437/820/782 432/821/783 436/822/784
f 436/822/784 432/821/783 433/823/785
f 436/822/784 433/823/785 435/824/786
f 435/824/786 433/823/785 434/825/787
f 417/826/788 424/827/789 416/807/769
f 416/807/769 424/827/789 425/828/790
f 416/807/769 425/828/790 426/808/770
f 424/827/789 417/826/788 423/829/791
f 423/829/791 417/826/788 418/830/792
f 423/829/791 418/830/792 419/831/793
f 423/829/791 419/831/793 422/832/794
f 422/832/794 419/831/793 420/833/795
f 422/832/794 420/833/795 421/834/796
f 421/834/796 420/833/795 383/835/737
f 421/834/796 383/835/737 384/836/738
f 454/837/797 443/838/798 453/839/799
f 453/839/799 443/838/798 444/840/800
f 453/839/799 444/840/800 452/841/801
f 452/841/801 444/840/800 445/842/802
f 452/841/801 445/842/802 451/843/803
f 451/843/803 445/842/802 446/844/804
f 451/843/803 446/844/804 450/845/805
f 450/845/805 446/844/804 447/846/806
f 450/845/805 447/846/806 449/847/807
f 449/847/807 447/846/806 448/848/808
f 449/847/807 448/848/808 386/849/740
f 386/849/740 448/848/808 385/850/739
f 400/851/768 443/852/798 401/853/767
f 401/853/767 443/852/798 454/854/797
f 455/855/809 435/856/786 456/857/810
f 456/857/810 435/856/786 434/858/787
f 468/859/811 457/860/812 467/861/813
f 467/861/813 457/860/812 458/862/814
f 467/861/813 458/862/814 466/863/815
f 466/863/815 458/862/814 459/864/816
f 466/863/815 459/864/816 465/865/817
f 465/865/817 459/864/816 460/866/818
f 465/865/817 460/866/818 464/867/819
f 464/867/819 460/866/818 461/868/820
f 464/867/819 461/868/820 463/869/821
f 463/869/821 461/868/820 462/870/822
f 463/869/821 462/870/822 456/871/810
f 456/871/810 462/870/822 455/872/809
f 469/873/823 457/874/812 470/875/824
f 470/875/824 457/874/812 468/876/811
f 482/877/825 471/878/826 481/879/827
f 481/879/827 471/878/826 472/880/828
f 481/879/827 472/880/828 480/881/829
f 480/881/829 472/880/828 473/882/830
f 480/881/829 473/882/830 479/883/831
f 479/883/831 473/882/830 474/884/832
f 479/883/831 474/884/832 478/885/833
f 478/885/833 474/884/832 475/886/834
f 478/885/833 475/886/834 477/887/835
f 477/887/835 475/886/834 476/888/836
f 477/887/835 476/888/836 470/889/824
f 470/889/824 476/888/836 469/890/823
f 349/891/710 471/892/826 350/893/711
f 350/893/711 471/892/826 482/894/825
f 366/895/837 512/896/838 346/897/839
f 346/897/839 512/896/838 513/898/840
f 346/897/839 513/898/840 514/899/841
f 365/900/842 509/901/843 366/895/837
f 366/895/837 509/901/843 510/902/844
f 366/895/837 510/902/844 511/903/845
f 509/901/843 365/900/842 508/904/846
f 508/904/846 365/900/842 364/905/847
f 508/904/846 364/905/847 507/906/848
f 507/906/848 364/905/847 363/907/849
f 507/906/848 363/907/849 362/908/850
f 362/908/850 361/909/851 507/906/848
f 507/906/848 361/909/851 506/910/852
f 506/910/852 361/909/851 383/911/853
f 506/910/852 383/911/853 505/912/854
f 505/912/854 383/911/853 504/913/855
f 504/913/855 383/911/853 517/914/856
f 504/913/855 517/914/856 502/915/857
f 502/915/857 517/914/856 501/916/858
f 501/916/858 517/914/856 500/917/859
f 500/917/859 517/914/856 499/918/860
f 499/918/860 517/914/856 498/919/861
f 498/919/861 517/914/856 497/920/862
f 497/920/862 517/914/856 494/921/863
f 497/920/862 494/921/863 496/922/864
f 496/922/864 494/921/863 495/923/865
f 517/914/856 383/911/853 493/924/866
f 493/924/866 383/911/853 420/925/867
f 493/924/866 420/925/867 419/926/868
f 419/926/868 418/927/869 493/924/866
f 493/924/866 418/927/869 492/928/870
f 492/928/870 418/927/869 417/929/871
f 492/928/870 417/929/871 416/930/872
f 415/931/873 488/932/874 416/930/872
f 416/930/872 488/932/874 489/933/875
f 416/930/872 489/933/875 490/934/876
f 483/935/877 484/936/878 415/931/873
f 415/931/873 484/936/878 485/937/879
f 415/931/873 485/937/879 486/938/880
f 486/938/880 487/939/881 415/931/873
f 415/931/873 487/939/881 488/932/874
f 490/934/876 491/940/882 416/930/872
f 416/930/872 491/940/882 492/928/870
f 493/924/866 494/921/863 517/914/856
f 502/915/857 503/941/883 504/913/855
f 511/903/845 512/896/838 366/895/837
f 514/899/841 515/942/884 346/897/839
f 346/897/839 515/942/884 516/943/885
f 415/944/886 442/945/887 483/946/888
f 483/946/888 442/945/887 441/947/889
f 483/946/888 441/947/889 440/948/890
f 440/949/890 439/950/891 483/951/888
f 483/951/888 439/950/891 484/952/892
f 484/952/892 439/950/891 518/953/893
f 484/952/892 518/953/893 526/954/894
f 526/954/894 518/953/893 519/955/895
f 526/954/894 519/955/895 527/956/896
f 527/956/896 519/955/895 520/957/897
f 527/956/896 520/957/897 528/958/898
f 528/958/898 520/957/897 521/959/899
f 528/958/898 521/959/899 529/960/900
f 529/960/900 521/959/899 522/961/901
f 529/960/900 522/961/901 530/962/902
f 530/962/902 522/961/901 523/963/903
f 530/962/902 523/963/903 525/964/904
f 525/964/904 523/963/903 524/965/905
f 439/950/891 438/966/906 518/953/893
f 492/967/907 491/968/908 525/964/904
f 525/964/904 491/968/908 530/962/902
f 491/968/908 490/969/909 530/962/902
f 530/962/902 490/969/909 529/960/900
f 490/969/909 489/970/910 529/960/900
f 529/960/900 489/970/910 488/971/911
f 529/960/900 488/971/911 528/958/898
f 528/958/898 488/971/911 487/972/912
f 528/958/898 487/972/912 527/956/896
f 527/956/896 487/972/912 486/973/913
f 527/956/896 486/973/913 526/954/894
f 526/954/894 486/973/913 485/974/914
f 526/954/894 485/974/914 484/952/892
f 395/975/915 394/976/916 531/977/917
f 531/977/917 394/976/916 393/978/918
f 531/977/917 393/978/918 392/979/919
f 328/980/920 327/981/921 544/982/922
f 544/982/922 327/981/921 543/983/923
f 543/983/923 327/981/921 326/984/924
f 543/983/923 326/984/924 325/985/925
f 325/985/925 367/986/926 543/983/923
f 543/983/923 367/986/926 542/987/927
f 542/987/927 367/986/926 374/988/928
f 542/987/927 374/988/928 373/989/929
f 373/989/929 372/990/930 542/987/927
f 542/987/927 372/990/930 541/991/931
f 541/991/931 372/990/930 371/992/932
f 541/991/931 371/992/932 370/993/933
f 541/991/931 370/993/933 545/994/934
f 545/994/934 370/993/933 369/995/935
f 545/994/934 369/995/935 385/996/936
f 385/996/936 448/997/937 545/994/934
f 545/994/934 448/997/937 534/998/938
f 545/994/934 534/998/938 535/999/939
f 448/997/937 447/1000/940 534/998/938
f 534/998/938 447/1000/940 533/1001/941
f 533/1001/941 447/1000/940 532/1002/942
f 532/1002/942 447/1000/940 446/1003/943
f 532/1002/942 446/1003/943 445/1004/944
f 445/1004/944 444/1005/945 532/1002/942
f 532/1002/942 444/1005/945 443/1006/946
f 532/1002/942 443/1006/946 400/1007/947
f 400/1007/947 399/1008/948 532/1002/942
f 532/1002/942 399/1008/948 398/1009/949
f 532/1002/942 398/1009/949 397/1010/950
f 535/999/939 536/1011/951 545/994/934
f 545/994/934 536/1011/951 539/1012/952
f 545/994/934 539/1012/952 541/991/931
f 541/991/931 539/1012/952 540/1013/953
f 536/1011/951 537/1014/954 539/1012/952
f 539/1012/952 537/1014/954 538/1015/955
f 576/1016/956 340/1017/957 575/1018/958
f 575/1018/958 340/1017/957 339/1019/959
f 575/1018/958 339/1019/959 574/1020/960
f 574/1020/960 339/1019/959 573/1021/961
f 573/1021/961 339/1019/959 338/1022/962
f 573/1021/961 338/1022/962 572/1023/963
f 572/1023/963 338/1022/962 337/1024/964
f 572/1023/963 337/1024/964 336/1025/965
f 572/1023/963 336/1025/965 571/1026/966
f 571/1026/966 336/1025/965 335/1027/967
f 571/1026/966 335/1027/967 382/1028/968
f 414/1029/969 112/1030/970 382/1028/968
f 382/1028/968 112/1030/970 577/1031/971
f 382/1028/968 577/1031/971 571/1026/966
f 571/1026/966 577/1031/971 570/1032/972
f 570/1032/972 577/1031/971 569/1033/973
f 569/1033/973 577/1031/971 568/1034/974
f 568/1034/974 577/1031/971 578/1035/975
f 568/1034/974 578/1035/975 567/1036/976
f 567/1036/976 578/1035/975 563/1037/977
f 567/1036/976 563/1037/977 566/1038/978
f 566/1038/978 563/1037/977 564/1039/979
f 566/1038/978 564/1039/979 565/1040/980
f 414/1029/969 413/1041/981 112/1030/970
f 112/1030/970 413/1041/981 551/1042/982
f 551/1042/982 413/1041/981 412/1043/983
f 551/1042/982 412/1043/983 550/1044/984
f 550/1044/984 412/1043/983 411/1045/985
f 550/1044/984 411/1045/985 549/1046/986
f 549/1046/986 411/1045/985 548/1047/987
f 548/1047/987 411/1045/985 547/1048/988
f 547/1048/988 411/1045/985 410/1049/989
f 547/1048/988 410/1049/989 546/1050/990
f 112/1030/970 111/1051/991 577/1031/971
f 577/1031/971 111/1051/991 578/1035/975
f 111/1051/991 110/1052/992 578/1035/975
f 578/1035/975 110/1052/992 109/1053/993
f 578/1035/975 109/1053/993 558/1054/994
f 558/1054/994 109/1053/993 552/1055/995
f 558/1054/994 552/1055/995 555/1056/996
f 555/1056/996 552/1055/995 553/1057/997
f 555/1056/996 553/1057/997 554/1058/998
f 556/1059/999 557/1060/1000 555/1056/996
f 555/1056/996 557/1060/1000 558/1054/994
f 558/1054/994 559/1061/1001 578/1035/975
f 578/1035/975 559/1061/1001 560/1062/1002
f 578/1035/975 560/1062/1002 561/1063/1003
f 561/1063/1003 562/1064/1004 578/1035/975
f 578/1035/975 562/1064/1004 563/1037/977
f 409/1065/1005 579/1066/1006 410/1067/989
f 410/1067/989 579/1066/1006 581/1068/1007
f 410/1067/989 581/1068/1007 582/1069/1008
f 579/1066/1006 580/1070/1009 581/1068/1007
f 582/1069/1008 546/1071/990 410/1067/989
f 341/1072/1010 340/1073/957 584/1074/1011
f 584/1074/1011 340/1073/957 583/1075/1012
f 583/1075/1012 340/1073/957 576/1076/956
f 409/1077/1013 408/1078/1014 579/1079/1015
f 579/1079/1015 408/1078/1014 407/1080/1016
f 579/1079/1015 407/1080/1016 406/1081/1017
f 406/1082/1017 405/1083/1018 579/1084/1015
f 579/1084/1015 405/1083/1018 580/1085/1019
f 580/1085/1019 405/1083/1018 585/1086/1020
f 580/1085/1019 585/1086/1020 591/1087/1021
f 591/1087/1021 585/1086/1020 586/1088/1022
f 591/1087/1021 586/1088/1022 592/1089/1023
f 592/1089/1023 586/1088/1022 587/1090/1024
f 592/1089/1023 587/1090/1024 593/1091/1025
f 593/1091/1025 587/1090/1024 588/1092/1026
f 593/1091/1025 588/1092/1026 594/1093/1027
f 594/1093/1027 588/1092/1026 589/1094/1028
f 594/1093/1027 589/1094/1028 595/1095/1029
f 595/1095/1029 589/1094/1028 590/1096/1030
f 595/1095/1029 590/1096/1030 113/1097/93
f 113/1097/93 590/1096/1030 114/1098/91
f 405/1083/1018 404/1099/1031 585/1086/1020
f 113/1097/93 112/1100/95 595/1095/1029
f 595/1095/1029 112/1100/95 551/1101/1032
f 595/1095/1029 551/1101/1032 594/1093/1027
f 594/1093/1027 551/1101/1032 550/1102/1033
f 594/1093/1027 550/1102/1033 549/1103/1034
f 594/1093/1027 549/1103/1034 593/1091/1025
f 593/1091/1025 549/1103/1034 548/1104/1035
f 593/1091/1025 548/1104/1035 547/1105/1036
f 593/1091/1025 547/1105/1036 592/1089/1023
f 592/1089/1023 547/1105/1036 546/1106/1037
f 592/1089/1023 546/1106/1037 591/1087/1021
f 591/1087/1021 546/1106/1037 582/1107/1038
f 591/1087/1021 582/1107/1038 581/1108/1039
f 581/1108/1039 580/1085/1019 591/1087/1021
f 426/1109/1040 425/1110/1041 600/1111/1042
f 600/1111/1042 425/1110/1041 598/1112/1043
f 600/1111/1042 598/1112/1043 599/1113/1044
f 596/1114/1045 597/1115/1046 425/1110/1041
f 425/1110/1041 597/1115/1046 598/1112/1043
f 429/1116/1047 428/1117/1048 600/1118/1049
f 600/1118/1049 428/1117/1048 427/1119/1050
f 600/1118/1049 427/1119/1050 426/1120/1051
f 354/1121/1052 353/1122/1053 613/1123/1054
f 613/1123/1054 353/1122/1053 352/1124/1055
f 613/1123/1054 352/1124/1055 612/1125/1056
f 612/1125/1056 352/1124/1055 351/1126/1057
f 612/1125/1056 351/1126/1057 350/1127/1058
f 350/1127/1058 482/1128/1059 612/1125/1056
f 612/1125/1056 482/1128/1059 611/1129/1060
f 611/1129/1060 482/1128/1059 481/1130/1061
f 611/1129/1060 481/1130/1061 480/1131/1062
f 480/1131/1062 479/1132/1063 611/1129/1060
f 611/1129/1060 479/1132/1063 610/1133/1064
f 610/1133/1064 479/1132/1063 478/1134/1065
f 610/1133/1064 478/1134/1065 477/1135/1066
f 610/1133/1064 477/1135/1066 614/1136/1067
f 614/1136/1067 477/1135/1066 470/1137/1068
f 614/1136/1067 470/1137/1068 468/1138/1069
f 468/1138/1069 467/1139/1070 614/1136/1067
f 614/1136/1067 467/1139/1070 603/1140/1071
f 614/1136/1067 603/1140/1071 604/1141/1072
f 467/1139/1070 466/1142/1073 603/1140/1071
f 603/1140/1071 466/1142/1073 602/1143/1074
f 602/1143/1074 466/1142/1073 601/1144/1075
f 601/1144/1075 466/1142/1073 465/1145/1076
f 601/1144/1075 465/1145/1076 464/1146/1077
f 464/1146/1077 463/1147/1078 601/1144/1075
f 601/1144/1075 463/1147/1078 456/1148/1079
f 601/1144/1075 456/1148/1079 434/1149/1080
f 434/1149/1080 433/1150/1081 601/1144/1075
f 601/1144/1075 433/1150/1081 432/1151/1082
f 601/1144/1075 432/1151/1082 431/1152/1083
f 604/1141/1072 605/1153/1084 614/1136/1067
f 614/1136/1067 605/1153/1084 608/1154/1085
f 614/1136/1067 608/1154/1085 610/1133/1064
f 610/1133/1064 608/1154/1085 609/1155/1086
f 605/1153/1084 606/1156/1087 608/1154/1085
f 608/1154/1085 606/1156/1087 607/1157/1088
f 615/1158/1089 616/1159/1090 618/1160/1091
f 618/1160/1091 616/1159/1090 617/1161/1092
f 620/1162/1093 672/1163/1094 619/1164/1095
f 619/1164/1095 672/1163/1094 673/1165/1096
f 619/1164/1095 673/1165/1096 648/1166/1097
f 648/1166/1097 673/1165/1096 674/1167/1098
f 648/1166/1097 674/1167/1098 675/1168/1099
f 672/1163/1094 620/1162/1093 671/1169/1100
f 671/1169/1100 620/1162/1093 621/1170/1101
f 671/1169/1100 621/1170/1101 670/1171/1102
f 670/1171/1102 621/1170/1101 622/1172/1103
f 670/1171/1102 622/1172/1103 669/1173/1104
f 669/1173/1104 622/1172/1103 623/1174/1105
f 669/1173/1104 623/1174/1105 668/1175/1106
f 668/1175/1106 623/1174/1105 624/1176/1107
f 668/1175/1106 624/1176/1107 667/1177/1108
f 667/1177/1108 624/1176/1107 625/1178/1109
f 667/1177/1108 625/1178/1109 666/1179/1110
f 666/1179/1110 625/1178/1109 665/1180/1111
f 665/1180/1111 625/1178/1109 626/1181/1112
f 665/1180/1111 626/1181/1112 664/1182/1113
f 664/1182/1113 626/1181/1112 627/1183/1114
f 664/1182/1113 627/1183/1114 663/1184/1115
f 663/1184/1115 627/1183/1114 628/1185/1116
f 663/1184/1115 628/1185/1116 662/1186/1117
f 662/1186/1117 628/1185/1116 629/1187/1118
f 662/1186/1117 629/1187/1118 661/1188/1119
f 661/1188/1119 629/1187/1118 630/1189/1120
f 661/1188/1119 630/1189/1120 660/1190/1121
f 660/1190/1121 630/1189/1120 631/1191/1122
f 660/1190/1121 631/1191/1122 659/1192/1123
f 659/1192/1123 631/1191/1122 632/1193/1124
f 659/1192/1123 632/1193/1124 658/1194/1125
f 658/1194/1125 632/1193/1124 657/1195/1126
f 657/1195/1126 632/1193/1124 633/1196/1127
f 657/1195/1126 633/1196/1127 656/1197/1128
f 656/1197/1128 633/1196/1127 634/1198/1129
f 656/1197/1128 634/1198/1129 655/1199/1130
f 655/1200/1130 634/1201/1129 654/1202/1131
f 654/1202/1131 634/1201/1129 635/1203/1132
f 654/1202/1131 635/1203/1132 653/1204/1133
f 653/1204/1133 635/1203/1132 652/1205/1134
f 652/1205/1134 635/1203/1132 636/1206/1135
f 652/1205/1134 636/1206/1135 651/1207/1136
f 651/1207/1136 636/1206/1135 637/1208/1137
f 651/1207/1136 637/1208/1137 650/1209/1138
f 650/1209/1138 637/1208/1137 638/1210/1139
f 650/1209/1138 638/1210/1139 649/1211/1140
f 649/1211/1140 638/1210/1139 639/1212/1141
f 649/1211/1140 639/1212/1141 616/1213/1142
f 616/1213/1142 639/1212/1141 617/1214/1143
f 617/1214/1143 639/1212/1141 640/1215/1144
f 617/1214/1143 640/1215/1144 618/1216/1145
f 618/1216/1145 640/1215/1144 641/1217/1146
f 618/1216/1145 641/1217/1146 615/1218/1147
f 615/1218/1147 641/1217/1146 683/1219/1148
f 683/1219/1148 641/1217/1146 642/1220/1149
f 683/1219/1148 642/1220/1149 682/1221/1150
f 682/1221/1150 642/1220/1149 643/1222/1151
f 682/1221/1150 643/1222/1151 681/1223/1152
f 681/1223/1152 643/1222/1151 644/1224/1153
f 681/1223/1152 644/1224/1153 680/1225/1154
f 680/1225/1154 644/1224/1153 645/1226/1155
f 680/1225/1154 645/1226/1155 679/1227/1156
f 679/1227/1156 645/1226/1155 678/1228/1157
f 678/1228/1157 645/1226/1155 646/1229/1158
f 678/1228/1157 646/1229/1158 677/1230/1159
f 677/1230/1159 646/1229/1158 676/1231/1160
f 676/1231/1160 646/1229/1158 647/1232/1161
f 676/1231/1160 647/1232/1161 675/1168/1099
f 675/1168/1099 647/1232/1161 648/1166/1097
f 649/1233/1162 616/1234/1163 693/1235/1164
f 693/1235/1164 616/1234/1163 692/1236/1165
f 692/1236/1165 616/1234/1163 689/1237/1166
f 692/1236/1165 689/1237/1166 691/1238/1167
f 691/1238/1167 689/1237/1166 690/1239/1168
f 689/1237/1166 616/1234/1163 688/1240/1169
f 688/1240/1169 616/1234/1163 615/1241/1170
f 688/1240/1169 615/1241/1170 685/1242/1171
f 685/1242/1171 615/1241/1170 684/1243/1172
f 684/1243/1172 615/1241/1170 683/1244/1173
f 685/1242/1171 686/1245/1174 688/1240/1169
f 688/1240/1169 686/1245/1174 687/1246/1175
f 684/1247/1176 679/1248/1177 685/1249/1178
f 685/1249/1178 679/1248/1177 678/1250/1179
f 685/1249/1178 678/1250/1179 677/1251/1180
f 676/1252/1181 695/1253/1182 677/1251/1180
f 677/1251/1180 695/1253/1182 699/1254/1183
f 677/1251/1180 699/1254/1183 685/1249/1178
f 685/1249/1178 699/1254/1183 686/1255/1184
f 686/1255/1184 699/1254/1183 687/1256/1185
f 687/1256/1185 699/1254/1183 496/1257/864
f 687/1256/1185 496/1257/864 698/1258/1186
f 698/1258/1186 496/1257/864 697/1259/1187
f 697/1259/1187 496/1257/864 696/1260/1188
f 696/1260/1188 496/1257/864 495/1261/865
f 675/1262/1189 694/1263/1190 676/1252/1181
f 676/1252/1181 694/1263/1190 695/1253/1182
f 497/1264/862 496/1257/864 695/1253/1182
f 695/1253/1182 496/1257/864 699/1254/1183
f 683/1265/1191 682/1266/1192 684/1267/1193
f 684/1267/1193 682/1266/1192 681/1268/1194
f 684/1267/1193 681/1268/1194 680/1269/1195
f 680/1269/1195 679/1270/1196 684/1267/1193
f 675/1271/1197 674/1272/1198 694/1273/1199
f 694/1273/1199 674/1272/1198 673/1274/1200
f 694/1273/1199 673/1274/1200 700/1275/1201
f 700/1275/1201 673/1274/1200 672/1276/1202
f 660/1277/1203 659/1278/1204 702/1279/1205
f 702/1279/1205 659/1278/1204 701/1280/1206
f 701/1280/1206 659/1278/1204 658/1281/1207
f 701/1280/1206 658/1281/1207 657/1282/1208
f 703/1283/1209 690/1284/1168 705/1285/1210
f 705/1285/1210 690/1284/1168 689/1286/1166
f 705/1285/1210 689/1286/1166 688/1287/1169
f 705/1285/1210 688/1287/1169 704/1288/1211
f 704/1288/1211 688/1287/1169 687/1289/1175
f 704/1288/1211 687/1289/1175 698/1290/1212
f 706/1291/1213 707/1292/1214 714/1293/1215
f 714/1293/1215 707/1292/1214 715/1294/1216
f 714/1293/1215 715/1294/1216 713/1295/1217
f 713/1295/1217 715/1294/1216 710/1296/1218
f 713/1295/1217 710/1296/1218 712/1297/1219
f 712/1297/1219 710/1296/1218 711/1298/1220
f 707/1292/1214 708/1299/1221 715/1294/1216
f 715/1294/1216 708/1299/1221 710/1296/1218
f 708/1299/1221 709/1300/1222 710/1296/1218
f 709/1301/1223 708/1302/1224 726/1303/1225
f 726/1303/1225 708/1302/1224 729/1304/1226
f 726/1303/1225 729/1304/1226 728/1305/1227
f 728/1305/1227 729/1304/1226 716/1306/1228
f 728/1305/1227 716/1306/1228 717/1307/1229
f 708/1302/1224 707/1308/1230 729/1304/1226
f 729/1304/1226 707/1308/1230 706/1309/1231
f 729/1304/1226 706/1309/1231 716/1306/1228
f 728/1305/1227 717/1307/1229 730/1310/1232
f 730/1310/1232 717/1307/1229 718/1311/1233
f 730/1310/1232 718/1311/1233 731/1312/1234
f 731/1312/1234 718/1311/1233 732/1313/1235
f 731/1312/1234 732/1313/1235 724/1314/1236
f 724/1314/1236 732/1313/1235 723/1315/1237
f 723/1315/1237 732/1313/1235 733/1316/1238
f 723/1315/1237 733/1316/1238 722/1317/1239
f 722/1317/1239 733/1316/1238 720/1318/1240
f 722/1317/1239 720/1318/1240 727/1319/1241
f 727/1319/1241 720/1318/1240 721/1320/1242
f 727/1319/1241 721/1320/1242 722/1317/1239
f 718/1311/1233 719/1321/1243 732/1313/1235
f 732/1313/1235 719/1321/1243 733/1316/1238
f 719/1321/1243 720/1318/1240 733/1316/1238
f 731/1312/1234 724/1314/1236 730/1310/1232
f 730/1310/1232 724/1314/1236 725/1322/1244
f 730/1310/1232 725/1322/1244 728/1305/1227
f 728/1305/1227 725/1322/1244 726/1303/1225
f 714/1323/1215 713/1324/1245 741/1325/1246
f 741/1325/1246 713/1324/1245 734/1326/1247
f 741/1325/1246 734/1326/1247 735/1327/1248
f 713/1324/1245 712/1328/1249 734/1326/1247
f 734/1326/1247 712/1328/1249 711/1329/1250
f 736/1330/1251 737/1331/1252 735/1327/1248
f 735/1327/1248 737/1331/1252 740/1332/1253
f 735/1327/1248 740/1332/1253 741/1325/1246
f 737/1331/1252 738/1333/1254 740/1332/1253
f 740/1332/1253 738/1333/1254 739/1334/1255
f 742/1335/1256 743/1336/1257 746/1337/1258
f 746/1337/1258 743/1336/1257 744/1338/1259
f 746/1337/1258 744/1338/1259 747/1339/1260
f 747/1339/1260 744/1338/1259 745/1340/1261
f 747/1339/1260 745/1340/1261 738/1341/1262
f 738/1341/1262 745/1340/1261 739/1342/1255
f 738/1341/1262 737/1343/1263 747/1339/1260
f 747/1339/1260 737/1343/1263 746/1337/1258
f 737/1343/1263 736/1344/1264 746/1337/1258
f 743/1345/1265 742/1346/1266 759/1347/1267
f 759/1347/1267 742/1346/1266 748/1348/1268
f 759/1347/1267 748/1348/1268 760/1349/1269
f 760/1349/1269 748/1348/1268 749/1350/1270
f 760/1349/1269 749/1350/1270 761/1351/1271
f 761/1351/1271 749/1350/1270 750/1352/1272
f 761/1351/1271 750/1352/1272 762/1353/1273
f 762/1353/1273 750/1352/1272 763/1354/1274
f 762/1353/1273 763/1354/1274 756/1355/1275
f 756/1355/1275 763/1354/1274 755/1356/1276
f 755/1356/1276 763/1354/1274 764/1357/1277
f 755/1356/1276 764/1357/1277 754/1358/1278
f 754/1358/1278 764/1357/1277 752/1359/1279
f 754/1358/1278 752/1359/1279 765/1360/1280
f 765/1360/1280 752/1359/1279 753/1361/1281
f 765/1360/1280 753/1361/1281 754/1358/1278
f 750/1352/1272 751/1362/1282 763/1354/1274
f 763/1354/1274 751/1362/1282 764/1357/1277
f 751/1362/1282 752/1359/1279 764/1357/1277
f 762/1353/1273 756/1355/1275 761/1351/1271
f 761/1351/1271 756/1355/1275 757/1363/1283
f 761/1351/1271 757/1363/1283 760/1349/1269
f 760/1349/1269 757/1363/1283 758/1364/1284
f 760/1349/1269 758/1364/1284 759/1347/1267
f 759/1347/1267 758/1364/1284 744/1365/1285
f 759/1347/1267 744/1365/1285 743/1345/1265
f 758/1364/1284 745/1366/1286 744/1365/1285
f 524/1367/905 766/1368/1287 778/1369/1288
f 778/1369/1288 766/1368/1287 779/1370/1289
f 778/1369/1288 779/1370/1289 780/1371/1290
f 780/1371/1290 779/1370/1289 770/1372/1291
f 780/1371/1290 770/1372/1291 771/1373/1292
f 766/1368/1287 767/1374/1293 779/1370/1289
f 779/1370/1289 767/1374/1293 769/1375/1294
f 779/1370/1289 769/1375/1294 770/1372/1291
f 767/1374/1293 768/1376/1295 769/1375/1294
f 772/1377/1296 773/1378/1297 771/1373/1292
f 771/1373/1292 773/1378/1297 781/1379/1298
f 771/1373/1292 781/1379/1298 780/1371/1290
f 780/1371/1290 781/1379/1298 777/1380/1299
f 780/1371/1290 777/1380/1299 778/1369/1288
f 773/1378/1297 774/1381/1300 781/1379/1298
f 781/1379/1298 774/1381/1300 776/1382/1301
f 781/1379/1298 776/1382/1301 777/1380/1299
f 774/1381/1300 775/1383/1302 776/1382/1301
f 696/1384/1303 495/1385/1304 789/1386/1305
f 789/1386/1305 495/1385/1304 494/1387/1306
f 789/1386/1305 494/1387/1306 493/1388/1307
f 493/1388/1307 492/1389/907 789/1386/1305
f 789/1386/1305 492/1389/907 525/1390/904
f 789/1386/1305 525/1390/904 778/1391/1288
f 778/1391/1288 525/1390/904 524/1392/905
f 789/1386/1305 778/1391/1288 790/1393/1308
f 790/1393/1308 778/1391/1288 777/1394/1299
f 790/1393/1308 777/1394/1299 791/1395/1309
f 791/1395/1309 777/1394/1299 776/1396/1301
f 791/1395/1309 776/1396/1301 782/1397/1310
f 782/1397/1310 776/1396/1301 775/1398/1302
f 782/1397/1310 783/1399/1311 791/1395/1309
f 791/1395/1309 783/1399/1311 784/1400/1312
f 791/1395/1309 784/1400/1312 785/1401/1313
f 785/1401/1313 786/1402/1314 791/1395/1309
f 791/1395/1309 786/1402/1314 787/1403/1315
f 791/1395/1309 787/1403/1315 788/1404/1316
f 788/1404/1316 703/1405/1317 791/1395/1309
f 791/1395/1309 703/1405/1317 705/1406/1210
f 791/1395/1309 705/1406/1210 790/1393/1308
f 790/1393/1308 705/1406/1210 704/1407/1211
f 790/1393/1308 704/1407/1211 789/1386/1305
f 789/1386/1305 704/1407/1211 698/1408/1318
f 789/1386/1305 698/1408/1318 697/1409/1319
f 697/1409/1319 696/1384/1303 789/1386/1305
f 333/1410/1320 801/1411/1321 334/1412/1322
f 334/1412/1322 801/1411/1321 802/1413/1323
f 334/1412/1322 802/1413/1323 803/1414/1324
f 801/1411/1321 333/1410/1320 800/1415/1325
f 800/1415/1325 333/1410/1320 332/1416/1326
f 800/1415/1325 332/1416/1326 331/1417/1327
f 800/1415/1325 331/1417/1327 799/1418/1328
f 799/1418/1328 331/1417/1327 330/1419/1329
f 799/1418/1328 330/1419/1329 798/1420/1330
f 798/1420/1330 330/1419/1329 329/1421/1331
f 798/1420/1330 329/1421/1331 797/1422/1332
f 797/1422/1332 329/1421/1331 796/1423/1333
f 796/1423/1333 329/1421/1331 795/1424/1334
f 795/1424/1334 329/1421/1331 794/1425/1335
f 794/1425/1335 329/1421/1331 793/1426/1336
f 793/1426/1336 329/1421/1331 544/1427/1337
f 793/1426/1336 544/1427/1337 792/1428/1338
f 329/1421/1331 328/1429/1339 544/1427/1337
f 334/1412/1322 803/1414/1324 820/1430/1340
f 820/1430/1340 803/1414/1324 804/1431/1341
f 820/1430/1340 804/1431/1341 805/1432/1342
f 805/1432/1342 806/1433/1343 820/1430/1340
f 820/1430/1340 806/1433/1343 807/1434/1344
f 820/1430/1340 807/1434/1344 808/1435/1345
f 808/1435/1345 809/1436/1346 820/1430/1340
f 820/1430/1340 809/1436/1346 811/1437/1347
f 820/1430/1340 811/1437/1347 785/1438/1348
f 785/1438/1348 811/1437/1347 786/1439/1349
f 809/1436/1346 810/1440/1350 811/1437/1347
f 785/1438/1348 784/1441/1351 820/1430/1340
f 820/1430/1340 784/1441/1351 334/1412/1322
f 783/1442/1352 388/1443/1353 784/1441/1351
f 784/1441/1351 388/1443/1353 387/1444/1354
f 784/1441/1351 387/1444/1354 381/1445/1355
f 812/1446/1356 391/1447/1357 783/1442/1352
f 783/1442/1352 391/1447/1357 390/1448/1358
f 783/1442/1352 390/1448/1358 389/1449/1359
f 812/1446/1356 813/1450/1360 391/1447/1357
f 391/1447/1357 813/1450/1360 814/1451/1361
f 391/1447/1357 814/1451/1361 815/1452/1362
f 815/1452/1362 816/1453/1363 391/1447/1357
f 391/1447/1357 816/1453/1363 392/1454/1364
f 392/1454/1364 816/1453/1363 817/1455/1365
f 392/1454/1364 817/1455/1365 818/1456/1366
f 818/1456/1366 819/1457/1367 392/1454/1364
f 392/1454/1364 819/1457/1367 531/1458/1368
f 389/1449/1359 388/1443/1353 783/1442/1352
f 381/1445/1355 334/1412/1322 784/1441/1351
f 701/1459/1369 657/1460/1370 821/1461/1371
f 821/1461/1371 657/1460/1370 656/1462/1372
f 821/1461/1371 656/1462/1372 655/1463/1373
f 821/1461/1371 655/1463/1373 822/1464/1374
f 822/1464/1374 655/1463/1373 654/1465/1375
f 822/1464/1374 654/1465/1375 692/1466/1376
f 692/1466/1376 654/1465/1375 693/1467/1377
f 693/1467/1377 654/1465/1375 653/1468/1378
f 692/1466/1376 691/1469/1379 822/1464/1374
f 822/1464/1374 691/1469/1379 690/1470/1380
f 822/1464/1374 690/1470/1380 811/1471/1347
f 811/1471/1347 690/1470/1380 703/1472/1381
f 811/1471/1347 703/1472/1381 788/1473/1382
f 788/1473/1382 787/1474/1383 811/1471/1347
f 811/1471/1347 787/1474/1383 786/1475/1349
f 810/1476/1350 821/1461/1371 811/1471/1347
f 811/1471/1347 821/1461/1371 822/1464/1374
f 653/1477/1384 652/1478/1385 693/1479/1386
f 693/1479/1386 652/1478/1385 651/1480/1387
f 693/1479/1386 651/1480/1387 650/1481/1388
f 650/1481/1388 649/1482/1389 693/1479/1386
f 503/1483/1390 502/1484/1391 826/1485/1392
f 826/1485/1392 502/1484/1391 827/1486/1393
f 826/1485/1392 827/1486/1393 829/1487/1394
f 829/1487/1394 827/1486/1393 832/1488/1395
f 829/1487/1394 832/1488/1395 825/1489/1396
f 825/1489/1396 832/1488/1395 831/1490/1397
f 825/1489/1396 831/1490/1397 828/1491/1398
f 828/1491/1398 831/1490/1397 830/1492/1399
f 828/1491/1398 830/1492/1399 834/1493/1400
f 834/1493/1400 830/1492/1399 499/1494/1401
f 834/1493/1400 499/1494/1401 498/1495/1402
f 502/1484/1391 501/1496/1403 827/1486/1393
f 827/1486/1393 501/1496/1403 500/1497/1404
f 827/1486/1393 500/1497/1404 833/1498/1405
f 833/1498/1405 500/1497/1404 830/1492/1399
f 833/1498/1405 830/1492/1399 831/1490/1397
f 500/1497/1404 499/1494/1401 830/1492/1399
f 497/1499/862 823/1500/1406 498/1495/1402
f 498/1495/1402 823/1500/1406 834/1493/1400
f 834/1493/1400 823/1500/1406 828/1491/1398
f 828/1491/1398 823/1500/1406 824/1501/1407
f 828/1491/1398 824/1501/1407 825/1489/1396
f 825/1489/1396 826/1485/1392 829/1487/1394
f 832/1488/1395 827/1486/1393 833/1498/1405
f 832/1488/1395 833/1498/1405 831/1490/1397
f 804/1502/1408 835/1503/1409 805/1504/1410
f 805/1504/1410 835/1503/1409 843/1505/1411
f 805/1504/1410 843/1505/1411 806/1506/1412
f 806/1506/1412 843/1505/1411 842/1507/1413
f 806/1506/1412 842/1507/1413 807/1508/1414
f 807/1508/1414 842/1507/1413 845/1509/1415
f 807/1508/1414 845/1509/1415 808/1510/1416
f 808/1510/1416 845/1509/1415 848/1511/1417
f 808/1510/1416 848/1511/1417 840/1512/1418
f 840/1512/1418 848/1511/1417 847/1513/1419
f 840/1512/1418 847/1513/1419 839/1514/1420
f 839/1514/1420 847/1513/1419 836/1515/1421
f 839/1514/1420 836/1515/1421 837/1516/1422
f 843/1505/1411 835/1503/1409 841/1517/1423
f 841/1517/1423 835/1503/1409 836/1515/1421
f 841/1517/1423 836/1515/1421 846/1518/1424
f 846/1518/1424 836/1515/1421 844/1519/1425
f 846/1518/1424 844/1519/1425 845/1509/1415
f 845/1509/1415 844/1519/1425 848/1511/1417
f 837/1516/1422 838/1520/1426 839/1514/1420
f 839/1514/1420 838/1520/1426 840/1512/1418
f 838/1520/1426 810/1521/1350 840/1512/1418
f 840/1512/1418 810/1521/1350 809/1522/1427
f 840/1512/1418 809/1522/1427 808/1510/1416
f 842/1507/1413 843/1505/1411 841/1517/1423
f 847/1513/1419 848/1511/1417 844/1519/1425
f 841/1517/1423 846/1518/1424 842/1507/1413
f 842/1507/1413 846/1518/1424 845/1509/1415
f 847/1513/1419 844/1519/1425 836/1515/1421
f 849/1523/1428 856/1524/1429 837/1525/1430
f 837/1525/1430 856/1524/1429 857/1526/1431
f 837/1525/1430 857/1526/1431 858/1527/1432
f 858/1527/1432 857/1526/1431 876/1528/1433
f 858/1527/1432 876/1528/1433 875/1529/1434
f 875/1529/1434 876/1528/1433 866/1530/1435
f 875/1529/1434 866/1530/1435 865/1531/1436
f 865/1531/1436 866/1530/1435 874/1532/1437
f 865/1531/1436 874/1532/1437 821/1533/1438
f 821/1533/1438 874/1532/1437 854/1534/1439
f 821/1533/1438 854/1534/1439 701/1535/1440
f 701/1535/1440 854/1534/1439 702/1536/1441
f 702/1536/1441 854/1534/1439 852/1537/1442
f 852/1537/1442 854/1534/1439 861/1538/1443
f 852/1537/1442 861/1538/1443 851/1539/1444
f 851/1539/1444 861/1538/1443 862/1540/1445
f 851/1539/1444 862/1540/1445 863/1541/1446
f 863/1541/1446 862/1540/1445 871/1542/1447
f 863/1541/1446 871/1542/1447 853/1543/1448
f 853/1543/1448 871/1542/1447 869/1544/1449
f 853/1543/1448 869/1544/1449 849/1523/1428
f 849/1523/1428 869/1544/1449 870/1545/1450
f 849/1523/1428 870/1545/1450 856/1524/1429
f 856/1524/1429 870/1545/1450 877/1546/1451
f 856/1524/1429 877/1546/1451 857/1526/1431
f 857/1526/1431 877/1546/1451 876/1528/1433
f 853/1543/1448 849/1523/1428 864/1547/1452
f 864/1547/1452 849/1523/1428 850/1548/1453
f 864/1547/1452 850/1548/1453 863/1541/1446
f 863/1541/1446 850/1548/1453 851/1539/1444
f 865/1531/1436 821/1533/1438 855/1549/1454
f 855/1549/1454 821/1533/1438 810/1550/1350
f 855/1549/1454 810/1550/1350 860/1551/1455
f 860/1551/1455 810/1550/1350 838/1552/1456
f 860/1551/1455 838/1552/1456 859/1553/1457
f 859/1553/1457 838/1552/1456 858/1527/1432
f 859/1553/1457 858/1527/1432 875/1529/1434
f 838/1552/1456 837/1525/1430 858/1527/1432
f 863/1541/1446 853/1543/1448 864/1547/1452
f 855/1549/1454 860/1551/1455 859/1553/1457
f 855/1549/1454 859/1553/1457 875/1529/1434
f 861/1538/1443 854/1534/1439 873/1554/1458
f 873/1554/1458 854/1534/1439 874/1532/1437
f 873/1554/1458 874/1532/1437 866/1530/1435
f 862/1540/1445 861/1538/1443 872/1555/1459
f 872/1555/1459 861/1538/1443 873/1554/1458
f 872/1555/1459 873/1554/1458 867/1556/1460
f 867/1556/1460 873/1554/1458 866/1530/1435
f 867/1556/1460 866/1530/1435 876/1528/1433
f 855/1549/1454 875/1529/1434 865/1531/1436
f 867/1556/1460 868/1557/1461 872/1555/1459
f 872/1555/1459 868/1557/1461 871/1542/1447
f 872/1555/1459 871/1542/1447 862/1540/1445
f 870/1545/1450 869/1544/1449 868/1557/1461
f 868/1557/1461 869/1544/1449 871/1542/1447
f 876/1528/1433 877/1546/1451 867/1556/1460
f 867/1556/1460 877/1546/1451 868/1557/1461
f 877/1546/1451 870/1545/1450 868/1557/1461
f 672/1558/1202 671/1559/1462 700/1560/1201
f 700/1560/1201 671/1559/1462 882/1561/1463
f 882/1561/1463 671/1559/1462 670/1562/1464
f 882/1561/1463 670/1562/1464 669/1563/1465
f 882/1561/1463 669/1563/1465 881/1564/1466
f 881/1564/1466 669/1563/1465 668/1565/1467
f 881/1564/1466 668/1565/1467 880/1566/1468
f 880/1566/1468 668/1565/1467 667/1567/1469
f 880/1566/1468 667/1567/1469 666/1568/1470
f 665/1569/1471 850/1570/1472 666/1568/1470
f 666/1568/1470 850/1570/1472 883/1571/1473
f 666/1568/1470 883/1571/1473 880/1566/1468
f 880/1566/1468 883/1571/1473 879/1572/1474
f 879/1572/1474 883/1571/1473 878/1573/1475
f 878/1573/1475 883/1571/1473 849/1574/1476
f 849/1574/1476 883/1571/1473 850/1570/1472
f 665/1569/1471 664/1575/1477 850/1570/1472
f 850/1570/1472 664/1575/1477 851/1576/1478
f 851/1576/1478 664/1575/1477 663/1577/1479
f 851/1576/1478 663/1577/1479 852/1578/1480
f 852/1578/1480 663/1577/1479 662/1579/1481
f 852/1578/1480 662/1579/1481 661/1580/1482
f 660/1581/1203 702/1582/1205 661/1580/1482
f 661/1580/1482 702/1582/1205 852/1578/1480
f 694/1583/1483 700/1584/1484 884/1585/1485
f 884/1585/1485 700/1584/1484 882/1586/1486
f 884/1585/1485 882/1586/1486 888/1587/1487
f 888/1587/1487 882/1586/1486 881/1588/1488
f 888/1587/1487 881/1588/1488 887/1589/1489
f 887/1589/1489 881/1588/1488 886/1590/1490
f 887/1589/1489 886/1590/1490 901/1591/1491
f 901/1591/1491 886/1590/1490 902/1592/1492
f 901/1591/1491 902/1592/1492 896/1593/1493
f 896/1593/1493 902/1592/1492 897/1594/1494
f 896/1593/1493 897/1594/1494 891/1595/1495
f 891/1595/1495 897/1594/1494 892/1596/1496
f 891/1595/1495 892/1596/1496 823/1597/1497
f 823/1597/1497 892/1596/1496 824/1598/1498
f 824/1598/1498 892/1596/1496 893/1599/1499
f 824/1598/1498 893/1599/1499 879/1600/1500
f 879/1600/1500 893/1599/1499 898/1601/1501
f 879/1600/1500 898/1601/1501 903/1602/1502
f 903/1602/1502 898/1601/1501 897/1594/1494
f 903/1602/1502 897/1594/1494 902/1592/1492
f 881/1588/1488 880/1603/1503 886/1590/1490
f 886/1590/1490 880/1603/1503 885/1604/1504
f 886/1590/1490 885/1604/1504 902/1592/1492
f 902/1592/1492 885/1604/1504 903/1602/1502
f 880/1603/1503 879/1600/1500 885/1604/1504
f 885/1604/1504 879/1600/1500 903/1602/1502
f 497/1605/862 889/1606/1505 823/1597/1497
f 823/1597/1497 889/1606/1505 890/1607/1506
f 823/1597/1497 890/1607/1506 891/1595/1495
f 891/1595/1495 890/1607/1506 896/1593/1493
f 497/1605/862 695/1608/1507 889/1606/1505
f 889/1606/1505 695/1608/1507 894/1609/1508
f 889/1606/1505 894/1609/1508 895/1610/1509
f 895/1610/1509 894/1609/1508 900/1611/1510
f 895/1610/1509 900/1611/1510 901/1591/1491
f 901/1591/1491 900/1611/1510 887/1589/1489
f 694/1583/1483 884/1585/1485 695/1608/1507
f 695/1608/1507 884/1585/1485 899/1612/1511
f 695/1608/1507 899/1612/1511 894/1609/1508
f 894/1609/1508 899/1612/1511 900/1611/1510
f 899/1612/1511 884/1585/1485 888/1587/1487
f 899/1612/1511 888/1587/1487 900/1611/1510
f 900/1611/1510 888/1587/1487 887/1589/1489
f 896/1593/1493 890/1607/1506 895/1610/1509
f 895/1610/1509 890/1607/1506 889/1606/1505
f 898/1601/1501 893/1599/1499 892/1596/1496
f 898/1601/1501 892/1596/1496 897/1594/1494
f 901/1591/1491 896/1593/1493 895/1610/1509
f 905/1613/1512 906/1614/1513 904/1615/1514
f 904/1615/1514 906/1614/1513 919/1616/1515
f 919/1616/1515 906/1614/1513 922/1617/1516
f 919/1616/1515 922/1617/1516 916/1618/1517
f 916/1618/1517 922/1617/1516 915/1619/1518
f 915/1619/1518 922/1617/1516 914/1620/1519
f 914/1620/1519 922/1617/1516 921/1621/1520
f 914/1620/1519 921/1621/1520 913/1622/1521
f 913/1622/1521 921/1621/1520 920/1623/1522
f 913/1622/1521 920/1623/1522 721/1624/1523
f 721/1624/1523 920/1623/1522 911/1625/1524
f 721/1624/1523 911/1625/1524 912/1626/1525
f 906/1614/1513 907/1627/1526 922/1617/1516
f 922/1617/1516 907/1627/1526 921/1621/1520
f 907/1627/1526 908/1628/1527 921/1621/1520
f 921/1621/1520 908/1628/1527 920/1623/1522
f 908/1628/1527 909/1629/1528 920/1623/1522
f 920/1623/1522 909/1629/1528 911/1625/1524
f 909/1629/1528 910/1630/1529 911/1625/1524
f 917/1631/1530 918/1632/1531 916/1618/1517
f 916/1618/1517 918/1632/1531 919/1616/1515
f 471/1633/1532 349/1634/1533 923/1635/1534
f 923/1635/1534 349/1634/1533 348/1636/1535
f 923/1635/1534 348/1636/1535 347/1637/1536
f 346/1638/1537 516/1639/1538 347/1637/1536
f 347/1637/1536 516/1639/1538 923/1635/1534
f 923/1635/1534 924/1640/1539 471/1633/1532
f 471/1633/1532 924/1640/1539 472/1641/1540
f 472/1641/1540 924/1640/1539 473/1642/1541
f 473/1642/1541 924/1640/1539 474/1643/1542
f 474/1643/1542 924/1640/1539 925/1644/1543
f 474/1643/1542 925/1644/1543 475/1645/1544
f 475/1645/1544 925/1644/1543 476/1646/1545
f 476/1646/1545 925/1644/1543 931/1647/1546
f 476/1646/1545 931/1647/1546 469/1648/1547
f 469/1648/1547 931/1647/1546 457/1649/1548
f 457/1649/1548 931/1647/1546 458/1650/1549
f 458/1650/1549 931/1647/1546 929/1651/1550
f 458/1650/1549 929/1651/1550 459/1652/1551
f 459/1652/1551 929/1651/1550 930/1653/1552
f 459/1652/1551 930/1653/1552 518/1654/893
f 904/1655/1553 919/1656/1554 925/1644/1543
f 925/1644/1543 919/1656/1554 931/1647/1546
f 918/1657/1555 926/1658/1556 919/1656/1554
f 919/1656/1554 926/1658/1556 927/1659/1557
f 919/1656/1554 927/1659/1557 931/1647/1546
f 931/1647/1546 927/1659/1557 928/1660/1558
f 931/1647/1546 928/1660/1558 929/1651/1550
f 438/1661/906 437/1662/1559 518/1654/893
f 518/1654/893 437/1662/1559 436/1663/1560
f 518/1654/893 436/1663/1560 435/1664/1561
f 435/1664/1561 455/1665/1562 518/1654/893
f 518/1654/893 455/1665/1562 462/1666/1563
f 518/1654/893 462/1666/1563 461/1667/1564
f 461/1667/1564 460/1668/1565 518/1654/893
f 518/1654/893 460/1668/1565 459/1652/1551
f 933/1669/1566 951/1670/1567 932/1671/1568
f 932/1671/1568 951/1670/1567 952/1672/1569
f 932/1671/1568 952/1672/1569 949/1673/1570
f 949/1673/1570 952/1672/1569 953/1674/1571
f 949/1673/1570 953/1674/1571 948/1675/1572
f 948/1675/1572 953/1674/1571 954/1676/1573
f 948/1675/1572 954/1676/1573 955/1677/1574
f 955/1677/1574 954/1676/1573 964/1678/1575
f 955/1677/1574 964/1678/1575 965/1679/1576
f 965/1679/1576 964/1678/1575 939/1680/1577
f 965/1679/1576 939/1680/1577 940/1681/1578
f 951/1670/1567 933/1669/1566 960/1682/1579
f 960/1682/1579 933/1669/1566 934/1683/1580
f 960/1682/1579 934/1683/1580 935/1684/1581
f 935/1684/1581 936/1685/1582 960/1682/1579
f 960/1682/1579 936/1685/1582 961/1686/1583
f 960/1682/1579 961/1686/1583 951/1670/1567
f 951/1670/1567 961/1686/1583 952/1672/1569
f 936/1685/1582 937/1687/1584 961/1686/1583
f 961/1686/1583 937/1687/1584 962/1688/1585
f 961/1686/1583 962/1688/1585 952/1672/1569
f 952/1672/1569 962/1688/1585 953/1674/1571
f 937/1687/1584 938/1689/1586 962/1688/1585
f 962/1688/1585 938/1689/1586 963/1690/1587
f 962/1688/1585 963/1690/1587 953/1674/1571
f 953/1674/1571 963/1690/1587 954/1676/1573
f 938/1689/1586 939/1680/1577 963/1690/1587
f 963/1690/1587 939/1680/1577 964/1678/1575
f 963/1690/1587 964/1678/1575 954/1676/1573
f 965/1679/1576 940/1681/1578 966/1691/1588
f 966/1691/1588 940/1681/1578 941/1692/1589
f 966/1691/1588 941/1692/1589 967/1693/1590
f 967/1693/1590 941/1692/1589 942/1694/1591
f 967/1693/1590 942/1694/1591 950/1695/1592
f 950/1695/1592 942/1694/1591 917/1696/1530
f 950/1695/1592 917/1696/1530 916/1697/1517
f 916/1697/1517 915/1698/1518 950/1695/1592
f 950/1695/1592 915/1698/1518 959/1699/1593
f 950/1695/1592 959/1699/1593 958/1700/1594
f 958/1700/1594 959/1699/1593 944/1701/1595
f 958/1700/1594 944/1701/1595 945/1702/1596
f 914/1703/1519 943/1704/1597 915/1698/1518
f 915/1698/1518 943/1704/1597 959/1699/1593
f 943/1704/1597 944/1701/1595 959/1699/1593
f 958/1700/1594 945/1702/1596 957/1705/1598
f 957/1705/1598 945/1702/1596 946/1706/1599
f 957/1705/1598 946/1706/1599 956/1707/1600
f 956/1707/1600 946/1706/1599 947/1708/1601
f 956/1707/1600 947/1708/1601 955/1677/1574
f 955/1677/1574 947/1708/1601 948/1675/1572
f 955/1677/1574 965/1679/1576 956/1707/1600
f 956/1707/1600 965/1679/1576 966/1691/1588
f 956/1707/1600 966/1691/1588 957/1705/1598
f 957/1705/1598 966/1691/1588 967/1693/1590
f 957/1705/1598 967/1693/1590 958/1700/1594
f 958/1700/1594 967/1693/1590 950/1695/1592
f 934/1709/1602 968/1710/1603 935/1711/1604
f 935/1711/1604 968/1710/1603 936/1712/1605
f 936/1712/1605 968/1710/1603 970/1713/1606
f 936/1712/1605 970/1713/1606 971/1714/1607
f 968/1710/1603 969/1715/1608 970/1713/1606
f 970/1713/1606 969/1715/1608 768/1716/1295
f 936/1712/1605 971/1714/1607 937/1717/1609
f 937/1717/1609 971/1714/1607 972/1718/1610
f 937/1717/1609 972/1718/1610 938/1719/1611
f 938/1719/1611 972/1718/1610 939/1720/1612
f 939/1720/1612 972/1718/1610 973/1721/1613
f 939/1720/1612 973/1721/1613 940/1722/1614
f 940/1722/1614 973/1721/1613 974/1723/1615
f 940/1722/1614 974/1723/1615 941/1724/1616
f 941/1724/1616 974/1723/1615 942/1725/1617
f 942/1725/1617 974/1723/1615 927/1726/1557
f 942/1725/1617 927/1726/1557 926/1727/1556
f 974/1723/1615 928/1728/1558 927/1726/1557
f 918/1729/1555 917/1730/1618 926/1727/1556
f 926/1727/1556 917/1730/1618 942/1725/1617
f 768/1731/1295 767/1732/1293 970/1733/1606
f 970/1733/1606 767/1732/1293 975/1734/1619
f 970/1733/1606 975/1734/1619 976/1735/1620
f 976/1735/1620 975/1734/1619 522/1736/901
f 976/1735/1620 522/1736/901 521/1737/899
f 767/1732/1293 766/1738/1287 975/1734/1619
f 975/1734/1619 766/1738/1287 523/1739/903
f 975/1734/1619 523/1739/903 522/1736/901
f 766/1738/1287 524/1740/905 523/1739/903
f 976/1735/1620 521/1737/899 977/1741/1621
f 977/1741/1621 521/1737/899 520/1742/897
f 977/1741/1621 520/1742/897 978/1743/1622
f 978/1743/1622 520/1742/897 519/1744/895
f 978/1743/1622 519/1744/895 979/1745/1623
f 979/1745/1623 519/1744/895 930/1746/1552
f 979/1745/1623 930/1746/1552 929/1747/1550
f 519/1744/895 518/1748/893 930/1746/1552
f 928/1749/1558 974/1750/1615 929/1747/1550
f 929/1747/1550 974/1750/1615 979/1745/1623
f 974/1750/1615 973/1751/1613 979/1745/1623
f 979/1745/1623 973/1751/1613 978/1743/1622
f 973/1751/1613 972/1752/1610 978/1743/1622
f 978/1743/1622 972/1752/1610 977/1741/1621
f 972/1752/1610 971/1753/1607 977/1741/1621
f 977/1741/1621 971/1753/1607 976/1735/1620
f 971/1753/1607 970/1733/1606 976/1735/1620
f 980/1754/1624 981/1755/1625 985/1756/1626
f 985/1756/1626 981/1755/1625 986/1757/1627
f 985/1756/1626 986/1757/1627 739/1758/1255
f 739/1758/1255 986/1757/1627 740/1759/1253
f 740/1759/1253 986/1757/1627 987/1760/1628
f 740/1759/1253 987/1760/1628 741/1761/1246
f 741/1761/1246 987/1760/1628 988/1762/1629
f 741/1761/1246 988/1762/1629 714/1763/1215
f 714/1763/1215 988/1762/1629 984/1764/1630
f 714/1763/1215 984/1764/1630 706/1765/1213
f 986/1757/1627 981/1755/1625 987/1760/1628
f 987/1760/1628 981/1755/1625 982/1766/1631
f 987/1760/1628 982/1766/1631 988/1762/1629
f 988/1762/1629 982/1766/1631 983/1767/1632
f 988/1762/1629 983/1767/1632 984/1764/1630
f 984/1764/1630 983/1767/1632 932/1768/1633
f 739/1758/1255 745/1769/1634 985/1756/1626
f 721/1770/1523 912/1771/1525 722/1772/1635
f 722/1772/1635 912/1771/1525 989/1773/1636
f 722/1772/1635 989/1773/1636 723/1774/1637
f 723/1774/1637 989/1773/1636 990/1775/1638
f 723/1774/1637 990/1775/1638 724/1776/1639
f 724/1776/1639 990/1775/1638 991/1777/1640
f 724/1776/1639 991/1777/1640 725/1778/1641
f 725/1778/1641 991/1777/1640 992/1779/1642
f 725/1778/1641 992/1779/1642 726/1780/1643
f 726/1780/1643 992/1779/1642 993/1781/1644
f 726/1780/1643 993/1781/1644 709/1782/1645
f 709/1782/1645 993/1781/1644 994/1783/1646
f 709/1782/1645 994/1783/1646 710/1784/1647
f 710/1784/1647 994/1783/1646 711/1785/1250
f 914/1786/1519 913/1787/1521 943/1788/1648
f 943/1788/1648 913/1787/1521 996/1789/1649
f 943/1788/1648 996/1789/1649 944/1790/1650
f 944/1790/1650 996/1789/1649 998/1791/1651
f 944/1790/1650 998/1791/1651 945/1792/1652
f 945/1792/1652 998/1791/1651 1000/1793/1653
f 945/1792/1652 1000/1793/1653 946/1794/1654
f 946/1794/1654 1000/1793/1653 947/1795/1655
f 947/1795/1655 1000/1793/1653 1002/1796/1656
f 947/1795/1655 1002/1796/1656 948/1797/1657
f 948/1797/1657 1002/1796/1656 1004/1798/1658
f 948/1797/1657 1004/1798/1658 949/1799/1659
f 949/1799/1659 1004/1798/1658 932/1800/1660
f 932/1800/1660 1004/1798/1658 1003/1801/1661
f 932/1800/1660 1003/1801/1661 984/1802/1630
f 984/1802/1630 1003/1801/1661 716/1803/1662
f 984/1802/1630 716/1803/1662 706/1804/1213
f 996/1789/1649 913/1787/1521 995/1805/1663
f 995/1805/1663 913/1787/1521 721/1806/1523
f 995/1805/1663 721/1806/1523 720/1807/1664
f 720/1807/1664 719/1808/1665 995/1805/1663
f 995/1805/1663 719/1808/1665 997/1809/1666
f 995/1805/1663 997/1809/1666 998/1791/1651
f 998/1791/1651 997/1809/1666 1000/1793/1653
f 719/1808/1665 718/1810/1667 997/1809/1666
f 997/1809/1666 718/1810/1667 999/1811/1668
f 997/1809/1666 999/1811/1668 1000/1793/1653
f 1000/1793/1653 999/1811/1668 1002/1796/1656
f 718/1810/1667 717/1812/1669 999/1811/1668
f 999/1811/1668 717/1812/1669 1001/1813/1670
f 999/1811/1668 1001/1813/1670 1002/1796/1656
f 1002/1796/1656 1001/1813/1670 1004/1798/1658
f 1001/1813/1670 717/1812/1669 1003/1801/1661
f 1003/1801/1661 717/1812/1669 716/1803/1662
f 998/1791/1651 996/1789/1649 995/1805/1663
f 1004/1798/1658 1001/1813/1670 1003/1801/1661
f 538/1814/955 537/1815/954 1021/1816/1671
f 1021/1816/1671 537/1815/954 1020/1817/1672
f 1020/1817/1672 537/1815/954 536/1818/951
f 1020/1817/1672 536/1818/951 1005/1819/1673
f 1005/1819/1673 536/1818/951 535/1820/939
f 1020/1817/1672 1005/1819/1673 1019/1821/1674
f 1019/1821/1674 1005/1819/1673 1006/1822/1675
f 1019/1821/1674 1006/1822/1675 1018/1823/1676
f 1018/1823/1676 1006/1822/1675 1007/1824/1677
f 1018/1823/1676 1007/1824/1677 1017/1825/1678
f 1017/1825/1678 1007/1824/1677 1016/1826/1679
f 1016/1826/1679 1007/1824/1677 1008/1827/1680
f 1016/1826/1679 1008/1827/1680 1015/1828/1681
f 1015/1828/1681 1008/1827/1680 1009/1829/1682
f 1015/1828/1681 1009/1829/1682 1014/1830/1683
f 1014/1830/1683 1009/1829/1682 1011/1831/1684
f 1014/1830/1683 1011/1831/1684 1013/1832/1685
f 1013/1832/1685 1011/1831/1684 1012/1833/1686
f 772/1834/1296 1010/1835/1687 1009/1829/1682
f 1009/1829/1682 1010/1835/1687 1011/1831/1684
f 535/1836/939 534/1837/938 1005/1838/1673
f 1005/1838/1673 534/1837/938 1027/1839/1688
f 1005/1838/1673 1027/1839/1688 1028/1840/1689
f 1028/1840/1689 1027/1839/1688 1023/1841/1690
f 1028/1840/1689 1023/1841/1690 1024/1842/1691
f 534/1837/938 533/1843/941 1027/1839/1688
f 1027/1839/1688 533/1843/941 1022/1844/1692
f 1027/1839/1688 1022/1844/1692 1023/1841/1690
f 533/1843/941 532/1845/942 1022/1844/1692
f 1028/1840/1689 1024/1842/1691 1029/1846/1693
f 1029/1846/1693 1024/1842/1691 1025/1847/1694
f 1029/1846/1693 1025/1847/1694 1030/1848/1695
f 1030/1848/1695 1025/1847/1694 1026/1849/1696
f 1030/1848/1695 1026/1849/1696 1031/1850/1697
f 1031/1850/1697 1026/1849/1696 774/1851/1300
f 1031/1850/1697 774/1851/1300 773/1852/1297
f 1026/1849/1696 775/1853/1302 774/1851/1300
f 772/1854/1296 1009/1855/1682 773/1852/1297
f 773/1852/1297 1009/1855/1682 1031/1850/1697
f 1009/1855/1682 1008/1856/1680 1031/1850/1697
f 1031/1850/1697 1008/1856/1680 1030/1848/1695
f 1008/1856/1680 1007/1857/1677 1030/1848/1695
f 1030/1848/1695 1007/1857/1677 1029/1846/1693
f 1007/1857/1677 1006/1858/1675 1029/1846/1693
f 1029/1846/1693 1006/1858/1675 1028/1840/1689
f 1006/1858/1675 1005/1838/1673 1028/1840/1689
f 396/1859/1698 819/1860/1699 397/1861/950
f 397/1861/950 819/1860/1699 1032/1862/1700
f 397/1861/950 1032/1862/1700 532/1863/942
f 532/1863/942 1032/1862/1700 1022/1864/1692
f 1022/1864/1692 1032/1862/1700 1023/1865/1690
f 1023/1865/1690 1032/1862/1700 1033/1866/1701
f 1023/1865/1690 1033/1866/1701 1024/1867/1691
f 1024/1867/1691 1033/1866/1701 1034/1868/1702
f 1024/1867/1691 1034/1868/1702 1025/1869/1694
f 1025/1869/1694 1034/1868/1702 1035/1870/1703
f 1025/1869/1694 1035/1870/1703 1026/1871/1696
f 1026/1871/1696 1035/1870/1703 1036/1872/1704
f 1026/1871/1696 1036/1872/1704 775/1873/1302
f 775/1873/1302 1036/1872/1704 782/1874/1310
f 782/1874/1310 1036/1872/1704 812/1875/1705
f 782/1874/1310 812/1875/1705 783/1876/1311
f 395/1877/915 531/1878/917 396/1859/1698
f 396/1859/1698 531/1878/917 819/1860/1699
f 819/1860/1699 818/1879/1706 1032/1862/1700
f 1032/1862/1700 818/1879/1706 817/1880/1707
f 1032/1862/1700 817/1880/1707 1033/1866/1701
f 1033/1866/1701 817/1880/1707 816/1881/1708
f 1033/1866/1701 816/1881/1708 1034/1868/1702
f 1034/1868/1702 816/1881/1708 815/1882/1709
f 1034/1868/1702 815/1882/1709 1035/1870/1703
f 1035/1870/1703 815/1882/1709 814/1883/1710
f 1035/1870/1703 814/1883/1710 813/1884/1711
f 1035/1870/1703 813/1884/1711 1036/1872/1704
f 1036/1872/1704 813/1884/1711 812/1875/1705
f 711/1885/1250 994/1886/1646 734/1887/1247
f 734/1887/1247 994/1886/1646 1037/1888/1712
f 734/1887/1247 1037/1888/1712 1038/1889/1713
f 734/1887/1247 1038/1889/1713 735/1890/1248
f 735/1890/1248 1038/1889/1713 1039/1891/1714
f 735/1890/1248 1039/1891/1714 736/1892/1251
f 736/1893/1251 1039/1894/1714 746/1895/1715
f 746/1895/1715 1039/1894/1714 742/1896/1716
f 742/1896/1716 1039/1894/1714 1040/1897/1717
f 742/1896/1716 1040/1897/1717 748/1898/1718
f 748/1898/1718 1040/1897/1717 1041/1899/1719
f 748/1898/1718 1041/1899/1719 749/1900/1720
f 749/1900/1720 1041/1899/1719 1042/1901/1721
f 749/1900/1720 1042/1901/1721 750/1902/1722
f 750/1902/1722 1042/1901/1721 1043/1903/1723
f 750/1902/1722 1043/1903/1723 751/1904/1724
f 751/1904/1724 1043/1903/1723 1044/1905/1725
f 751/1904/1724 1044/1905/1725 752/1906/1726
f 752/1906/1726 1044/1905/1725 1045/1907/1727
f 752/1906/1726 1045/1907/1727 753/1908/1728
f 754/1909/1729 753/1910/1728 1056/1911/1730
f 1056/1911/1730 753/1910/1728 1046/1912/1731
f 1056/1911/1730 1046/1912/1731 1055/1913/1732
f 1055/1913/1732 1046/1912/1731 1047/1914/1733
f 1055/1913/1732 1047/1914/1733 1048/1915/1734
f 1048/1915/1734 1049/1916/1735 1055/1913/1732
f 1055/1913/1732 1049/1916/1735 1057/1917/1736
f 1055/1913/1732 1057/1917/1736 1058/1918/1737
f 1058/1918/1737 1057/1917/1736 1060/1919/1738
f 1058/1918/1737 1060/1919/1738 756/1920/1739
f 756/1920/1739 1060/1919/1738 757/1921/1740
f 757/1921/1740 1060/1919/1738 1062/1922/1741
f 757/1921/1740 1062/1922/1741 1064/1923/1742
f 1064/1923/1742 1062/1922/1741 1063/1924/1743
f 1064/1923/1742 1063/1924/1743 985/1925/1626
f 985/1925/1626 1063/1924/1743 980/1926/1744
f 980/1926/1744 1063/1924/1743 1054/1927/1745
f 1054/1927/1745 1063/1924/1743 1053/1928/1746
f 1053/1928/1746 1063/1924/1743 1061/1929/1747
f 1053/1928/1746 1061/1929/1747 1052/1930/1748
f 1052/1930/1748 1061/1929/1747 1059/1931/1749
f 1052/1930/1748 1059/1931/1749 1051/1932/1750
f 1051/1932/1750 1059/1931/1749 1050/1933/1751
f 1050/1933/1751 1059/1931/1749 1057/1917/1736
f 1050/1933/1751 1057/1917/1736 1049/1916/1735
f 985/1925/1626 745/1934/1634 1064/1923/1742
f 1064/1923/1742 745/1934/1634 758/1935/1752
f 1064/1923/1742 758/1935/1752 757/1921/1740
f 756/1920/1739 755/1936/1753 1058/1918/1737
f 1058/1918/1737 755/1936/1753 1056/1911/1730
f 1058/1918/1737 1056/1911/1730 1055/1913/1732
f 755/1936/1753 754/1909/1729 1056/1911/1730
f 1062/1922/1741 1060/1919/1738 1059/1931/1749
f 1059/1931/1749 1060/1919/1738 1057/1917/1736
f 1063/1924/1743 1062/1922/1741 1061/1929/1747
f 1061/1929/1747 1062/1922/1741 1059/1931/1749
f 933/1937/1754 932/1938/1755 1069/1939/1756
f 1069/1939/1756 932/1938/1755 983/1940/1757
f 1069/1939/1756 983/1940/1757 1068/1941/1758
f 1068/1941/1758 983/1940/1757 982/1942/1759
f 1068/1941/1758 982/1942/1759 981/1943/1760
f 980/1944/1761 1065/1945/1762 981/1943/1760
f 981/1943/1760 1065/1945/1762 1067/1946/1763
f 981/1943/1760 1067/1946/1763 1068/1941/1758
f 1068/1941/1758 1067/1946/1763 1071/1947/1764
f 1068/1941/1758 1071/1947/1764 1072/1948/1765
f 1072/1948/1765 1071/1947/1764 769/1949/1294
f 1072/1948/1765 769/1949/1294 968/1950/1603
f 968/1950/1603 769/1949/1294 969/1951/1608
f 969/1951/1608 769/1949/1294 768/1952/1295
f 1065/1945/1762 1066/1953/1766 1067/1946/1763
f 1067/1946/1763 1066/1953/1766 1070/1954/1767
f 1067/1946/1763 1070/1954/1767 1071/1947/1764
f 1071/1947/1764 1070/1954/1767 770/1955/1291
f 1071/1947/1764 770/1955/1291 769/1949/1294
f 1066/1953/1766 1012/1956/1686 1070/1954/1767
f 1070/1954/1767 1012/1956/1686 1011/1957/1684
f 1070/1954/1767 1011/1957/1684 771/1958/1292
f 771/1958/1292 1011/1957/1684 1010/1959/1687
f 771/1958/1292 1010/1959/1687 772/1960/1296
f 771/1958/1292 770/1955/1291 1070/1954/1767
f 968/1950/1603 934/1961/1602 1072/1948/1765
f 1072/1948/1765 934/1961/1602 933/1937/1754
f 1072/1948/1765 933/1937/1754 1069/1939/1756
f 1072/1948/1765 1069/1939/1756 1068/1941/1758
f 1048/1962/1768 1047/1963/1733 1075/1964/1769
f 1075/1964/1769 1047/1963/1733 1073/1965/1770
f 1075/1964/1769 1073/1965/1770 1083/1966/1771
f 1083/1966/1771 1073/1965/1770 1021/1967/1772
f 1083/1966/1771 1021/1967/1772 1020/1968/1773
f 1020/1968/1773 1019/1969/1774 1083/1966/1771
f 1083/1966/1771 1019/1969/1774 1084/1970/1775
f 1083/1966/1771 1084/1970/1775 1075/1964/1769
f 1075/1964/1769 1084/1970/1775 1076/1971/1776
f 1075/1964/1769 1076/1971/1776 1048/1962/1768
f 1048/1962/1768 1076/1971/1776 1077/1972/1777
f 1048/1962/1768 1077/1972/1777 1049/1973/1778
f 1049/1973/1778 1077/1972/1777 1078/1974/1779
f 1049/1973/1778 1078/1974/1779 1050/1975/1780
f 1050/1975/1780 1078/1974/1779 1079/1976/1781
f 1050/1975/1780 1079/1976/1781 1051/1977/1782
f 1051/1977/1782 1079/1976/1781 1080/1978/1783
f 1051/1977/1782 1080/1978/1783 1052/1979/1784
f 1052/1979/1784 1080/1978/1783 1081/1980/1785
f 1052/1979/1784 1081/1980/1785 1082/1981/1786
f 1082/1981/1786 1081/1980/1785 1090/1982/1787
f 1082/1981/1786 1090/1982/1787 1091/1983/1788
f 1091/1983/1788 1090/1982/1787 1013/1984/1789
f 1091/1983/1788 1013/1984/1789 1066/1985/1790
f 1066/1985/1790 1013/1984/1789 1012/1986/1791
f 1019/1969/1774 1018/1987/1792 1084/1970/1775
f 1084/1970/1775 1018/1987/1792 1085/1988/1793
f 1084/1970/1775 1085/1988/1793 1076/1971/1776
f 1076/1971/1776 1085/1988/1793 1077/1972/1777
f 1018/1987/1792 1017/1989/1794 1085/1988/1793
f 1085/1988/1793 1017/1989/1794 1086/1990/1795
f 1085/1988/1793 1086/1990/1795 1077/1972/1777
f 1077/1972/1777 1086/1990/1795 1078/1974/1779
f 1086/1990/1795 1017/1989/1794 1087/1991/1796
f 1087/1991/1796 1017/1989/1794 1016/1992/1797
f 1087/1991/1796 1016/1992/1797 1088/1993/1798
f 1088/1993/1798 1016/1992/1797 1015/1994/1799
f 1088/1993/1798 1015/1994/1799 1089/1995/1800
f 1089/1995/1800 1015/1994/1799 1014/1996/1801
f 1089/1995/1800 1014/1996/1801 1090/1982/1787
f 1090/1982/1787 1014/1996/1801 1013/1984/1789
f 1091/1983/1788 1066/1985/1790 1074/1997/1802
f 1074/1997/1802 1066/1985/1790 1065/1998/1803
f 1074/1997/1802 1065/1998/1803 1054/1999/1804
f 1054/1999/1804 1065/1998/1803 980/2000/1805
f 1054/1999/1804 1053/2001/1806 1074/1997/1802
f 1074/1997/1802 1053/2001/1806 1082/1981/1786
f 1074/1997/1802 1082/1981/1786 1091/1983/1788
f 1053/2001/1806 1052/1979/1784 1082/1981/1786
f 1086/1990/1795 1087/1991/1796 1078/1974/1779
f 1078/1974/1779 1087/1991/1796 1079/1976/1781
f 1087/1991/1796 1088/1993/1798 1079/1976/1781
f 1079/1976/1781 1088/1993/1798 1080/1978/1783
f 1088/1993/1798 1089/1995/1800 1080/1978/1783
f 1080/1978/1783 1089/1995/1800 1081/1980/1785
f 1089/1995/1800 1090/1982/1787 1081/1980/1785
f 1093/2002/1807 1113/2003/1808 1092/2004/1809
f 1092/2004/1809 1113/2003/1808 1118/2005/1810
f 1092/2004/1809 1118/2005/1810 1112/2006/1811
f 1112/2006/1811 1118/2005/1810 1124/2007/1812
f 1112/2006/1811 1124/2007/1812 1111/2008/1813
f 1111/2008/1813 1124/2007/1812 1127/2009/1814
f 1111/2008/1813 1127/2009/1814 1110/2010/1815
f 1110/2010/1815 1127/2009/1814 1109/2011/1816
f 1109/2011/1816 1127/2009/1814 1108/2012/1817
f 1108/2012/1817 1127/2009/1814 1126/2013/1818
f 1108/2012/1817 1126/2013/1818 1107/2014/1819
f 1107/2014/1819 1126/2013/1818 1125/2015/1820
f 1107/2014/1819 1125/2015/1820 1105/2016/1821
f 1105/2016/1821 1125/2015/1820 1104/2017/1822
f 1104/2017/1822 1125/2015/1820 1122/2018/1823
f 1104/2017/1822 1122/2018/1823 1103/2019/1824
f 1103/2019/1824 1122/2018/1823 1116/2020/1825
f 1103/2019/1824 1116/2020/1825 1102/2021/1826
f 1102/2021/1826 1116/2020/1825 1115/2022/1827
f 1102/2021/1826 1115/2022/1827 1101/2023/1828
f 1101/2023/1828 1115/2022/1827 1121/2024/1829
f 1101/2023/1828 1121/2024/1829 1100/2025/1830
f 1100/2025/1830 1121/2024/1829 1098/2026/1831
f 1100/2025/1830 1098/2026/1831 1099/2027/1832
f 1113/2003/1808 1093/2002/1807 1119/2028/1833
f 1119/2028/1833 1093/2002/1807 1094/2029/1834
f 1119/2028/1833 1094/2029/1834 1096/2030/1835
f 1096/2030/1835 1094/2029/1834 1095/2031/1836
f 1096/2030/1835 1097/2032/1837 1119/2028/1833
f 1119/2028/1833 1097/2032/1837 1120/2033/1838
f 1119/2028/1833 1120/2033/1838 1113/2003/1808
f 1113/2003/1808 1120/2033/1838 1114/2034/1839
f 1113/2003/1808 1114/2034/1839 1118/2005/1810
f 1118/2005/1810 1114/2034/1839 1117/2035/1840
f 1118/2005/1810 1117/2035/1840 1124/2007/1812
f 1124/2007/1812 1117/2035/1840 1123/2036/1841
f 1124/2007/1812 1123/2036/1841 1127/2009/1814
f 1127/2009/1814 1123/2036/1841 1126/2013/1818
f 1097/2032/1837 1098/2026/1831 1120/2033/1838
f 1120/2033/1838 1098/2026/1831 1121/2024/1829
f 1120/2033/1838 1121/2024/1829 1114/2034/1839
f 1114/2034/1839 1121/2024/1829 1115/2022/1827
f 1114/2034/1839 1115/2022/1827 1117/2035/1840
f 1117/2035/1840 1115/2022/1827 1116/2020/1825
f 1117/2035/1840 1116/2020/1825 1123/2036/1841
f 1123/2036/1841 1116/2020/1825 1122/2018/1823
f 1123/2036/1841 1122/2018/1823 1126/2013/1818
f 1126/2013/1818 1122/2018/1823 1125/2015/1820
f 1105/2016/1821 1106/2037/1842 1107/2014/1819
f 1098/2038/1843 836/2039/1844 1099/2040/1845
f 1099/2040/1845 836/2039/1844 835/2041/1846
f 1099/2040/1845 835/2041/1846 804/2042/1847
f 1097/2043/1848 849/2044/1849 1098/2038/1843
f 1098/2038/1843 849/2044/1849 837/2045/1850
f 1098/2038/1843 837/2045/1850 836/2039/1844
f 1096/2046/1851 879/2047/1852 1097/2043/1848
f 1097/2043/1848 879/2047/1852 878/2048/1853
f 1097/2043/1848 878/2048/1853 849/2044/1849
f 1095/2049/1854 825/2050/1855 1096/2046/1851
f 1096/2046/1851 825/2050/1855 824/2051/1856
f 1096/2046/1851 824/2051/1856 879/2047/1852
f 506/2052/1857 505/2053/1858 1095/2049/1854
f 1095/2049/1854 505/2053/1858 504/2054/1859
f 1095/2049/1854 504/2054/1859 503/2055/1860
f 503/2055/1860 826/2056/1861 1095/2049/1854
f 1095/2049/1854 826/2056/1861 825/2050/1855
f 804/2042/1847 803/2057/1862 1099/2040/1845
f 1099/2040/1845 803/2057/1862 802/2058/1863
f 1099/2040/1845 802/2058/1863 801/2059/1864
f 1128/2060/1865 1129/2061/1866 1109/2062/1816
f 1109/2062/1816 1129/2061/1866 1138/2063/1867
f 1138/2063/1867 1129/2061/1866 1130/2064/1868
f 1138/2063/1867 1130/2064/1868 1137/2065/1869
f 1137/2065/1869 1130/2064/1868 1131/2066/1870
f 1137/2065/1869 1131/2066/1870 1136/2067/1871
f 1136/2067/1871 1131/2066/1870 1132/2068/1872
f 1136/2067/1871 1132/2068/1872 1135/2069/1873
f 1135/2069/1873 1132/2068/1872 1133/2070/1874
f 1135/2069/1873 1133/2070/1874 1134/2071/1875
f 1134/2071/1875 1133/2070/1874 910/2072/1529
f 1134/2071/1875 910/2072/1529 909/2073/1528
f 1095/2074/1836 1094/2075/1834 1154/2076/1876
f 1154/2076/1876 1094/2075/1834 1155/2077/1877
f 1154/2076/1876 1155/2077/1877 1153/2078/1878
f 1153/2078/1878 1155/2077/1877 1156/2079/1879
f 1153/2078/1878 1156/2079/1879 1152/2080/1880
f 1152/2080/1880 1156/2079/1879 1157/2081/1881
f 1152/2080/1880 1157/2081/1881 1151/2082/1882
f 1151/2082/1882 1157/2081/1881 1150/2083/1883
f 1150/2083/1883 1157/2081/1881 1158/2084/1884
f 1150/2083/1883 1158/2084/1884 1149/2085/1885
f 1149/2085/1885 1158/2084/1884 1159/2086/1886
f 1149/2085/1885 1159/2086/1886 1148/2087/1887
f 1148/2087/1887 1159/2086/1886 924/2088/1539
f 1148/2087/1887 924/2088/1539 1147/2089/1888
f 1147/2089/1888 924/2088/1539 923/2090/1534
f 1094/2075/1834 1093/2091/1807 1155/2077/1877
f 1155/2077/1877 1093/2091/1807 1092/2092/1809
f 1155/2077/1877 1092/2092/1809 1139/2093/1889
f 1139/2093/1889 1140/2094/1890 1155/2077/1877
f 1155/2077/1877 1140/2094/1890 1141/2095/1891
f 1155/2077/1877 1141/2095/1891 1156/2079/1879
f 1156/2079/1879 1141/2095/1891 1142/2096/1892
f 1156/2079/1879 1142/2096/1892 1157/2081/1881
f 1157/2081/1881 1142/2096/1892 1143/2097/1893
f 1157/2081/1881 1143/2097/1893 1144/2098/1894
f 1157/2081/1881 1144/2098/1894 1158/2084/1884
f 1158/2084/1884 1144/2098/1894 1145/2099/1895
f 1158/2084/1884 1145/2099/1895 1159/2086/1886
f 1159/2086/1886 1145/2099/1895 1146/2100/1896
f 1159/2086/1886 1146/2100/1896 925/2101/1543
f 925/2101/1543 1146/2100/1896 905/2102/1897
f 925/2101/1543 905/2102/1897 904/2103/1553
f 925/2101/1543 924/2088/1539 1159/2086/1886
f 923/2104/1534 516/2105/1538 1147/2106/1898
f 1147/2106/1898 516/2105/1538 515/2107/1899
f 1147/2106/1898 515/2107/1899 1148/2108/1900
f 1148/2108/1900 515/2107/1899 514/2109/1901
f 1148/2108/1900 514/2109/1901 1149/2110/1902
f 1149/2110/1902 514/2109/1901 513/2111/1903
f 1149/2110/1902 513/2111/1903 512/2112/1904
f 1149/2110/1902 512/2112/1904 1150/2113/1905
f 1150/2113/1905 512/2112/1904 511/2114/1906
f 1150/2113/1905 511/2114/1906 1151/2115/1907
f 1151/2115/1907 511/2114/1906 510/2116/1908
f 1151/2115/1907 510/2116/1908 1152/2117/1909
f 1152/2117/1909 510/2116/1908 509/2118/1910
f 1152/2117/1909 509/2118/1910 1153/2119/1911
f 1153/2119/1911 509/2118/1910 508/2120/1912
f 1153/2119/1911 508/2120/1912 1154/2121/1913
f 1154/2121/1913 508/2120/1912 507/2122/1914
f 1154/2121/1913 507/2122/1914 1095/2123/1854
f 1095/2123/1854 507/2122/1914 506/2124/1857
f 1139/2125/1915 1092/2126/1916 1160/2127/1917
f 1160/2127/1917 1092/2126/1916 1112/2128/1918
f 1160/2127/1917 1112/2128/1918 1166/2129/1919
f 1166/2129/1919 1112/2128/1918 1111/2130/1920
f 1166/2129/1919 1111/2130/1920 1172/2131/1921
f 1172/2131/1921 1111/2130/1920 1110/2132/1922
f 1172/2131/1921 1110/2132/1922 1178/2133/1923
f 1178/2133/1923 1110/2132/1922 1109/2134/1816
f 1178/2133/1923 1109/2134/1816 1138/2135/1924
f 1178/2133/1923 1138/2135/1924 1179/2136/1925
f 1179/2136/1925 1138/2135/1924 1137/2137/1926
f 1179/2136/1925 1137/2137/1926 1180/2138/1927
f 1180/2138/1927 1137/2137/1926 1136/2139/1928
f 1180/2138/1927 1136/2139/1928 1181/2140/1929
f 1181/2140/1929 1136/2139/1928 1135/2141/1930
f 1181/2140/1929 1135/2141/1930 1182/2142/1931
f 1182/2142/1931 1135/2141/1930 1134/2143/1932
f 1182/2142/1931 1134/2143/1932 1183/2144/1933
f 1183/2144/1933 1134/2143/1932 909/2145/1528
f 1183/2144/1933 909/2145/1528 908/2146/1527
f 1183/2144/1933 908/2146/1527 1177/2147/1934
f 1177/2147/1934 908/2146/1527 907/2148/1526
f 1177/2147/1934 907/2148/1526 1171/2149/1935
f 1171/2149/1935 907/2148/1526 906/2150/1513
f 1171/2149/1935 906/2150/1513 1165/2151/1936
f 1165/2151/1936 906/2150/1513 1146/2152/1937
f 1165/2151/1936 1146/2152/1937 1145/2153/1938
f 906/2150/1513 905/2154/1512 1146/2152/1937
f 1165/2151/1936 1145/2153/1938 1164/2155/1939
f 1164/2155/1939 1145/2153/1938 1144/2156/1940
f 1164/2155/1939 1144/2156/1940 1163/2157/1941
f 1163/2157/1941 1144/2156/1940 1143/2158/1942
f 1163/2157/1941 1143/2158/1942 1162/2159/1943
f 1162/2159/1943 1143/2158/1942 1142/2160/1944
f 1162/2159/1943 1142/2160/1944 1161/2161/1945
f 1161/2161/1945 1142/2160/1944 1141/2162/1946
f 1161/2161/1945 1141/2162/1946 1160/2127/1917
f 1160/2127/1917 1141/2162/1946 1140/2163/1947
f 1160/2127/1917 1140/2163/1947 1139/2125/1915
f 1161/2161/1945 1160/2127/1917 1167/2164/1948
f 1167/2164/1948 1160/2127/1917 1166/2129/1919
f 1167/2164/1948 1166/2129/1919 1173/2165/1949
f 1173/2165/1949 1166/2129/1919 1172/2131/1921
f 1173/2165/1949 1172/2131/1921 1179/2136/1925
f 1179/2136/1925 1172/2131/1921 1178/2133/1923
f 1162/2159/1943 1161/2161/1945 1168/2166/1950
f 1168/2166/1950 1161/2161/1945 1167/2164/1948
f 1168/2166/1950 1167/2164/1948 1174/2167/1951
f 1174/2167/1951 1167/2164/1948 1173/2165/1949
f 1174/2167/1951 1173/2165/1949 1180/2138/1927
f 1180/2138/1927 1173/2165/1949 1179/2136/1925
f 1163/2157/1941 1162/2159/1943 1169/2168/1952
f 1169/2168/1952 1162/2159/1943 1168/2166/1950
f 1169/2168/1952 1168/2166/1950 1175/2169/1953
f 1175/2169/1953 1168/2166/1950 1174/2167/1951
f 1175/2169/1953 1174/2167/1951 1181/2140/1929
f 1181/2140/1929 1174/2167/1951 1180/2138/1927
f 1171/2149/1935 1165/2151/1936 1164/2155/1939
f 1164/2155/1939 1163/2157/1941 1170/2170/1954
f 1170/2170/1954 1163/2157/1941 1169/2168/1952
f 1170/2170/1954 1169/2168/1952 1176/2171/1955
f 1176/2171/1955 1169/2168/1952 1175/2169/1953
f 1176/2171/1955 1175/2169/1953 1182/2142/1931
f 1182/2142/1931 1175/2169/1953 1181/2140/1929
f 1177/2147/1934 1171/2149/1935 1170/2170/1954
f 1170/2170/1954 1171/2149/1935 1164/2155/1939
f 1177/2147/1934 1170/2170/1954 1176/2171/1955
f 1183/2144/1933 1177/2147/1934 1176/2171/1955
f 1183/2144/1933 1176/2171/1955 1182/2142/1931
f 1109/2172/1816 1108/2173/1817 1128/2174/1865
f 1128/2174/1865 1108/2173/1817 1186/2175/1956
f 1186/2175/1956 1108/2173/1817 1185/2176/1957
f 1185/2176/1957 1108/2173/1817 1107/2177/1819
f 1185/2176/1957 1107/2177/1819 1184/2178/1958
f 1184/2178/1958 1107/2177/1819 1106/2179/1842
f 1186/2180/1959 1195/2181/1960 1128/2182/1961
f 1128/2182/1961 1195/2181/1960 910/2183/1962
f 1128/2182/1961 910/2183/1962 1133/2184/1963
f 1186/2180/1959 1185/2185/1964 1195/2181/1960
f 1195/2181/1960 1185/2185/1964 1194/2186/1965
f 1195/2181/1960 1194/2186/1965 1037/2187/1966
f 1037/2187/1966 1194/2186/1965 1038/2188/1967
f 1038/2188/1967 1194/2186/1965 1039/2189/1968
f 1039/2189/1968 1194/2186/1965 1045/2190/1969
f 1039/2189/1968 1045/2190/1969 1044/2191/1970
f 1185/2185/1964 1184/2192/1971 1194/2186/1965
f 1194/2186/1965 1184/2192/1971 1192/2193/1972
f 1194/2186/1965 1192/2193/1972 1193/2194/1973
f 1187/2195/1974 1188/2196/1975 1184/2192/1971
f 1184/2192/1971 1188/2196/1975 1189/2197/1976
f 1184/2192/1971 1189/2197/1976 1190/2198/1977
f 1190/2198/1977 1191/2199/1978 1184/2192/1971
f 1184/2192/1971 1191/2199/1978 1192/2193/1972
f 1193/2194/1973 1045/2190/1969 1194/2186/1965
f 1044/2191/1970 1043/2200/1979 1039/2189/1968
f 1039/2189/1968 1043/2200/1979 1042/2201/1980
f 1039/2189/1968 1042/2201/1980 1041/2202/1981
f 1041/2202/1981 1040/2203/1982 1039/2189/1968
f 1037/2187/1966 994/2204/1983 1195/2181/1960
f 1195/2181/1960 994/2204/1983 912/2205/1984
f 1195/2181/1960 912/2205/1984 911/2206/1985
f 993/2207/1986 992/2208/1987 994/2204/1983
f 994/2204/1983 992/2208/1987 991/2209/1988
f 994/2204/1983 991/2209/1988 990/2210/1989
f 990/2210/1989 989/2211/1990 994/2204/1983
f 994/2204/1983 989/2211/1990 912/2205/1984
f 911/2206/1985 910/2183/1962 1195/2181/1960
f 1133/2184/1963 1132/2212/1991 1128/2182/1961
f 1128/2182/1961 1132/2212/1991 1131/2213/1992
f 1128/2182/1961 1131/2213/1992 1130/2214/1993
f 1130/2214/1993 1129/2215/1994 1128/2182/1961
f 1192/2216/1995 1196/2217/1996 1193/2218/1997
f 1193/2218/1997 1196/2217/1996 1203/2219/1998
f 1193/2218/1997 1203/2219/1998 753/2220/1728
f 753/2220/1728 1203/2219/1998 1046/2221/1731
f 1046/2221/1731 1203/2219/1998 1202/2222/1999
f 1046/2221/1731 1202/2222/1999 1047/2223/1733
f 1047/2223/1733 1202/2222/1999 1201/2224/2000
f 1047/2223/1733 1201/2224/2000 1073/2225/1770
f 1073/2225/1770 1201/2224/2000 539/2226/2001
f 1073/2225/1770 539/2226/2001 538/2227/2002
f 1196/2217/1996 1197/2228/2003 1203/2219/1998
f 1203/2219/1998 1197/2228/2003 1202/2222/1999
f 1197/2228/2003 1198/2229/2004 1202/2222/1999
f 1202/2222/1999 1198/2229/2004 1201/2224/2000
f 1198/2229/2004 1199/2230/2005 1201/2224/2000
f 1201/2224/2000 1199/2230/2005 539/2226/2001
f 1200/2231/2006 540/2232/2007 1199/2230/2005
f 1199/2230/2005 540/2232/2007 539/2226/2001
f 538/2227/2002 1021/2233/1772 1073/2225/1770
f 753/2220/1728 1045/2234/1727 1193/2218/1997
f 1200/2235/2006 1199/2236/2005 1218/2237/2008
f 1218/2237/2008 1199/2236/2005 1219/2238/2009
f 1218/2237/2008 1219/2238/2009 1217/2239/2010
f 1217/2239/2010 1219/2238/2009 1220/2240/2011
f 1217/2239/2010 1220/2240/2011 1216/2241/2012
f 1216/2241/2012 1220/2240/2011 1221/2242/2013
f 1216/2241/2012 1221/2242/2013 1215/2243/2014
f 1215/2243/2014 1221/2242/2013 1222/2244/2015
f 1215/2243/2014 1222/2244/2015 1214/2245/2016
f 1214/2245/2016 1222/2244/2015 1223/2246/2017
f 1214/2245/2016 1223/2246/2017 1213/2247/2018
f 1213/2247/2018 1223/2246/2017 1224/2248/2019
f 1213/2247/2018 1224/2248/2019 1212/2249/2020
f 1212/2249/2020 1224/2248/2019 1211/2250/2021
f 1211/2250/2021 1224/2248/2019 1102/2251/2022
f 1102/2251/2022 1224/2248/2019 1103/2252/2023
f 1103/2252/2023 1224/2248/2019 1230/2253/2024
f 1103/2252/2023 1230/2253/2024 1104/2254/2025
f 1104/2254/2025 1230/2253/2024 1236/2255/2026
f 1104/2254/2025 1236/2255/2026 1105/2256/2027
f 1105/2256/2027 1236/2255/2026 1242/2257/2028
f 1105/2256/2027 1242/2257/2028 1210/2258/2029
f 1210/2258/2029 1242/2257/2028 1209/2259/2030
f 1209/2259/2030 1242/2257/2028 1241/2260/2031
f 1209/2259/2030 1241/2260/2031 1208/2261/2032
f 1208/2261/2032 1241/2260/2031 1240/2262/2033
f 1208/2261/2032 1240/2262/2033 1207/2263/2034
f 1207/2263/2034 1240/2262/2033 1239/2264/2035
f 1207/2263/2034 1239/2264/2035 1206/2265/2036
f 1206/2265/2036 1239/2264/2035 1238/2266/2037
f 1206/2265/2036 1238/2266/2037 1205/2267/2038
f 1205/2267/2038 1238/2266/2037 1237/2268/2039
f 1205/2267/2038 1237/2268/2039 1204/2269/2040
f 1204/2269/2040 1237/2268/2039 1197/2270/2003
f 1204/2269/2040 1197/2270/2003 1196/2271/1996
f 1219/2238/2009 1199/2236/2005 1225/2272/2041
f 1225/2272/2041 1199/2236/2005 1198/2273/2004
f 1225/2272/2041 1198/2273/2004 1231/2274/2042
f 1231/2274/2042 1198/2273/2004 1197/2270/2003
f 1231/2274/2042 1197/2270/2003 1237/2268/2039
f 1210/2258/2029 1106/2275/1842 1105/2256/2027
f 1220/2240/2011 1219/2238/2009 1226/2276/2043
f 1226/2276/2043 1219/2238/2009 1225/2272/2041
f 1226/2276/2043 1225/2272/2041 1232/2277/2044
f 1232/2277/2044 1225/2272/2041 1231/2274/2042
f 1232/2277/2044 1231/2274/2042 1238/2266/2037
f 1238/2266/2037 1231/2274/2042 1237/2268/2039
f 1221/2242/2013 1220/2240/2011 1227/2278/2045
f 1227/2278/2045 1220/2240/2011 1226/2276/2043
f 1227/2278/2045 1226/2276/2043 1233/2279/2046
f 1233/2279/2046 1226/2276/2043 1232/2277/2044
f 1233/2279/2046 1232/2277/2044 1239/2264/2035
f 1239/2264/2035 1232/2277/2044 1238/2266/2037
f 1222/2244/2015 1221/2242/2013 1228/2280/2047
f 1228/2280/2047 1221/2242/2013 1227/2278/2045
f 1228/2280/2047 1227/2278/2045 1234/2281/2048
f 1234/2281/2048 1227/2278/2045 1233/2279/2046
f 1234/2281/2048 1233/2279/2046 1240/2262/2033
f 1240/2262/2033 1233/2279/2046 1239/2264/2035
f 1230/2253/2024 1224/2248/2019 1223/2246/2017
f 1223/2246/2017 1222/2244/2015 1229/2282/2049
f 1229/2282/2049 1222/2244/2015 1228/2280/2047
f 1229/2282/2049 1228/2280/2047 1235/2283/2050
f 1235/2283/2050 1228/2280/2047 1234/2281/2048
f 1235/2283/2050 1234/2281/2048 1241/2260/2031
f 1241/2260/2031 1234/2281/2048 1240/2262/2033
f 1236/2255/2026 1230/2253/2024 1229/2282/2049
f 1229/2282/2049 1230/2253/2024 1223/2246/2017
f 1236/2255/2026 1229/2282/2049 1235/2283/2050
f 1242/2257/2028 1236/2255/2026 1235/2283/2050
f 1242/2257/2028 1235/2283/2050 1241/2260/2031
f 1196/2284/1996 1192/2285/1995 1204/2286/2051
f 1204/2286/2051 1192/2285/1995 1191/2287/2052
f 1204/2286/2051 1191/2287/2052 1205/2288/2053
f 1205/2288/2053 1191/2287/2052 1190/2289/2054
f 1205/2288/2053 1190/2289/2054 1206/2290/2055
f 1206/2290/2055 1190/2289/2054 1189/2291/2056
f 1206/2290/2055 1189/2291/2056 1207/2292/2057
f 1207/2292/2057 1189/2291/2056 1208/2293/2058
f 1208/2293/2058 1189/2291/2056 1188/2294/2059
f 1208/2293/2058 1188/2294/2059 1209/2295/2060
f 1209/2295/2060 1188/2294/2059 1187/2296/2061
f 1209/2295/2060 1187/2296/2061 1210/2297/2062
f 1210/2297/2062 1187/2296/2061 1184/2298/1958
f 1210/2297/2062 1184/2298/1958 1106/2299/1842
f 543/2300/923 1243/2301/2063 544/2302/922
f 544/2302/922 1243/2301/2063 792/2303/2064
f 792/2303/2064 1243/2301/2063 1244/2304/2065
f 792/2303/2064 1244/2304/2065 793/2305/2066
f 793/2305/2066 1244/2304/2065 1245/2306/2067
f 793/2305/2066 1245/2306/2067 794/2307/2068
f 794/2307/2068 1245/2306/2067 795/2308/2069
f 795/2308/2069 1245/2306/2067 1246/2309/2070
f 795/2308/2069 1246/2309/2070 796/2310/2071
f 796/2310/2071 1246/2309/2070 1247/2311/2072
f 796/2310/2071 1247/2311/2072 797/2312/2073
f 797/2312/2073 1247/2311/2072 1248/2313/2074
f 797/2312/2073 1248/2313/2074 798/2314/2075
f 798/2314/2075 1248/2313/2074 1249/2315/2076
f 798/2314/2075 1249/2315/2076 799/2316/2077
f 799/2316/2077 1249/2315/2076 1250/2317/2078
f 799/2316/2077 1250/2317/2078 800/2318/2079
f 800/2318/2079 1250/2317/2078 1099/2319/1845
f 800/2318/2079 1099/2319/1845 801/2320/1864
f 1211/2321/2080 1102/2322/1826 1251/2323/2081
f 1251/2323/2081 1102/2322/1826 1101/2324/1828
f 1251/2323/2081 1101/2324/1828 1100/2325/1830
f 1099/2326/1832 1250/2327/2082 1100/2325/1830
f 1100/2325/1830 1250/2327/2082 1251/2323/2081
f 1250/2327/2082 1249/2328/2083 1251/2323/2081
f 1251/2323/2081 1249/2328/2083 1252/2329/2084
f 1251/2323/2081 1252/2329/2084 1213/2330/2085
f 1213/2330/2085 1252/2329/2084 1214/2331/2086
f 1214/2331/2086 1252/2329/2084 1253/2332/2087
f 1214/2331/2086 1253/2332/2087 1215/2333/2088
f 1215/2333/2088 1253/2332/2087 1216/2334/2089
f 1216/2334/2089 1253/2332/2087 1254/2335/2090
f 1216/2334/2089 1254/2335/2090 1217/2336/2091
f 1217/2336/2091 1254/2335/2090 1255/2337/2092
f 1217/2336/2091 1255/2337/2092 1218/2338/2093
f 1218/2338/2093 1255/2337/2092 541/2339/931
f 1218/2338/2093 541/2339/931 1200/2340/2094
f 1200/2340/2094 541/2339/931 540/2341/953
f 1249/2328/2083 1248/2342/2095 1252/2329/2084
f 1252/2329/2084 1248/2342/2095 1253/2332/2087
f 1248/2342/2095 1247/2343/2096 1253/2332/2087
f 1253/2332/2087 1247/2343/2096 1246/2344/2097
f 1253/2332/2087 1246/2344/2097 1254/2335/2090
f 1254/2335/2090 1246/2344/2097 1245/2345/2098
f 1254/2335/2090 1245/2345/2098 1255/2337/2092
f 1255/2337/2092 1245/2345/2098 1244/2346/2099
f 1255/2337/2092 1244/2346/2099 542/2347/927
f 542/2347/927 1244/2346/2099 1243/2348/2100
f 542/2347/927 1243/2348/2100 543/2349/923
f 542/2347/927 541/2339/931 1255/2337/2092
f 1213/2330/2085 1212/2350/2101 1251/2323/2081
f 1251/2323/2081 1212/2350/2101 1211/2321/2080
f 634/2351/2102 633/2352/2103 1257/2353/2104
f 1257/2353/2104 633/2352/2103 632/2354/2105
f 1257/2353/2104 632/2354/2105 1256/2355/2106
f 1256/2355/2106 632/2354/2105 631/2356/2107
f 646/2357/2108 645/2358/2109 1260/2359/2110
f 1260/2359/2110 645/2358/2109 644/2360/2111
f 1260/2359/2110 644/2360/2111 643/2361/2112
f 643/2361/2112 642/2362/2113 1260/2359/2110
f 1260/2359/2110 642/2362/2113 641/2363/2114
f 1260/2359/2110 641/2363/2114 1259/2364/2115
f 1259/2364/2115 641/2363/2114 640/2365/2116
f 1259/2364/2115 640/2365/2116 639/2366/2117
f 1259/2364/2115 639/2366/2117 1258/2367/2118
f 1258/2367/2118 639/2366/2117 638/2368/2119
f 1258/2367/2118 638/2368/2119 637/2369/2120
f 637/2369/2120 636/2370/2121 1258/2367/2118
f 1258/2367/2118 636/2370/2121 635/2371/2122
f 1258/2367/2118 635/2371/2122 634/2372/2102
f 1261/2373/2123 1262/2374/2124 1285/2375/2125
f 1285/2375/2125 1262/2374/2124 1284/2376/2126
f 1284/2376/2126 1262/2374/2124 1286/2377/2127
f 1284/2376/2126 1286/2377/2127 1283/2378/2128
f 1283/2378/2128 1286/2377/2127 1287/2379/2129
f 1283/2378/2128 1287/2379/2129 1282/2380/2130
f 1282/2380/2130 1287/2379/2129 1288/2381/2131
f 1282/2380/2130 1288/2381/2131 1281/2382/2132
f 1281/2382/2132 1288/2381/2131 1280/2383/2133
f 1280/2383/2133 1288/2381/2131 1289/2384/2134
f 1280/2383/2133 1289/2384/2134 1279/2385/2135
f 1279/2385/2135 1289/2384/2134 1290/2386/2136
f 1279/2385/2135 1290/2386/2136 1278/2387/2137
f 1278/2387/2137 1290/2386/2136 1275/2388/2138
f 1278/2387/2137 1275/2388/2138 1277/2389/2139
f 1277/2389/2139 1275/2388/2138 1276/2390/2140
f 1262/2374/2124 1263/2391/2141 1286/2377/2127
f 1286/2377/2127 1263/2391/2141 1266/2392/2142
f 1286/2377/2127 1266/2392/2142 1267/2393/2143
f 1264/2394/2144 1265/2395/2145 1263/2391/2141
f 1263/2391/2141 1265/2395/2145 1266/2392/2142
f 1286/2377/2127 1267/2393/2143 1287/2379/2129
f 1287/2379/2129 1267/2393/2143 1268/2396/2146
f 1287/2379/2129 1268/2396/2146 1288/2381/2131
f 1288/2381/2131 1268/2396/2146 1269/2397/2147
f 1288/2381/2131 1269/2397/2147 1270/2398/2148
f 1288/2381/2131 1270/2398/2148 1289/2384/2134
f 1289/2384/2134 1270/2398/2148 1271/2399/2149
f 1289/2384/2134 1271/2399/2149 1290/2386/2136
f 1290/2386/2136 1271/2399/2149 1272/2400/2150
f 1290/2386/2136 1272/2400/2150 1274/2401/2151
f 1274/2401/2151 1272/2400/2150 1273/2402/2152
f 1274/2401/2151 1275/2388/2138 1290/2386/2136
f 1264/2403/2144 584/2404/2153 1265/2405/2154
f 1265/2405/2154 584/2404/2153 583/2406/2155
f 1265/2405/2154 583/2406/2155 1266/2407/2156
f 1266/2407/2156 583/2406/2155 576/2408/2157
f 1266/2407/2156 576/2408/2157 1267/2409/2158
f 1267/2409/2158 576/2408/2157 575/2410/2159
f 1267/2409/2158 575/2410/2159 1268/2411/2160
f 1268/2411/2160 575/2410/2159 574/2412/2161
f 1268/2411/2160 574/2412/2161 1269/2413/2162
f 1269/2413/2162 574/2412/2161 573/2414/2163
f 1269/2413/2162 573/2414/2163 1270/2415/2164
f 1270/2415/2164 573/2414/2163 572/2416/2165
f 1270/2415/2164 572/2416/2165 571/2417/2166
f 1270/2415/2164 571/2417/2166 1271/2418/2167
f 1271/2418/2167 571/2417/2166 570/2419/2168
f 1271/2418/2167 570/2419/2168 1272/2420/2169
f 1272/2420/2169 570/2419/2168 569/2421/2170
f 1272/2420/2169 569/2421/2170 1273/2422/2171
f 1273/2422/2171 569/2421/2170 568/2423/2172
f 1291/2424/2173 1292/2425/2174 1304/2426/2175
f 1304/2426/2175 1292/2425/2174 1303/2427/2176
f 1303/2427/2176 1292/2425/2174 1293/2428/2177
f 1303/2427/2176 1293/2428/2177 1302/2429/2178
f 1302/2429/2178 1293/2428/2177 1294/2430/2179
f 1302/2429/2178 1294/2430/2179 1301/2431/2180
f 1301/2431/2180 1294/2430/2179 1295/2432/2181
f 1301/2431/2180 1295/2432/2181 1300/2433/2182
f 1300/2433/2182 1295/2432/2181 1296/2434/2183
f 1300/2433/2182 1296/2434/2183 1299/2435/2184
f 1299/2435/2184 1296/2434/2183 1297/2436/2185
f 1299/2435/2184 1297/2436/2185 1298/2437/2186
f 1276/2438/2187 1305/2439/2188 1277/2440/2189
f 1277/2440/2189 1305/2439/2188 1311/2441/2190
f 1277/2440/2189 1311/2441/2190 1278/2442/2191
f 1278/2442/2191 1311/2441/2190 1279/2443/2192
f 1279/2443/2192 1311/2441/2190 1312/2444/2193
f 1279/2443/2192 1312/2444/2193 1280/2445/2194
f 1280/2445/2194 1312/2444/2193 1313/2446/2195
f 1280/2445/2194 1313/2446/2195 1281/2447/2196
f 1281/2447/2196 1313/2446/2195 1314/2448/2197
f 1281/2447/2196 1314/2448/2197 1282/2449/2198
f 1282/2449/2198 1314/2448/2197 1315/2450/2199
f 1282/2449/2198 1315/2450/2199 1283/2451/2200
f 1283/2451/2200 1315/2450/2199 1316/2452/2201
f 1283/2451/2200 1316/2452/2201 1284/2453/2202
f 1284/2453/2202 1316/2452/2201 1285/2454/2203
f 1285/2454/2203 1316/2452/2201 1310/2455/2204
f 1310/2455/2204 1316/2452/2201 1322/2456/2205
f 1310/2455/2204 1322/2456/2205 1309/2457/2206
f 1309/2457/2206 1322/2456/2205 1328/2458/2207
f 1309/2457/2206 1328/2458/2207 1308/2459/2208
f 1308/2459/2208 1328/2458/2207 1334/2460/2209
f 1308/2459/2208 1334/2460/2209 1298/2461/2186
f 1298/2461/2186 1334/2460/2209 1299/2462/2210
f 1299/2462/2210 1334/2460/2209 1333/2463/2211
f 1299/2462/2210 1333/2463/2211 1300/2464/2212
f 1300/2464/2212 1333/2463/2211 1332/2465/2213
f 1300/2464/2212 1332/2465/2213 1301/2466/2214
f 1301/2466/2214 1332/2465/2213 1331/2467/2215
f 1301/2466/2214 1331/2467/2215 1302/2468/2216
f 1302/2468/2216 1331/2467/2215 1330/2469/2217
f 1302/2468/2216 1330/2469/2217 1303/2470/2218
f 1303/2470/2218 1330/2469/2217 1329/2471/2219
f 1303/2470/2218 1329/2471/2219 1304/2472/2175
f 1304/2472/2175 1329/2471/2219 1307/2473/2220
f 1307/2473/2220 1329/2471/2219 1323/2474/2221
f 1307/2473/2220 1323/2474/2221 1306/2475/2222
f 1306/2475/2222 1323/2474/2221 1317/2476/2223
f 1306/2475/2222 1317/2476/2223 1305/2439/2188
f 1305/2439/2188 1317/2476/2223 1311/2441/2190
f 1312/2444/2193 1311/2441/2190 1318/2477/2224
f 1318/2477/2224 1311/2441/2190 1317/2476/2223
f 1318/2477/2224 1317/2476/2223 1324/2478/2225
f 1324/2478/2225 1317/2476/2223 1323/2474/2221
f 1324/2478/2225 1323/2474/2221 1330/2469/2217
f 1330/2469/2217 1323/2474/2221 1329/2471/2219
f 1313/2446/2195 1312/2444/2193 1319/2479/2226
f 1319/2479/2226 1312/2444/2193 1318/2477/2224
f 1319/2479/2226 1318/2477/2224 1325/2480/2227
f 1325/2480/2227 1318/2477/2224 1324/2478/2225
f 1325/2480/2227 1324/2478/2225 1331/2467/2215
f 1331/2467/2215 1324/2478/2225 1330/2469/2217
f 1314/2448/2197 1313/2446/2195 1320/2481/2228
f 1320/2481/2228 1313/2446/2195 1319/2479/2226
f 1320/2481/2228 1319/2479/2226 1326/2482/2229
f 1326/2482/2229 1319/2479/2226 1325/2480/2227
f 1326/2482/2229 1325/2480/2227 1332/2465/2213
f 1332/2465/2213 1325/2480/2227 1331/2467/2215
f 1322/2456/2205 1316/2452/2201 1315/2450/2199
f 1315/2450/2199 1314/2448/2197 1321/2483/2230
f 1321/2483/2230 1314/2448/2197 1320/2481/2228
f 1321/2483/2230 1320/2481/2228 1327/2484/2231
f 1327/2484/2231 1320/2481/2228 1326/2482/2229
f 1327/2484/2231 1326/2482/2229 1333/2463/2211
f 1333/2463/2211 1326/2482/2229 1332/2465/2213
f 1328/2458/2207 1322/2456/2205 1321/2483/2230
f 1321/2483/2230 1322/2456/2205 1315/2450/2199
f 1328/2458/2207 1321/2483/2230 1327/2484/2231
f 1334/2460/2209 1328/2458/2207 1327/2484/2231
f 1334/2460/2209 1327/2484/2231 1333/2463/2211
f 368/2485/2232 345/2486/2233 1264/2487/2144
f 1264/2487/2144 345/2486/2233 344/2488/2234
f 1264/2487/2144 344/2488/2234 343/2489/2235
f 1264/2487/2144 343/2489/2235 584/2490/2153
f 584/2490/2153 343/2489/2235 342/2491/2236
f 584/2490/2153 342/2491/2236 341/2492/2237
f 1264/2487/2144 1263/2493/2141 368/2485/2232
f 368/2485/2232 1263/2493/2141 375/2494/2238
f 375/2494/2238 1263/2493/2141 376/2495/2239
f 376/2495/2239 1263/2493/2141 377/2496/2240
f 377/2496/2240 1263/2493/2141 1262/2497/2124
f 377/2496/2240 1262/2497/2124 378/2498/2241
f 378/2498/2241 1262/2497/2124 379/2499/2242
f 379/2499/2242 1262/2497/2124 1342/2500/2243
f 379/2499/2242 1342/2500/2243 380/2501/2244
f 380/2501/2244 1342/2500/2243 386/2502/2245
f 386/2502/2245 1342/2500/2243 449/2503/2246
f 449/2503/2246 1342/2500/2243 1340/2504/2247
f 449/2503/2246 1340/2504/2247 450/2505/2248
f 450/2505/2248 1340/2504/2247 1341/2506/2249
f 450/2505/2248 1341/2506/2249 585/2507/1020
f 1261/2508/2123 1335/2509/2250 1262/2497/2124
f 1262/2497/2124 1335/2509/2250 1342/2500/2243
f 1336/2510/2251 1337/2511/2252 1335/2509/2250
f 1335/2509/2250 1337/2511/2252 1338/2512/2253
f 1335/2509/2250 1338/2512/2253 1342/2500/2243
f 1342/2500/2243 1338/2512/2253 1339/2513/2254
f 1342/2500/2243 1339/2513/2254 1340/2504/2247
f 404/2514/1031 403/2515/2255 585/2507/1020
f 585/2507/1020 403/2515/2255 402/2516/2256
f 585/2507/1020 402/2516/2256 401/2517/2257
f 401/2517/2257 454/2518/2258 585/2507/1020
f 585/2507/1020 454/2518/2258 453/2519/2259
f 585/2507/1020 453/2519/2259 452/2520/2260
f 452/2520/2260 451/2521/2261 585/2507/1020
f 585/2507/1020 451/2521/2261 450/2505/2248
f 1285/2522/2203 1310/2523/2204 1261/2524/2262
f 1261/2524/2262 1310/2523/2204 1335/2525/2263
f 1335/2525/2263 1310/2523/2204 1353/2526/2264
f 1335/2525/2263 1353/2526/2264 1349/2527/2265
f 1349/2527/2265 1353/2526/2264 1348/2528/2266
f 1348/2528/2266 1353/2526/2264 1347/2529/2267
f 1347/2529/2267 1353/2526/2264 1352/2530/2268
f 1347/2529/2267 1352/2530/2268 1346/2531/2269
f 1346/2531/2269 1352/2530/2268 1351/2532/2270
f 1346/2531/2269 1351/2532/2270 1345/2533/2271
f 1345/2533/2271 1351/2532/2270 1343/2534/2272
f 1345/2533/2271 1343/2534/2272 1344/2535/2273
f 1310/2523/2204 1309/2536/2206 1353/2526/2264
f 1353/2526/2264 1309/2536/2206 1352/2530/2268
f 1309/2536/2206 1308/2537/2208 1352/2530/2268
f 1352/2530/2268 1308/2537/2208 1351/2532/2270
f 1308/2537/2208 1298/2538/2186 1351/2532/2270
f 1351/2532/2270 1298/2538/2186 1343/2534/2272
f 1298/2538/2186 1297/2539/2185 1343/2534/2272
f 1350/2540/2274 1336/2541/2275 1349/2527/2265
f 1349/2527/2265 1336/2541/2275 1335/2525/2263
f 1296/2542/2276 1291/2543/2277 1297/2544/2278
f 1297/2544/2278 1291/2543/2277 1380/2545/2279
f 1297/2544/2278 1380/2545/2279 1343/2546/2280
f 1343/2546/2280 1380/2545/2279 1344/2547/2281
f 1344/2547/2281 1380/2545/2279 1373/2548/2282
f 1344/2547/2281 1373/2548/2282 1378/2549/2283
f 1378/2549/2283 1373/2548/2282 1377/2550/2284
f 1377/2550/2284 1373/2548/2282 1376/2551/2285
f 1376/2551/2285 1373/2548/2282 1375/2552/2286
f 1375/2552/2286 1373/2548/2282 1374/2553/2287
f 1296/2542/2276 1295/2554/2288 1291/2543/2277
f 1291/2543/2277 1295/2554/2288 1294/2555/2289
f 1291/2543/2277 1294/2555/2289 1293/2556/2290
f 1293/2556/2290 1292/2557/2291 1291/2543/2277
f 1291/2543/2277 1354/2558/2292 1380/2545/2279
f 1380/2545/2279 1354/2558/2292 1355/2559/2293
f 1380/2545/2279 1355/2559/2293 1379/2560/2294
f 1379/2560/2294 1355/2559/2293 1356/2561/2295
f 1379/2560/2294 1356/2561/2295 1362/2562/2296
f 1362/2562/2296 1356/2561/2295 1361/2563/2297
f 1361/2563/2297 1356/2561/2295 1360/2564/2298
f 1360/2564/2298 1356/2561/2295 1359/2565/2299
f 1359/2565/2299 1356/2561/2295 1358/2566/2300
f 1358/2566/2300 1356/2561/2295 1357/2567/2301
f 1362/2562/2296 1363/2568/2302 1379/2560/2294
f 1379/2560/2294 1363/2568/2302 1364/2569/2303
f 1379/2560/2294 1364/2569/2303 1370/2570/2304
f 1370/2570/2304 1364/2569/2303 1365/2571/2305
f 1370/2570/2304 1365/2571/2305 1366/2572/2306
f 1366/2572/2306 1367/2573/2307 1370/2570/2304
f 1370/2570/2304 1367/2573/2307 1368/2574/2308
f 1370/2570/2304 1368/2574/2308 1369/2575/2309
f 1370/2570/2304 1371/2576/2310 1379/2560/2294
f 1379/2560/2294 1371/2576/2310 1372/2577/2311
f 1379/2560/2294 1372/2577/2311 1380/2545/2279
f 1380/2545/2279 1372/2577/2311 1373/2548/2282
f 1304/2578/2175 1381/2579/2312 1291/2580/2173
f 1291/2580/2173 1381/2579/2312 1354/2581/2313
f 1354/2581/2313 1381/2579/2312 1382/2582/2314
f 1354/2581/2313 1382/2582/2314 1355/2583/2315
f 1355/2583/2315 1382/2582/2314 1356/2584/2316
f 1356/2584/2316 1382/2582/2314 1383/2585/2317
f 1384/2586/2318 1385/2587/2319 1405/2588/2320
f 1405/2588/2320 1385/2587/2319 1408/2589/2321
f 1405/2588/2320 1408/2589/2321 1404/2590/2322
f 1404/2590/2322 1408/2589/2321 1409/2591/2323
f 1404/2590/2322 1409/2591/2323 1403/2592/2324
f 1403/2592/2324 1409/2591/2323 1410/2593/2325
f 1403/2592/2324 1410/2593/2325 1402/2594/2326
f 1402/2594/2326 1410/2593/2325 1411/2595/2327
f 1402/2594/2326 1411/2595/2327 1401/2596/2328
f 1401/2596/2328 1411/2595/2327 1412/2597/2329
f 1401/2596/2328 1412/2597/2329 1400/2598/2330
f 1400/2598/2330 1412/2597/2329 1413/2599/2331
f 1400/2598/2330 1413/2599/2331 1399/2600/2332
f 1399/2600/2332 1413/2599/2331 1398/2601/2333
f 1398/2601/2333 1413/2599/2331 1396/2602/2334
f 1398/2601/2333 1396/2602/2334 1397/2603/2335
f 1408/2589/2321 1385/2587/2319 1406/2604/2336
f 1406/2604/2336 1385/2587/2319 1386/2605/2337
f 1406/2604/2336 1386/2605/2337 1429/2606/2338
f 1429/2606/2338 1386/2605/2337 1419/2607/2339
f 1429/2606/2338 1419/2607/2339 1420/2608/2340
f 1420/2608/2340 1419/2607/2339 1431/2609/2341
f 1420/2608/2340 1431/2609/2341 1432/2610/2342
f 1432/2610/2342 1431/2609/2341 1390/2611/2343
f 1432/2610/2342 1390/2611/2343 1391/2612/2344
f 1386/2605/2337 1387/2613/2345 1419/2607/2339
f 1419/2607/2339 1387/2613/2345 1430/2614/2346
f 1419/2607/2339 1430/2614/2346 1431/2609/2341
f 1431/2609/2341 1430/2614/2346 1389/2615/2347
f 1431/2609/2341 1389/2615/2347 1390/2611/2343
f 1387/2613/2345 1388/2616/2348 1430/2614/2346
f 1430/2614/2346 1388/2616/2348 1389/2615/2347
f 1432/2610/2342 1391/2612/2344 1433/2617/2349
f 1433/2617/2349 1391/2612/2344 1392/2618/2350
f 1433/2617/2349 1392/2618/2350 1434/2619/2351
f 1434/2619/2351 1392/2618/2350 1393/2620/2352
f 1434/2619/2351 1393/2620/2352 1435/2621/2353
f 1435/2621/2353 1393/2620/2352 1383/2622/2354
f 1435/2621/2353 1383/2622/2354 1394/2623/2355
f 1435/2621/2353 1394/2623/2355 1424/2624/2356
f 1424/2624/2356 1394/2623/2355 1395/2625/2357
f 1424/2624/2356 1395/2625/2357 1407/2626/2358
f 1407/2626/2358 1395/2625/2357 1396/2602/2334
f 1407/2626/2358 1396/2602/2334 1418/2627/2359
f 1418/2627/2359 1396/2602/2334 1413/2599/2331
f 1418/2627/2359 1413/2599/2331 1412/2597/2329
f 1409/2591/2323 1408/2589/2321 1414/2628/2360
f 1414/2628/2360 1408/2589/2321 1406/2604/2336
f 1414/2628/2360 1406/2604/2336 1428/2629/2361
f 1428/2629/2361 1406/2604/2336 1429/2606/2338
f 1428/2629/2361 1429/2606/2338 1420/2608/2340
f 1410/2593/2325 1409/2591/2323 1415/2630/2362
f 1415/2630/2362 1409/2591/2323 1414/2628/2360
f 1415/2630/2362 1414/2628/2360 1427/2631/2363
f 1427/2631/2363 1414/2628/2360 1428/2629/2361
f 1427/2631/2363 1428/2629/2361 1421/2632/2364
f 1421/2632/2364 1428/2629/2361 1420/2608/2340
f 1421/2632/2364 1420/2608/2340 1432/2610/2342
f 1411/2595/2327 1410/2593/2325 1416/2633/2365
f 1416/2633/2365 1410/2593/2325 1415/2630/2362
f 1416/2633/2365 1415/2630/2362 1426/2634/2366
f 1426/2634/2366 1415/2630/2362 1427/2631/2363
f 1426/2634/2366 1427/2631/2363 1422/2635/2367
f 1422/2635/2367 1427/2631/2363 1421/2632/2364
f 1422/2635/2367 1421/2632/2364 1433/2617/2349
f 1433/2617/2349 1421/2632/2364 1432/2610/2342
f 1412/2597/2329 1411/2595/2327 1417/2636/2368
f 1417/2636/2368 1411/2595/2327 1416/2633/2365
f 1417/2636/2368 1416/2633/2365 1425/2637/2369
f 1425/2637/2369 1416/2633/2365 1426/2634/2366
f 1425/2637/2369 1426/2634/2366 1423/2638/2370
f 1423/2638/2370 1426/2634/2366 1422/2635/2367
f 1423/2638/2370 1422/2635/2367 1434/2619/2351
f 1434/2619/2351 1422/2635/2367 1433/2617/2349
f 1407/2626/2358 1418/2627/2359 1417/2636/2368
f 1417/2636/2368 1418/2627/2359 1412/2597/2329
f 1407/2626/2358 1417/2636/2368 1425/2637/2369
f 1407/2626/2358 1425/2637/2369 1424/2624/2356
f 1424/2624/2356 1425/2637/2369 1423/2638/2370
f 1424/2624/2356 1423/2638/2370 1435/2621/2353
f 1435/2621/2353 1423/2638/2370 1434/2619/2351
f 1437/2639/2371 1438/2640/2372 1436/2641/2373
f 1436/2641/2373 1438/2640/2372 1454/2642/2374
f 1454/2642/2374 1438/2640/2372 1439/2643/2375
f 1454/2642/2374 1439/2643/2375 1453/2644/2376
f 1453/2644/2376 1439/2643/2375 1440/2645/2377
f 1453/2644/2376 1440/2645/2377 1452/2646/2378
f 1452/2646/2378 1440/2645/2377 1441/2647/2379
f 1452/2646/2378 1441/2647/2379 1442/2648/2380
f 1452/2646/2378 1442/2648/2380 1451/2649/2381
f 1451/2649/2381 1442/2648/2380 1443/2650/2382
f 1451/2649/2381 1443/2650/2382 1450/2651/2383
f 1450/2651/2383 1443/2650/2382 1444/2652/2384
f 1450/2651/2383 1444/2652/2384 1449/2653/2385
f 1449/2653/2385 1444/2652/2384 1445/2654/2386
f 1449/2653/2385 1445/2654/2386 1448/2655/2387
f 1448/2655/2387 1445/2654/2386 1446/2656/2388
f 1448/2655/2387 1446/2656/2388 1447/2657/2389
f 1447/2657/2389 1446/2656/2388 613/2658/1054
f 1447/2657/2389 613/2658/1054 612/2659/1056
f 1397/2660/2390 1455/2661/2391 1398/2662/2392
f 1398/2662/2392 1455/2661/2391 1399/2663/2393
f 1399/2663/2393 1455/2661/2391 1457/2664/2394
f 1399/2663/2393 1457/2664/2394 1400/2665/2395
f 1400/2665/2395 1457/2664/2394 1458/2666/2396
f 1400/2665/2395 1458/2666/2396 1401/2667/2397
f 1401/2667/2397 1458/2666/2396 1459/2668/2398
f 1401/2667/2397 1459/2668/2398 1402/2669/2399
f 1402/2669/2399 1459/2668/2398 1403/2670/2400
f 1403/2670/2400 1459/2668/2398 1460/2671/2401
f 1403/2670/2400 1460/2671/2401 1404/2672/2402
f 1404/2672/2402 1460/2671/2401 1461/2673/2403
f 1404/2672/2402 1461/2673/2403 1405/2674/2404
f 1405/2674/2404 1461/2673/2403 610/2675/1064
f 1405/2674/2404 610/2675/1064 1384/2676/2405
f 1384/2676/2405 610/2675/1064 609/2677/1086
f 1455/2661/2391 1456/2678/2406 1457/2664/2394
f 1457/2664/2394 1456/2678/2406 1454/2679/2407
f 1457/2664/2394 1454/2679/2407 1453/2680/2408
f 1456/2678/2406 1436/2681/2409 1454/2679/2407
f 1457/2664/2394 1453/2680/2408 1458/2666/2396
f 1458/2666/2396 1453/2680/2408 1452/2682/2410
f 1458/2666/2396 1452/2682/2410 1459/2668/2398
f 1459/2668/2398 1452/2682/2410 1451/2683/2411
f 1459/2668/2398 1451/2683/2411 1450/2684/2412
f 1459/2668/2398 1450/2684/2412 1460/2671/2401
f 1460/2671/2401 1450/2684/2412 1449/2685/2413
f 1460/2671/2401 1449/2685/2413 1461/2673/2403
f 1461/2673/2403 1449/2685/2413 1448/2686/2414
f 1461/2673/2403 1448/2686/2414 611/2687/1060
f 611/2687/1060 1448/2686/2414 1447/2688/2415
f 611/2687/1060 1447/2688/2415 612/2689/1056
f 611/2687/1060 610/2675/1064 1461/2673/2403
f 1388/2690/2348 1362/2691/2416 1389/2692/2417
f 1389/2692/2417 1362/2691/2416 1361/2693/2418
f 1389/2692/2417 1361/2693/2418 1390/2694/2419
f 1390/2694/2419 1361/2693/2418 1360/2695/2420
f 1390/2694/2419 1360/2695/2420 1391/2696/2421
f 1391/2696/2421 1360/2695/2420 1359/2697/2422
f 1391/2696/2421 1359/2697/2422 1392/2698/2423
f 1392/2698/2423 1359/2697/2422 1358/2699/2424
f 1392/2698/2423 1358/2699/2424 1393/2700/2425
f 1393/2700/2425 1358/2699/2424 1357/2701/2426
f 1393/2700/2425 1357/2701/2426 1383/2702/2317
f 1383/2702/2317 1357/2701/2426 1356/2703/2316
f 359/2704/2427 1441/2705/2428 360/2706/2429
f 360/2706/2429 1441/2705/2428 1440/2707/2430
f 360/2706/2429 1440/2707/2430 1484/2708/2431
f 1484/2708/2431 1440/2707/2430 1439/2709/2432
f 1484/2708/2431 1439/2709/2432 1438/2710/2433
f 359/2704/2427 358/2711/2434 1441/2705/2428
f 1441/2705/2428 358/2711/2434 357/2712/2435
f 1441/2705/2428 357/2712/2435 1442/2713/2436
f 1442/2713/2436 357/2712/2435 356/2714/2437
f 1442/2713/2436 356/2714/2437 1443/2715/2438
f 1443/2715/2438 356/2714/2437 1444/2716/2439
f 1444/2716/2439 356/2714/2437 355/2717/2440
f 1444/2716/2439 355/2717/2440 1445/2718/2441
f 1438/2710/2433 1437/2719/2442 1484/2708/2431
f 1484/2708/2431 1437/2719/2442 1462/2720/2443
f 1484/2708/2431 1462/2720/2443 1468/2721/2444
f 1468/2721/2444 1462/2720/2443 1467/2722/2445
f 1467/2722/2445 1462/2720/2443 1463/2723/2446
f 1467/2722/2445 1463/2723/2446 1466/2724/2447
f 1466/2724/2447 1463/2723/2446 1465/2725/2448
f 1465/2725/2448 1463/2723/2446 1464/2726/2449
f 1484/2708/2431 1468/2721/2444 1483/2727/2450
f 1483/2727/2450 1468/2721/2444 1469/2728/2451
f 1483/2727/2450 1469/2728/2451 1470/2729/2452
f 1470/2729/2452 1471/2730/2453 1483/2727/2450
f 1483/2727/2450 1471/2730/2453 1472/2731/2454
f 1483/2727/2450 1472/2731/2454 1474/2732/2455
f 1474/2732/2455 1472/2731/2454 1473/2733/2456
f 1475/2734/2457 1476/2735/2458 1474/2732/2455
f 1474/2732/2455 1476/2735/2458 1477/2736/2459
f 1474/2732/2455 1477/2736/2459 1483/2727/2450
f 1483/2727/2450 1477/2736/2459 105/2737/2460
f 1483/2727/2450 105/2737/2460 104/2738/2461
f 104/2738/2461 103/2739/2462 1483/2727/2450
f 1483/2727/2450 103/2739/2462 1484/2708/2431
f 103/2739/2462 102/2740/2463 1484/2708/2431
f 1484/2708/2431 102/2740/2463 360/2706/2429
f 360/2706/2429 102/2740/2463 384/2741/2464
f 384/2741/2464 102/2740/2463 1478/2742/2465
f 384/2741/2464 1478/2742/2465 421/2743/2466
f 421/2743/2466 1478/2742/2465 422/2744/2467
f 422/2744/2467 1478/2742/2465 423/2745/2468
f 423/2745/2468 1478/2742/2465 1479/2746/2469
f 423/2745/2468 1479/2746/2469 424/2747/2470
f 424/2747/2470 1479/2746/2469 1480/2748/2471
f 424/2747/2470 1480/2748/2471 1481/2749/2472
f 424/2747/2470 1481/2749/2472 425/2750/1041
f 425/2750/1041 1481/2749/2472 1482/2751/2473
f 425/2750/1041 1482/2751/2473 596/2752/1045
f 568/2753/2172 567/2754/2474 1273/2755/2171
f 1273/2755/2171 567/2754/2474 566/2756/2475
f 1273/2755/2171 566/2756/2475 565/2757/2476
f 565/2757/2476 1485/2758/2477 1273/2755/2171
f 1273/2755/2171 1485/2758/2477 1487/2759/2478
f 1273/2755/2171 1487/2759/2478 1488/2760/2479
f 1485/2758/2477 1486/2761/2480 1487/2759/2478
f 1488/2760/2479 1489/2762/2481 1273/2755/2171
f 1273/2755/2171 1489/2762/2481 1502/2763/2482
f 1502/2763/2482 1489/2762/2481 1490/2764/2483
f 1502/2763/2482 1490/2764/2483 1491/2765/2484
f 1502/2763/2482 1491/2765/2484 1501/2766/2485
f 1501/2766/2485 1491/2765/2484 1492/2767/2486
f 1501/2766/2485 1492/2767/2486 1493/2768/2487
f 1501/2766/2485 1493/2768/2487 1500/2769/2488
f 1500/2769/2488 1493/2768/2487 1494/2770/2489
f 1500/2769/2488 1494/2770/2489 1495/2771/2490
f 1500/2769/2488 1495/2771/2490 1436/2772/2373
f 1436/2772/2373 1495/2771/2490 1496/2773/2491
f 1436/2772/2373 1496/2773/2491 1497/2774/2492
f 1498/2775/2493 1499/2776/2494 1497/2774/2492
f 1497/2774/2492 1499/2776/2494 1436/2772/2373
f 1499/2776/2494 1464/2777/2495 1436/2772/2373
f 1436/2772/2373 1464/2777/2495 1463/2778/2496
f 1436/2772/2373 1463/2778/2496 1462/2779/2497
f 1462/2779/2497 1437/2780/2371 1436/2772/2373
f 1275/2781/2138 1503/2782/2498 1276/2783/2140
f 1276/2783/2140 1503/2782/2498 1508/2784/2499
f 1276/2783/2140 1508/2784/2499 1305/2785/2500
f 1305/2785/2500 1508/2784/2499 1514/2786/2501
f 1305/2785/2500 1514/2786/2501 1306/2787/2502
f 1306/2787/2502 1514/2786/2501 1517/2788/2503
f 1306/2787/2502 1517/2788/2503 1307/2789/2504
f 1307/2789/2504 1517/2788/2503 1304/2790/2175
f 1304/2790/2175 1517/2788/2503 1381/2791/2312
f 1381/2791/2312 1517/2788/2503 1516/2792/2505
f 1381/2791/2312 1516/2792/2505 1382/2793/2314
f 1382/2793/2314 1516/2792/2505 1515/2794/2506
f 1382/2793/2314 1515/2794/2506 1394/2795/2507
f 1394/2795/2507 1515/2794/2506 1395/2796/2508
f 1395/2796/2508 1515/2794/2506 1512/2797/2509
f 1395/2796/2508 1512/2797/2509 1396/2798/2510
f 1396/2798/2510 1512/2797/2509 1506/2799/2511
f 1396/2798/2510 1506/2799/2511 1397/2800/2390
f 1397/2800/2390 1506/2799/2511 1505/2801/2512
f 1397/2800/2390 1505/2801/2512 1455/2802/2391
f 1455/2802/2391 1505/2801/2512 1511/2803/2513
f 1455/2802/2391 1511/2803/2513 1456/2804/2406
f 1456/2804/2406 1511/2803/2513 1500/2805/2514
f 1456/2804/2406 1500/2805/2514 1436/2806/2409
f 1503/2782/2498 1275/2781/2138 1509/2807/2515
f 1509/2807/2515 1275/2781/2138 1274/2808/2151
f 1509/2807/2515 1274/2808/2151 1502/2809/2516
f 1502/2809/2516 1274/2808/2151 1273/2810/2152
f 1502/2809/2516 1501/2811/2517 1509/2807/2515
f 1509/2807/2515 1501/2811/2517 1510/2812/2518
f 1509/2807/2515 1510/2812/2518 1503/2782/2498
f 1503/2782/2498 1510/2812/2518 1504/2813/2519
f 1503/2782/2498 1504/2813/2519 1508/2784/2499
f 1508/2784/2499 1504/2813/2519 1507/2814/2520
f 1508/2784/2499 1507/2814/2520 1514/2786/2501
f 1514/2786/2501 1507/2814/2520 1513/2815/2521
f 1514/2786/2501 1513/2815/2521 1517/2788/2503
f 1517/2788/2503 1513/2815/2521 1516/2792/2505
f 1501/2811/2517 1500/2805/2514 1510/2812/2518
f 1510/2812/2518 1500/2805/2514 1511/2803/2513
f 1510/2812/2518 1511/2803/2513 1504/2813/2519
f 1504/2813/2519 1511/2803/2513 1505/2801/2512
f 1504/2813/2519 1505/2801/2512 1507/2814/2520
f 1507/2814/2520 1505/2801/2512 1506/2799/2511
f 1507/2814/2520 1506/2799/2511 1513/2815/2521
f 1513/2815/2521 1506/2799/2511 1512/2797/2509
f 1513/2815/2521 1512/2797/2509 1516/2792/2505
f 1516/2792/2505 1512/2797/2509 1515/2794/2506
f 1394/2795/2507 1383/2816/2317 1382/2793/2314
f 1538/2817/2522 1518/2818/2523 1544/2819/2524
f 1544/2819/2524 1518/2818/2523 1519/2820/2525
f 1544/2819/2524 1519/2820/2525 1520/2821/2526
f 1520/2821/2526 1521/2822/2527 1544/2819/2524
f 1544/2819/2524 1521/2822/2527 1543/2823/2528
f 1544/2819/2524 1543/2823/2528 1550/2824/2529
f 1550/2824/2529 1543/2823/2528 1549/2825/2530
f 1550/2824/2529 1549/2825/2530 1535/2826/2531
f 1535/2826/2531 1549/2825/2530 1534/2827/2532
f 1534/2827/2532 1549/2825/2530 1533/2828/2533
f 1533/2828/2533 1549/2825/2530 1548/2829/2534
f 1533/2828/2533 1548/2829/2534 1532/2830/2535
f 1532/2830/2535 1548/2829/2534 1547/2831/2536
f 1532/2830/2535 1547/2831/2536 1531/2832/2537
f 1531/2832/2537 1547/2831/2536 1546/2833/2538
f 1531/2832/2537 1546/2833/2538 1530/2834/2539
f 1530/2834/2539 1546/2833/2538 1545/2835/2540
f 1530/2834/2539 1545/2835/2540 1529/2836/2541
f 1529/2836/2541 1545/2835/2540 1528/2837/2542
f 1528/2837/2542 1545/2835/2540 1348/2838/2266
f 1528/2837/2542 1348/2838/2266 1527/2839/2543
f 1527/2839/2543 1348/2838/2266 1347/2840/2267
f 1521/2822/2527 1522/2841/2544 1543/2823/2528
f 1543/2823/2528 1522/2841/2544 1542/2842/2545
f 1543/2823/2528 1542/2842/2545 1549/2825/2530
f 1549/2825/2530 1542/2842/2545 1548/2829/2534
f 1522/2841/2544 1523/2843/2546 1542/2842/2545
f 1542/2842/2545 1523/2843/2546 1541/2844/2547
f 1542/2842/2545 1541/2844/2547 1548/2829/2534
f 1548/2829/2534 1541/2844/2547 1547/2831/2536
f 1523/2843/2546 1524/2845/2548 1541/2844/2547
f 1541/2844/2547 1524/2845/2548 1540/2846/2549
f 1541/2844/2547 1540/2846/2549 1547/2831/2536
f 1547/2831/2536 1540/2846/2549 1546/2833/2538
f 1524/2845/2548 1525/2847/2550 1540/2846/2549
f 1540/2846/2549 1525/2847/2550 1539/2848/2551
f 1540/2846/2549 1539/2848/2551 1546/2833/2538
f 1546/2833/2538 1539/2848/2551 1545/2835/2540
f 1525/2847/2550 1526/2849/2552 1539/2848/2551
f 1539/2848/2551 1526/2849/2552 1349/2850/2265
f 1539/2848/2551 1349/2850/2265 1545/2835/2540
f 1545/2835/2540 1349/2850/2265 1348/2838/2266
f 1526/2849/2552 1350/2851/2274 1349/2850/2265
f 1536/2852/2553 1537/2853/2554 1535/2826/2531
f 1535/2826/2531 1537/2853/2554 1550/2824/2529
f 1537/2853/2554 1538/2817/2522 1550/2824/2529
f 1550/2824/2529 1538/2817/2522 1544/2819/2524
f 1561/2854/2555 1518/2855/2556 1562/2856/2557
f 1562/2856/2557 1518/2855/2556 1538/2857/2558
f 1562/2856/2557 1538/2857/2558 1565/2858/2559
f 1565/2858/2559 1538/2857/2558 1537/2859/2560
f 1565/2858/2559 1537/2859/2560 1551/2860/2561
f 1551/2860/2561 1537/2859/2560 1536/2861/2562
f 1565/2858/2559 1551/2860/2561 1566/2862/2563
f 1566/2862/2563 1551/2860/2561 1552/2863/2564
f 1566/2862/2563 1552/2863/2564 1553/2864/2565
f 1554/2865/2566 1555/2866/2567 1553/2864/2565
f 1553/2864/2565 1555/2866/2567 1567/2867/2568
f 1553/2864/2565 1567/2867/2568 1566/2862/2563
f 1566/2862/2563 1567/2867/2568 1563/2868/2569
f 1566/2862/2563 1563/2868/2569 1562/2856/2557
f 1562/2856/2557 1563/2868/2569 261/2869/466
f 1562/2856/2557 261/2869/466 1561/2854/2555
f 1561/2854/2555 261/2869/466 1560/2870/2570
f 1560/2870/2570 261/2869/466 260/2871/467
f 1555/2866/2567 1556/2872/2571 1567/2867/2568
f 1567/2867/2568 1556/2872/2571 1564/2873/2572
f 1567/2867/2568 1564/2873/2572 1563/2868/2569
f 1563/2868/2569 1564/2873/2572 262/2874/468
f 1563/2868/2569 262/2874/468 261/2869/466
f 1556/2872/2571 1557/2875/2573 1564/2873/2572
f 1564/2873/2572 1557/2875/2573 1558/2876/2574
f 1564/2873/2572 1558/2876/2574 263/2877/472
f 263/2877/472 1558/2876/2574 1559/2878/2575
f 263/2877/472 1559/2878/2575 264/2879/477
f 263/2877/472 262/2874/468 1564/2873/2572
f 1565/2858/2559 1566/2862/2563 1562/2856/2557
f 1535/2880/2576 1574/2881/2577 1536/2882/2578
f 1536/2882/2578 1574/2881/2577 1575/2883/2579
f 1536/2882/2578 1575/2883/2579 1576/2884/2580
f 1568/2885/2581 1569/2886/2582 1535/2880/2576
f 1535/2880/2576 1569/2886/2582 1570/2887/2583
f 1535/2880/2576 1570/2887/2583 1571/2888/2584
f 1571/2888/2584 1572/2889/2585 1535/2880/2576
f 1535/2880/2576 1572/2889/2585 1573/2890/2586
f 1535/2880/2576 1573/2890/2586 1574/2881/2577
f 1536/2882/2578 1576/2884/2580 1551/2891/2587
f 1551/2891/2587 1576/2884/2580 1577/2892/2588
f 1551/2891/2587 1577/2892/2588 1552/2893/2589
f 1552/2893/2589 1577/2892/2588 1553/2894/2590
f 1553/2894/2590 1577/2892/2588 1578/2895/2591
f 1553/2894/2590 1578/2895/2591 1554/2896/2592
f 1554/2896/2592 1578/2895/2591 1579/2897/2593
f 1554/2896/2592 1579/2897/2593 1583/2898/2594
f 1583/2898/2594 1579/2897/2593 1580/2899/2595
f 1583/2898/2594 1580/2899/2595 1581/2900/2596
f 1581/2900/2596 1582/2901/2597 1583/2898/2594
f 1534/2902/2598 1591/2903/2599 1535/2904/2600
f 1535/2904/2600 1591/2903/2599 1590/2905/2601
f 1535/2904/2600 1590/2905/2601 1568/2906/2602
f 1568/2906/2602 1590/2905/2601 1569/2907/2603
f 1569/2907/2603 1590/2905/2601 1570/2908/2604
f 1570/2908/2604 1590/2905/2601 1571/2909/2605
f 1571/2909/2605 1590/2905/2601 1572/2910/2606
f 1572/2910/2606 1590/2905/2601 1573/2911/2607
f 1573/2911/2607 1590/2905/2601 1574/2912/2608
f 1574/2912/2608 1590/2905/2601 1575/2913/2609
f 1534/2902/2598 1533/2914/2610 1591/2903/2599
f 1591/2903/2599 1533/2914/2610 1592/2915/2611
f 1591/2903/2599 1592/2915/2611 1587/2916/2612
f 1587/2916/2612 1592/2915/2611 1593/2917/2613
f 1587/2916/2612 1593/2917/2613 1586/2918/2614
f 1586/2918/2614 1593/2917/2613 1594/2919/2615
f 1586/2918/2614 1594/2919/2615 1585/2920/2616
f 1585/2920/2616 1594/2919/2615 1595/2921/2617
f 1585/2920/2616 1595/2921/2617 1584/2922/2618
f 1584/2922/2618 1595/2921/2617 1346/2923/2269
f 1584/2922/2618 1346/2923/2269 1345/2924/2271
f 1533/2914/2610 1532/2925/2619 1592/2915/2611
f 1592/2915/2611 1532/2925/2619 1593/2917/2613
f 1532/2925/2619 1531/2926/2620 1593/2917/2613
f 1593/2917/2613 1531/2926/2620 1530/2927/2621
f 1593/2917/2613 1530/2927/2621 1594/2919/2615
f 1594/2919/2615 1530/2927/2621 1529/2928/2622
f 1594/2919/2615 1529/2928/2622 1595/2921/2617
f 1595/2921/2617 1529/2928/2622 1528/2929/2623
f 1595/2921/2617 1528/2929/2623 1346/2923/2269
f 1346/2923/2269 1528/2929/2623 1527/2930/2624
f 1346/2923/2269 1527/2930/2624 1347/2931/2267
f 1587/2916/2612 1588/2932/2625 1591/2903/2599
f 1591/2903/2599 1588/2932/2625 1590/2905/2601
f 1588/2932/2625 1589/2933/2626 1590/2905/2601
f 1345/2934/2271 1344/2935/2273 1584/2936/2627
f 1584/2936/2627 1344/2935/2273 1378/2937/2628
f 1584/2936/2627 1378/2937/2628 1585/2938/2629
f 1585/2938/2629 1378/2937/2628 1377/2939/2630
f 1585/2938/2629 1377/2939/2630 1586/2940/2631
f 1586/2940/2631 1377/2939/2630 1376/2941/2632
f 1586/2940/2631 1376/2941/2632 1587/2942/2633
f 1587/2942/2633 1376/2941/2632 1375/2943/2634
f 1587/2942/2633 1375/2943/2634 1588/2944/2635
f 1588/2944/2635 1375/2943/2634 1374/2945/2636
f 1588/2944/2635 1374/2945/2636 1589/2946/2637
f 1589/2946/2637 1374/2945/2636 1373/2947/2638
f 1589/2946/2637 1373/2947/2638 1596/2948/2639
f 1596/2949/2639 1373/2950/2638 1599/2951/2640
f 1599/2951/2640 1373/2950/2638 1372/2952/2641
f 1599/2951/2640 1372/2952/2641 1598/2953/2642
f 1598/2953/2642 1372/2952/2641 1371/2954/2643
f 1598/2953/2642 1371/2954/2643 1370/2955/2644
f 1370/2955/2644 1597/2956/2645 1598/2953/2642
f 1339/2957/2254 1600/2958/2646 1340/2959/2247
f 1340/2959/2247 1600/2958/2646 1609/2960/2647
f 1340/2959/2247 1609/2960/2647 1341/2961/2249
f 1341/2961/2249 1609/2960/2647 586/2962/1022
f 1341/2961/2249 586/2962/1022 585/2963/1020
f 1600/2958/2646 1601/2964/2648 1609/2960/2647
f 1609/2960/2647 1601/2964/2648 1608/2965/2649
f 1609/2960/2647 1608/2965/2649 586/2962/1022
f 586/2962/1022 1608/2965/2649 587/2966/1024
f 587/2966/1024 1608/2965/2649 1607/2967/2650
f 587/2966/1024 1607/2967/2650 588/2968/1026
f 588/2968/1026 1607/2967/2650 1606/2969/2651
f 588/2968/1026 1606/2969/2651 589/2970/1028
f 589/2970/1028 1606/2969/2651 1605/2971/2652
f 589/2970/1028 1605/2971/2652 590/2972/1030
f 590/2972/1030 1605/2971/2652 258/2973/463
f 590/2972/1030 258/2973/463 114/2974/91
f 1601/2964/2648 1602/2975/2653 1608/2965/2649
f 1608/2965/2649 1602/2975/2653 1607/2967/2650
f 1602/2975/2653 1603/2976/2654 1607/2967/2650
f 1607/2967/2650 1603/2976/2654 1606/2969/2651
f 1603/2976/2654 1604/2977/2655 1606/2969/2651
f 1606/2969/2651 1604/2977/2655 1605/2971/2652
f 260/2978/467 259/2979/465 1604/2977/2655
f 1604/2977/2655 259/2979/465 1605/2971/2652
f 259/2979/465 258/2973/463 1605/2971/2652
f 1336/2980/2251 1350/2981/2656 1337/2982/2252
f 1337/2982/2252 1350/2981/2656 1526/2983/2657
f 1337/2982/2252 1526/2983/2657 1338/2984/2253
f 1338/2984/2253 1526/2983/2657 1600/2985/2646
f 1338/2984/2253 1600/2985/2646 1339/2986/2254
f 1526/2983/2657 1525/2987/2658 1600/2985/2646
f 1600/2985/2646 1525/2987/2658 1601/2988/2648
f 1601/2988/2648 1525/2987/2658 1524/2989/2659
f 1601/2988/2648 1524/2989/2659 1523/2990/2660
f 1601/2988/2648 1523/2990/2660 1602/2991/2653
f 1602/2991/2653 1523/2990/2660 1522/2992/2661
f 1602/2991/2653 1522/2992/2661 1521/2993/2662
f 1602/2991/2653 1521/2993/2662 1603/2994/2654
f 1603/2994/2654 1521/2993/2662 1520/2995/2663
f 1603/2994/2654 1520/2995/2663 1604/2996/2655
f 1604/2996/2655 1520/2995/2663 1560/2997/2570
f 1604/2996/2655 1560/2997/2570 260/2998/467
f 1560/2997/2570 1520/2995/2663 1561/2999/2555
f 1561/2999/2555 1520/2995/2663 1519/3000/2664
f 1561/2999/2555 1519/3000/2664 1518/3001/2556
f 1610/3002/2665 1611/3003/2666 1627/3004/2667
f 1627/3004/2667 1611/3003/2666 1628/3005/2668
f 1627/3004/2667 1628/3005/2668 1626/3006/2669
f 1626/3006/2669 1628/3005/2668 1629/3007/2670
f 1626/3006/2669 1629/3007/2670 1625/3008/2671
f 1625/3008/2671 1629/3007/2670 1630/3009/2672
f 1625/3008/2671 1630/3009/2672 1624/3010/2673
f 1624/3010/2673 1630/3009/2672 1631/3011/2674
f 1624/3010/2673 1631/3011/2674 1632/3012/2675
f 1632/3012/2675 1631/3011/2674 1619/3013/2676
f 1632/3012/2675 1619/3013/2676 1620/3014/2677
f 1612/3015/2678 1613/3016/2679 1611/3003/2666
f 1611/3003/2666 1613/3016/2679 1614/3017/2680
f 1611/3003/2666 1614/3017/2680 1628/3005/2668
f 1628/3005/2668 1614/3017/2680 1615/3018/2681
f 1628/3005/2668 1615/3018/2681 1629/3007/2670
f 1629/3007/2670 1615/3018/2681 1616/3019/2682
f 1629/3007/2670 1616/3019/2682 1630/3009/2672
f 1630/3009/2672 1616/3019/2682 1617/3020/2683
f 1630/3009/2672 1617/3020/2683 1618/3021/2684
f 1630/3009/2672 1618/3021/2684 1631/3011/2674
f 1631/3011/2674 1618/3021/2684 1619/3013/2676
f 1620/3014/2677 1582/3022/2685 1632/3012/2675
f 1632/3012/2675 1582/3022/2685 1621/3023/2686
f 1632/3012/2675 1621/3023/2686 1623/3024/2687
f 1623/3024/2687 1621/3023/2686 1622/3025/2688
f 1582/3022/2685 1581/3026/2689 1621/3023/2686
f 1621/3023/2686 1581/3026/2689 1580/3027/2690
f 1621/3023/2686 1580/3027/2690 1579/3028/2691
f 1623/3024/2687 1624/3010/2673 1632/3012/2675
f 1597/3029/2645 1370/3030/2644 1622/3031/2692
f 1622/3031/2692 1370/3030/2644 1369/3032/2693
f 1622/3031/2692 1369/3032/2693 1623/3033/2694
f 1623/3033/2694 1369/3032/2693 1368/3034/2695
f 1623/3033/2694 1368/3034/2695 1624/3035/2696
f 1624/3035/2696 1368/3034/2695 1367/3036/2697
f 1624/3035/2696 1367/3036/2697 1625/3037/2698
f 1625/3037/2698 1367/3036/2697 1366/3038/2699
f 1625/3037/2698 1366/3038/2699 1626/3039/2700
f 1626/3039/2700 1366/3038/2699 1365/3040/2701
f 1626/3039/2700 1365/3040/2701 1627/3041/2702
f 1627/3041/2702 1365/3040/2701 1364/3042/2703
f 1627/3041/2702 1364/3042/2703 1610/3043/2665
f 1575/3044/2609 1590/3045/2601 1576/3046/2704
f 1576/3046/2704 1590/3045/2601 1633/3047/2705
f 1576/3046/2704 1633/3047/2705 1577/3048/2706
f 1577/3048/2706 1633/3047/2705 1634/3049/2707
f 1577/3048/2706 1634/3049/2707 1578/3050/2708
f 1578/3050/2708 1634/3049/2707 1635/3051/2709
f 1578/3050/2708 1635/3051/2709 1621/3052/2686
f 1621/3052/2686 1635/3051/2709 1597/3053/2710
f 1621/3052/2686 1597/3053/2710 1622/3054/2688
f 1589/3055/2626 1596/3056/2711 1590/3045/2601
f 1590/3045/2601 1596/3056/2711 1633/3047/2705
f 1596/3056/2711 1599/3057/2712 1633/3047/2705
f 1633/3047/2705 1599/3057/2712 1634/3049/2707
f 1599/3057/2712 1598/3058/2713 1634/3049/2707
f 1634/3049/2707 1598/3058/2713 1635/3051/2709
f 1598/3058/2713 1597/3053/2710 1635/3051/2709
f 1621/3052/2686 1579/3059/2691 1578/3050/2708
f 431/3060/1083 430/3061/2714 601/3062/1075
f 601/3062/1075 430/3061/2714 1640/3063/2715
f 1640/3063/2715 430/3061/2714 1641/3064/2716
f 1640/3063/2715 1641/3064/2716 1639/3065/2717
f 1639/3065/2717 1641/3064/2716 1642/3066/2718
f 1639/3065/2717 1642/3066/2718 1638/3067/2719
f 1638/3067/2719 1642/3066/2718 1643/3068/2720
f 1638/3067/2719 1643/3068/2720 1637/3069/2721
f 1637/3069/2721 1643/3068/2720 1644/3070/2722
f 1637/3069/2721 1644/3070/2722 1636/3071/2723
f 1636/3071/2723 1644/3070/2722 1645/3072/2724
f 1636/3071/2723 1645/3072/2724 100/3073/167
f 100/3073/167 1645/3072/2724 101/3074/159
f 101/3074/159 1645/3072/2724 102/3075/157
f 102/3075/157 1645/3072/2724 1478/3076/2725
f 1478/3076/2725 1645/3072/2724 1644/3070/2722
f 1478/3076/2725 1644/3070/2722 1479/3077/2726
f 1479/3077/2726 1644/3070/2722 1480/3078/2727
f 1480/3078/2727 1644/3070/2722 1643/3068/2720
f 1480/3078/2727 1643/3068/2720 1481/3079/2728
f 1481/3079/2728 1643/3068/2720 1482/3080/2729
f 1482/3080/2729 1643/3068/2720 1642/3066/2718
f 1482/3080/2729 1642/3066/2718 596/3081/2730
f 596/3081/2730 1642/3066/2718 1641/3064/2716
f 596/3081/2730 1641/3064/2716 597/3082/2731
f 597/3082/2731 1641/3064/2716 598/3083/2732
f 598/3083/2732 1641/3064/2716 599/3084/2733
f 599/3084/2733 1641/3064/2716 430/3061/2714
f 599/3084/2733 430/3061/2714 600/3085/1049
f 600/3085/1049 430/3061/2714 429/3086/1047
f 264/3087/477 1646/3088/2734 265/3089/478
f 265/3089/478 1646/3088/2734 1655/3090/2735
f 265/3089/478 1655/3090/2735 266/3091/479
f 266/3091/479 1655/3090/2735 1636/3092/2723
f 266/3091/479 1636/3092/2723 100/3093/167
f 1646/3088/2734 1647/3094/2736 1655/3090/2735
f 1655/3090/2735 1647/3094/2736 1654/3095/2737
f 1655/3090/2735 1654/3095/2737 1636/3092/2723
f 1636/3092/2723 1654/3095/2737 1637/3096/2721
f 1637/3096/2721 1654/3095/2737 1653/3097/2738
f 1637/3096/2721 1653/3097/2738 1638/3098/2719
f 1638/3098/2719 1653/3097/2738 1652/3099/2739
f 1638/3098/2719 1652/3099/2739 1639/3100/2717
f 1639/3100/2717 1652/3099/2739 1651/3101/2740
f 1639/3100/2717 1651/3101/2740 1640/3102/2715
f 1640/3102/2715 1651/3101/2740 602/3103/1074
f 1640/3102/2715 602/3103/1074 601/3104/1075
f 1647/3094/2736 1648/3105/2741 1654/3095/2737
f 1654/3095/2737 1648/3105/2741 1653/3097/2738
f 1648/3105/2741 1649/3106/2742 1653/3097/2738
f 1653/3097/2738 1649/3106/2742 1652/3099/2739
f 1649/3106/2742 1650/3107/2743 1652/3099/2739
f 1652/3099/2739 1650/3107/2743 1651/3101/2740
f 604/3108/1072 603/3109/1071 1650/3107/2743
f 1650/3107/2743 603/3109/1071 1651/3101/2740
f 603/3109/1071 602/3103/1074 1651/3101/2740
f 607/3110/1088 606/3111/1087 1664/3112/2744
f 1664/3112/2744 606/3111/1087 1663/3113/2745
f 1663/3113/2745 606/3111/1087 605/3114/1084
f 1663/3113/2745 605/3114/1084 1650/3115/2743
f 1650/3115/2743 605/3114/1084 604/3116/1072
f 1663/3113/2745 1650/3115/2743 1662/3117/2746
f 1662/3117/2746 1650/3115/2743 1649/3118/2742
f 1662/3117/2746 1649/3118/2742 1661/3119/2747
f 1661/3119/2747 1649/3118/2742 1648/3120/2741
f 1661/3119/2747 1648/3120/2741 1660/3121/2748
f 1660/3121/2748 1648/3120/2741 1659/3122/2749
f 1659/3122/2749 1648/3120/2741 1647/3123/2736
f 1659/3122/2749 1647/3123/2736 1658/3124/2750
f 1658/3124/2750 1647/3123/2736 1646/3125/2734
f 1658/3124/2750 1646/3125/2734 1657/3126/2751
f 1657/3126/2751 1646/3125/2734 1559/3127/2575
f 1657/3126/2751 1559/3127/2575 1558/3128/2574
f 1646/3125/2734 264/3129/477 1559/3127/2575
f 1557/3130/2573 1656/3131/2752 1558/3128/2574
f 1558/3128/2574 1656/3131/2752 1657/3126/2751
f 1620/3132/2753 1672/3133/2754 1582/3134/2755
f 1582/3134/2755 1672/3133/2754 1555/3135/2756
f 1582/3134/2755 1555/3135/2756 1583/3136/2757
f 1583/3136/2757 1555/3135/2756 1554/3137/2758
f 1672/3133/2754 1620/3132/2753 1671/3138/2759
f 1671/3138/2759 1620/3132/2753 1619/3139/2760
f 1671/3138/2759 1619/3139/2760 1618/3140/2761
f 1671/3138/2759 1618/3140/2761 1670/3141/2762
f 1670/3141/2762 1618/3140/2761 1617/3142/2763
f 1670/3141/2762 1617/3142/2763 1669/3143/2764
f 1669/3143/2764 1617/3142/2763 1616/3144/2765
f 1669/3143/2764 1616/3144/2765 1668/3145/2766
f 1668/3145/2766 1616/3144/2765 1615/3146/2767
f 1668/3145/2766 1615/3146/2767 1667/3147/2768
f 1667/3147/2768 1615/3146/2767 1614/3148/2769
f 1667/3147/2768 1614/3148/2769 1665/3149/2770
f 1665/3149/2770 1614/3148/2769 1613/3150/2771
f 1665/3149/2770 1613/3150/2771 1612/3151/2678
f 1667/3147/2768 1665/3149/2770 1673/3152/2772
f 1673/3152/2772 1665/3149/2770 1666/3153/2773
f 1673/3152/2772 1666/3153/2773 1663/3154/2774
f 1663/3154/2774 1666/3153/2773 1664/3155/2775
f 1663/3154/2774 1662/3156/2776 1673/3152/2772
f 1673/3152/2772 1662/3156/2776 1674/3157/2777
f 1673/3152/2772 1674/3157/2777 1667/3147/2768
f 1667/3147/2768 1674/3157/2777 1668/3145/2766
f 1662/3156/2776 1661/3158/2778 1674/3157/2777
f 1674/3157/2777 1661/3158/2778 1660/3159/2779
f 1674/3157/2777 1660/3159/2779 1675/3160/2780
f 1675/3160/2780 1660/3159/2779 1659/3161/2781
f 1675/3160/2780 1659/3161/2781 1676/3162/2782
f 1676/3162/2782 1659/3161/2781 1658/3163/2783
f 1676/3162/2782 1658/3163/2783 1677/3164/2784
f 1677/3164/2784 1658/3163/2783 1657/3165/2785
f 1677/3164/2784 1657/3165/2785 1678/3166/2786
f 1678/3166/2786 1657/3165/2785 1656/3167/2787
f 1678/3166/2786 1656/3167/2787 1557/3168/2788
f 1557/3168/2788 1556/3169/2789 1678/3166/2786
f 1678/3166/2786 1556/3169/2789 1555/3135/2756
f 1678/3166/2786 1555/3135/2756 1672/3133/2754
f 1674/3157/2777 1675/3160/2780 1668/3145/2766
f 1668/3145/2766 1675/3160/2780 1669/3143/2764
f 1675/3160/2780 1676/3162/2782 1669/3143/2764
f 1669/3143/2764 1676/3162/2782 1670/3141/2762
f 1678/3166/2786 1672/3133/2754 1671/3138/2759
f 1676/3162/2782 1677/3164/2784 1670/3141/2762
f 1670/3141/2762 1677/3164/2784 1671/3138/2759
f 1677/3164/2784 1678/3166/2786 1671/3138/2759
f 354/3170/2790 613/3171/2791 355/3172/2440
f 355/3172/2440 613/3171/2791 1446/3173/2792
f 355/3172/2440 1446/3173/2792 1445/3174/2441
f 1384/3175/2318 609/3176/2793 1385/3177/2319
f 1385/3177/2319 609/3176/2793 608/3178/2794
f 1385/3177/2319 608/3178/2794 1679/3179/2795
f 1679/3179/2795 608/3178/2794 1666/3180/2773
f 1679/3179/2795 1666/3180/2773 1665/3181/2770
f 608/3178/2794 607/3182/2796 1666/3180/2773
f 1666/3180/2773 607/3182/2796 1664/3183/2775
f 1665/3181/2770 1612/3184/2678 1679/3179/2795
f 1679/3179/2795 1612/3184/2678 1680/3185/2797
f 1679/3179/2795 1680/3185/2797 1386/3186/2337
f 1386/3186/2337 1680/3185/2797 1387/3187/2345
f 1387/3187/2345 1680/3185/2797 1681/3188/2798
f 1387/3187/2345 1681/3188/2798 1388/3189/2348
f 1388/3189/2348 1681/3188/2798 1363/3190/2799
f 1388/3189/2348 1363/3190/2799 1362/3191/2416
f 1612/3184/2678 1611/3192/2666 1680/3185/2797
f 1680/3185/2797 1611/3192/2666 1681/3188/2798
f 1611/3192/2666 1610/3193/2665 1681/3188/2798
f 1681/3188/2798 1610/3193/2665 1363/3190/2799
f 1610/3193/2665 1364/3194/2703 1363/3190/2799
f 1386/3186/2337 1385/3177/2319 1679/3179/2795
f 1683/3195/2800 1692/3196/2801 1682/3197/2802
f 1682/3197/2802 1692/3196/2801 1694/3198/2803
f 1682/3197/2802 1694/3198/2803 1690/3199/2804
f 1690/3199/2804 1694/3198/2803 1689/3200/2805
f 1689/3200/2805 1694/3198/2803 1695/3201/2806
f 1689/3200/2805 1695/3201/2806 1696/3202/2807
f 1696/3202/2807 1695/3201/2806 1705/3203/2808
f 1696/3202/2807 1705/3203/2808 1688/3204/2809
f 1688/3204/2809 1705/3203/2808 1697/3205/2810
f 1688/3204/2809 1697/3205/2810 1712/3206/2811
f 1712/3206/2811 1697/3205/2810 1687/3207/2812
f 1712/3206/2811 1687/3207/2812 1688/3204/2809
f 1473/3208/2813 1691/3209/2814 1683/3195/2800
f 1683/3195/2800 1691/3209/2814 1698/3210/2815
f 1683/3195/2800 1698/3210/2815 1692/3196/2801
f 1692/3196/2801 1698/3210/2815 1699/3211/2816
f 1692/3196/2801 1699/3211/2816 1706/3212/2817
f 1706/3212/2817 1699/3211/2816 1700/3213/2818
f 1706/3212/2817 1700/3213/2818 1705/3203/2808
f 1705/3203/2808 1700/3213/2818 1701/3214/2819
f 1705/3203/2808 1701/3214/2819 1697/3205/2810
f 1697/3205/2810 1701/3214/2819 1702/3215/2820
f 1697/3205/2810 1702/3215/2820 1704/3216/2821
f 1704/3216/2821 1702/3215/2820 1693/3217/2822
f 1704/3216/2821 1693/3217/2822 1703/3218/2823
f 1703/3218/2823 1693/3217/2822 1493/3219/2824
f 1703/3218/2823 1493/3219/2824 1686/3220/2825
f 1473/3208/2813 1684/3221/2826 1691/3209/2814
f 1691/3209/2814 1684/3221/2826 1711/3222/2827
f 1691/3209/2814 1711/3222/2827 1698/3210/2815
f 1698/3210/2815 1711/3222/2827 1699/3211/2816
f 1711/3222/2827 1684/3221/2826 1710/3223/2828
f 1710/3223/2828 1684/3221/2826 1685/3224/2829
f 1710/3223/2828 1685/3224/2829 1709/3225/2830
f 1709/3225/2830 1685/3224/2829 1708/3226/2831
f 1709/3225/2830 1708/3226/2831 1701/3214/2819
f 1701/3214/2819 1708/3226/2831 1702/3215/2820
f 1685/3224/2829 1494/3227/2832 1708/3226/2831
f 1708/3226/2831 1494/3227/2832 1707/3228/2833
f 1708/3226/2831 1707/3228/2833 1702/3215/2820
f 1702/3215/2820 1707/3228/2833 1693/3217/2822
f 1707/3228/2833 1494/3227/2832 1693/3217/2822
f 1693/3217/2822 1494/3227/2832 1493/3219/2824
f 1686/3220/2825 1687/3207/2812 1703/3218/2823
f 1703/3218/2823 1687/3207/2812 1704/3216/2821
f 1688/3204/2809 1689/3200/2805 1696/3202/2807
f 1692/3196/2801 1706/3212/2817 1694/3198/2803
f 1694/3198/2803 1706/3212/2817 1695/3201/2806
f 1706/3212/2817 1705/3203/2808 1695/3201/2806
f 1709/3225/2830 1701/3214/2819 1700/3213/2818
f 1711/3222/2827 1710/3223/2828 1699/3211/2816
f 1699/3211/2816 1710/3223/2828 1700/3213/2818
f 1710/3223/2828 1709/3225/2830 1700/3213/2818
f 1687/3207/2812 1697/3205/2810 1704/3216/2821
f 631/3229/2107 630/3230/2834 1256/3231/2106
f 1256/3231/2106 630/3230/2834 1716/3232/2835
f 1716/3232/2835 630/3230/2834 629/3233/2836
f 1716/3232/2835 629/3233/2836 628/3234/2837
f 1716/3232/2835 628/3234/2837 1715/3235/2838
f 1715/3235/2838 628/3234/2837 627/3236/2839
f 1715/3235/2838 627/3236/2839 626/3237/2840
f 1715/3235/2838 626/3237/2840 1714/3238/2841
f 1714/3238/2841 626/3237/2840 625/3239/2842
f 1714/3238/2841 625/3239/2842 1717/3240/2843
f 1717/3240/2843 625/3239/2842 1687/3241/2844
f 1717/3240/2843 1687/3241/2844 1686/3242/2845
f 625/3239/2842 624/3243/2846 1687/3241/2844
f 1687/3241/2844 624/3243/2846 1688/3244/2847
f 1688/3244/2847 624/3243/2846 623/3245/2848
f 1688/3244/2847 623/3245/2848 622/3246/2849
f 1688/3244/2847 622/3246/2849 1689/3247/2850
f 1689/3247/2850 622/3246/2849 621/3248/2851
f 1689/3247/2850 621/3248/2851 620/3249/2852
f 619/3250/2853 1690/3251/2854 620/3249/2852
f 620/3249/2852 1690/3251/2854 1689/3247/2850
f 1493/3252/2855 1492/3253/2856 1686/3242/2845
f 1686/3242/2845 1492/3253/2856 1717/3240/2843
f 1491/3254/2857 1713/3255/2858 1492/3253/2856
f 1492/3253/2856 1713/3255/2858 1717/3240/2843
f 1713/3255/2858 1714/3238/2841 1717/3240/2843
f 1490/3256/2859 1723/3257/2860 1491/3258/2861
f 1491/3258/2861 1723/3257/2860 1724/3259/2862
f 1491/3258/2861 1724/3259/2862 1713/3260/2863
f 1713/3260/2863 1724/3259/2862 1714/3261/2864
f 1714/3261/2864 1724/3259/2862 1725/3262/2865
f 1714/3261/2864 1725/3262/2865 1726/3263/2866
f 1726/3263/2866 1725/3262/2865 1735/3264/2867
f 1726/3263/2866 1735/3264/2867 1736/3265/2868
f 1736/3265/2868 1735/3264/2867 1730/3266/2869
f 1736/3265/2868 1730/3266/2869 1729/3267/2870
f 1729/3267/2870 1730/3266/2869 1719/3268/2871
f 1729/3267/2870 1719/3268/2871 1722/3269/2872
f 1722/3269/2872 1719/3268/2871 556/3270/2873
f 1722/3269/2872 556/3270/2873 1720/3271/2874
f 1723/3257/2860 1490/3256/2859 1733/3272/2875
f 1733/3272/2875 1490/3256/2859 1718/3273/2876
f 1733/3272/2875 1718/3273/2876 1732/3274/2877
f 1732/3274/2877 1718/3273/2876 1731/3275/2878
f 1732/3274/2877 1731/3275/2878 1734/3276/2879
f 1734/3276/2879 1731/3275/2878 1735/3264/2867
f 1734/3276/2879 1735/3264/2867 1725/3262/2865
f 1731/3275/2878 1718/3273/2876 1730/3266/2869
f 1730/3266/2869 1718/3273/2876 1719/3268/2871
f 1257/3277/2880 1721/3278/2881 1720/3271/2874
f 1720/3271/2874 1721/3278/2881 1738/3279/2882
f 1720/3271/2874 1738/3279/2882 1722/3269/2872
f 1722/3269/2872 1738/3279/2882 1737/3280/2883
f 1722/3269/2872 1737/3280/2883 1729/3267/2870
f 1729/3267/2870 1737/3280/2883 1736/3265/2868
f 1257/3277/2880 1256/3281/2884 1721/3278/2881
f 1721/3278/2881 1256/3281/2884 1716/3282/2885
f 1721/3278/2881 1716/3282/2885 1728/3283/2886
f 1728/3283/2886 1716/3282/2885 1727/3284/2887
f 1728/3283/2886 1727/3284/2887 1737/3280/2883
f 1737/3280/2883 1727/3284/2887 1736/3265/2868
f 1716/3282/2885 1715/3285/2888 1727/3284/2887
f 1727/3284/2887 1715/3285/2888 1726/3263/2866
f 1727/3284/2887 1726/3263/2866 1736/3265/2868
f 1715/3285/2888 1714/3261/2864 1726/3263/2866
f 1734/3276/2879 1725/3262/2865 1724/3259/2862
f 1738/3279/2882 1721/3278/2881 1728/3283/2886
f 1738/3279/2882 1728/3283/2886 1737/3280/2883
f 1735/3264/2867 1731/3275/2878 1730/3266/2869
f 1723/3257/2860 1733/3272/2875 1732/3274/2877
f 1723/3257/2860 1732/3274/2877 1734/3276/2879
f 1723/3257/2860 1734/3276/2879 1724/3259/2862
f 557/3286/2889 556/3287/999 1744/3288/2890
f 1744/3288/2890 556/3287/999 1719/3289/2891
f 1744/3288/2890 1719/3289/2891 1743/3290/2892
f 1743/3290/2892 1719/3289/2891 1718/3291/2893
f 1743/3290/2892 1718/3291/2893 1742/3292/2894
f 1742/3292/2894 1718/3291/2893 1490/3293/2895
f 1742/3292/2894 1490/3293/2895 1489/3294/2896
f 1742/3292/2894 1489/3294/2896 1745/3295/2897
f 1745/3295/2897 1489/3294/2896 1488/3296/2898
f 1745/3295/2897 1488/3296/2898 1747/3297/2899
f 1747/3297/2899 1488/3296/2898 1487/3298/2900
f 1747/3297/2899 1487/3298/2900 1750/3299/2901
f 1750/3299/2901 1487/3298/2900 1486/3300/2902
f 1750/3299/2901 1486/3300/2902 1739/3301/2903
f 1750/3299/2901 1739/3301/2903 1751/3302/2904
f 1751/3302/2904 1739/3301/2903 1740/3303/2905
f 1751/3302/2904 1740/3303/2905 1752/3304/2906
f 1752/3304/2906 1740/3303/2905 564/3305/979
f 1752/3304/2906 564/3305/979 563/3306/2907
f 563/3306/2907 562/3307/2908 1752/3304/2906
f 1752/3304/2906 562/3307/2908 561/3308/2909
f 1752/3304/2906 561/3308/2909 560/3309/2910
f 1752/3304/2906 560/3309/2910 1749/3310/2911
f 1749/3310/2911 560/3309/2910 559/3311/2912
f 1749/3310/2911 559/3311/2912 1741/3312/2913
f 1741/3312/2913 559/3311/2912 558/3313/2914
f 1741/3312/2913 558/3313/2914 557/3286/2889
f 1741/3312/2913 557/3286/2889 1744/3288/2890
f 1741/3312/2913 1744/3288/2890 1743/3290/2892
f 1743/3290/2892 1742/3292/2894 1746/3314/2915
f 1746/3314/2915 1742/3292/2894 1745/3295/2897
f 1746/3314/2915 1745/3295/2897 1748/3315/2916
f 1748/3315/2916 1745/3295/2897 1747/3297/2899
f 1748/3315/2916 1747/3297/2899 1751/3302/2904
f 1751/3302/2904 1747/3297/2899 1750/3299/2901
f 1749/3310/2911 1741/3312/2913 1746/3314/2915
f 1746/3314/2915 1741/3312/2913 1743/3290/2892
f 1749/3310/2911 1746/3314/2915 1748/3315/2916
f 1752/3304/2906 1749/3310/2911 1748/3315/2916
f 1752/3304/2906 1748/3315/2916 1751/3302/2904
f 1495/3316/2917 1494/3317/2918 1757/3318/2919
f 1757/3318/2919 1494/3317/2918 1685/3319/2920
f 1757/3318/2919 1685/3319/2920 1684/3320/2921
f 1473/3321/2456 1755/3322/2922 1684/3320/2921
f 1684/3320/2921 1755/3322/2922 1756/3323/2923
f 1684/3320/2921 1756/3323/2923 1757/3318/2919
f 1757/3318/2919 1756/3323/2923 1760/3324/2924
f 1757/3318/2919 1760/3324/2924 1495/3316/2917
f 1495/3316/2917 1760/3324/2924 1496/3325/2925
f 1496/3325/2925 1760/3324/2924 1497/3326/2926
f 1497/3326/2926 1760/3324/2924 1763/3327/2927
f 1497/3326/2926 1763/3327/2927 1498/3328/2928
f 1498/3328/2928 1763/3327/2927 1754/3329/2929
f 1754/3329/2929 1763/3327/2927 1762/3330/2930
f 1754/3329/2929 1762/3330/2930 1753/3331/2931
f 1753/3331/2931 1762/3330/2930 1761/3332/2932
f 1753/3331/2931 1761/3332/2932 1466/3333/2933
f 1466/3333/2933 1761/3332/2932 1467/3334/2934
f 1467/3334/2934 1761/3332/2932 1468/3335/2935
f 1468/3335/2935 1761/3332/2932 1469/3336/2936
f 1469/3336/2936 1761/3332/2932 1470/3337/2937
f 1470/3337/2937 1761/3332/2932 1758/3338/2938
f 1470/3337/2937 1758/3338/2938 1471/3339/2939
f 1471/3339/2939 1758/3338/2938 1755/3322/2922
f 1471/3339/2939 1755/3322/2922 1472/3340/2940
f 1472/3340/2940 1755/3322/2922 1473/3321/2456
f 1466/3333/2933 1465/3341/2448 1753/3331/2931
f 1756/3323/2923 1755/3322/2922 1759/3342/2941
f 1759/3342/2941 1755/3322/2922 1758/3338/2938
f 1759/3342/2941 1758/3338/2938 1762/3330/2930
f 1762/3330/2930 1758/3338/2938 1761/3332/2932
f 1763/3327/2927 1760/3324/2924 1759/3342/2941
f 1759/3342/2941 1760/3324/2924 1756/3323/2923
f 1763/3327/2927 1759/3342/2941 1762/3330/2930
f 1486/3343/2902 1485/3344/2942 1739/3345/2943
f 1739/3345/2943 1485/3344/2942 1740/3346/2944
f 1740/3346/2944 1485/3344/2942 565/3347/2945
f 1740/3346/2944 565/3347/2945 564/3348/979
f 1465/3349/2448 1464/3350/2946 1753/3351/2947
f 1753/3351/2947 1464/3350/2946 1499/3352/2948
f 1753/3351/2947 1499/3352/2948 1754/3353/2949
f 1754/3353/2949 1499/3352/2948 1498/3354/2950
f 1473/3355/2456 1683/3356/2951 1474/3357/2455
f 1474/3357/2455 1683/3356/2951 1766/3358/2952
f 1474/3357/2455 1766/3358/2952 1765/3359/2953
f 1765/3359/2953 1766/3358/2952 1764/3360/2954
f 1764/3360/2954 1766/3358/2952 646/3361/2955
f 1764/3360/2954 646/3361/2955 1260/3362/2956
f 1683/3356/2951 1682/3363/2802 1766/3358/2952
f 1766/3358/2952 1682/3363/2802 646/3361/2955
f 1765/3359/2953 1475/3364/2457 1474/3357/2455
f 619/3365/2853 648/3366/2957 1690/3367/2854
f 1690/3367/2854 648/3366/2957 1682/3368/2958
f 1682/3368/2958 648/3366/2957 647/3369/2959
f 1682/3368/2958 647/3369/2959 646/3370/2108
f 634/3371/2960 1257/3372/2880 1769/3373/2961
f 1769/3373/2961 1257/3372/2880 1720/3374/2962
f 1769/3373/2961 1720/3374/2962 555/3375/996
f 555/3375/996 1720/3374/2962 556/3376/999
f 554/3377/998 1767/3378/2963 555/3375/996
f 555/3375/996 1767/3378/2963 1769/3373/2961
f 1767/3378/2963 1768/3379/2964 1769/3373/2961
f 1769/3373/2961 1768/3379/2964 634/3371/2960
f 1768/3379/2964 1258/3380/2965 634/3371/2960
f 1767/3381/2966 554/3382/2967 108/3383/2968
f 108/3383/2968 554/3382/2967 553/3384/2969
f 108/3383/2968 553/3384/2969 552/3385/2970
f 552/3385/2970 109/3386/2971 108/3383/2968
f 1767/3381/2966 108/3383/2968 1768/3387/2972
f 1768/3387/2972 108/3383/2968 107/3388/2973
f 1768/3387/2972 107/3388/2973 1258/3389/2974
f 1258/3389/2974 107/3388/2973 1259/3390/2975
f 1259/3390/2975 107/3388/2973 1260/3391/2976
f 1260/3391/2976 107/3388/2973 1764/3392/2977
f 1764/3392/2977 107/3388/2973 106/3393/2978
f 1764/3392/2977 106/3393/2978 1765/3394/2979
f 1765/3394/2979 106/3393/2978 1475/3395/2980
f 1475/3395/2980 106/3393/2978 1476/3396/2981
f 1476/3396/2981 106/3393/2978 1477/3397/2982
f 1477/3397/2982 106/3393/2978 105/3398/2983
# 1769 vertices
# 3398 texture params
# 2983 normals
# 3542 facets

# 2 groups
